Idx_Sample,Ref.,Mixture Code in Ref,SiO2,Al2O3,Fe2O3,CaO,MgO,Na2O,K2O,SO3,TiO2,P2O5,SrO,Mn2O3,MnO,LOI,"SAF, %",SiO2/Al2O3 ratio,FA (kg/m3),FA density (kg/m3),Coarse aggregate (kg/m3),Fine aggregate (kg in 1m3 mix),Total aggregates (kg in 1m3 mix),Binder-to-total-aggregates ratio,Fine-to-total-aggregate ratio,Coarse aggregate,Fine aggregate,NaOH specific gravity,Na2SiO3 specific gravity,Total Na2SiO3 (kg in 1m3 of mix),Na2O (l),SiO2 (l),H2O,Na2O (Dry),SiO2 (Dry),Water,Total NaOH (kg in 1m3 mix),Na2O solid,Concentration (M) NaOH,Water.1,NaOH (Dry),Solid-activator/binder ratio,Total-Na2SiO3/Total-NaOH ratio,Total-Na2O/binder ratio,MS (SiO2/Na2O),Additional water (kg in 1m3 mix),Superplasticizer (kg in 1m3 mix),Total water (kg in 1m3 mix),Water-to-binder ratio,Slump (mm),flowtable,Initial Setting Time,Final Setting Time,Initial curing time (day),Initial curing temp (C),Initial curing rest time (day),Final curing temp (C),Cube D,Cylinder D,Cylinder H,1-d,3-d,7-d,28-d,90-d,365-d,1-d .1,3-d .1,7-d .1,28-d .1,90-d .1,365-d .1,1-d .2,3-d .2,7-d .2,28-d .2,90-d .2,365-d .2,3-d .3,7-d__duplicate_1,28-d__duplicate_1,90-d__duplicate_1,365-d__duplicate_1,3-d .4,7-d.1,28-d.1,90-d.1,365-d.1,3-d Ec (MPa),7-d Ec (MPa),28-d Ec (MPa),90-d Ec (MPa),365-d Ec (MPa),28-d Porosity/AVPV (%),90-d Porosity/AVPV (%),365-d Porosity/AVPV (%)
1.0,[1],FA-I,53.36,26.49,10.86,1.34,0.77,0.37,0.8,1.7,1.47,1.43,0.0,0.0,0.0,1.39,90.71,2.014,476.0,,1294.0,554.0,1848.0,0.258,0.3,,,2.13,1.53,48.0,14.70%,29.40%,56%,7.06,14.11,26.83,120.0,29.76,8.0,81.6,38.4,0.107,0.4,0.077,0.383,0.0,0.0,108.4,0.23,,,,,1.0,60.0,0.0,24,,100.0,200.0,,,,,,,,,17.0,,,,,,17.0,,,,,,,,,,,,,,,,,,,,,
2.0,[1],FA-I,53.36,26.49,10.86,1.34,0.77,0.37,0.8,1.7,1.47,1.43,0.0,0.0,0.0,1.39,90.71,2.014,476.0,,1294.0,554.0,1848.0,0.258,0.3,,,2.13,1.53,120.0,14.70%,29.40%,56%,17.64,35.28,67.08,48.0,11.9,8.0,32.64,15.36,0.136,2.5,0.062,1.194,0.0,0.0,99.7,0.21,,,,,0.0,30.0,0.0,24,,100.0,200.0,,,,,,,,,8.0,,,,,,8.0,,,,,,,,,,,,,,,,,,,,,
3.0,[1],FA-I,53.36,26.49,10.86,1.34,0.77,0.37,0.8,1.7,1.47,1.43,0.0,0.0,0.0,1.39,90.71,2.014,476.0,,1294.0,554.0,1848.0,0.258,0.3,,,2.13,1.53,120.0,14.70%,29.40%,56%,17.64,35.28,67.08,48.0,11.9,8.0,32.64,15.36,0.136,2.5,0.062,1.194,0.0,0.0,99.7,0.21,,,,,0.0,60.0,0.0,24,,100.0,200.0,,,,,,,,,24.0,,,,,,23.0,,,,,,,,,,,,,,,,,,,,,
4.0,[1],FA-I,53.36,26.49,10.86,1.34,0.77,0.37,0.8,1.7,1.47,1.43,0.0,0.0,0.0,1.39,90.71,2.014,476.0,,1294.0,554.0,1848.0,0.258,0.3,,,2.13,1.53,120.0,14.70%,29.40%,56%,17.64,35.28,67.08,48.0,11.9,8.0,32.64,15.36,0.136,2.5,0.062,1.194,0.0,0.0,99.7,0.21,,,,,0.0,90.0,0.0,24,,100.0,200.0,,,,,,,,,37.0,,,,,,36.0,,,,,,,,,,,,,,,,,,,,,
5.0,[1],FA-I,53.36,26.49,10.86,1.34,0.77,0.37,0.8,1.7,1.47,1.43,0.0,0.0,0.0,1.39,90.71,2.014,476.0,,1294.0,554.0,1848.0,0.258,0.3,,,2.13,1.53,120.0,14.70%,29.40%,56%,17.64,35.28,67.08,48.0,11.9,8.0,32.64,15.36,0.136,2.5,0.062,1.194,0.0,0.0,99.7,0.21,,,,,1.0,30.0,0.0,24,,100.0,200.0,,,,,,,,,20.0,,,,,,19.0,,,,,,,,,,,,,,,,,,,,,
6.0,[1],FA-I,53.36,26.49,10.86,1.34,0.77,0.37,0.8,1.7,1.47,1.43,0.0,0.0,0.0,1.39,90.71,2.014,476.0,,1294.0,554.0,1848.0,0.258,0.3,,,2.13,1.53,120.0,14.70%,29.40%,56%,17.64,35.28,67.08,48.0,11.9,8.0,32.64,15.36,0.136,2.5,0.062,1.194,0.0,0.0,99.7,0.21,,,,,1.0,60.0,0.0,24,,100.0,200.0,,,,,,,,,57.0,,,,,,55.0,,,,,,,,,,,,,,,,,,,,,
7.0,[1],FA-I,53.36,26.49,10.86,1.34,0.77,0.37,0.8,1.7,1.47,1.43,0.0,0.0,0.0,1.39,90.71,2.014,476.0,,1294.0,554.0,1848.0,0.258,0.3,,,2.13,1.53,120.0,14.70%,29.40%,56%,17.64,35.28,67.08,48.0,11.9,8.0,32.64,15.36,0.136,2.5,0.062,1.194,0.0,0.0,99.7,0.21,,,,,1.0,90.0,0.0,24,,100.0,200.0,,,,,,,,,66.0,,,,,,64.0,,,,,,,,,,,,,,,,,,,,,
8.0,[1],FA-I,53.36,26.49,10.86,1.34,0.77,0.37,0.8,1.7,1.47,1.43,0.0,0.0,0.0,1.39,90.71,2.014,476.0,,1294.0,554.0,1848.0,0.258,0.3,,,2.13,1.53,48.0,14.70%,29.40%,56%,7.06,14.11,26.83,120.0,52.08,14.0,52.8,67.2,0.154,0.4,0.124,0.239,0.0,0.0,79.6,0.17,,,,,1.0,60.0,0.0,24,,100.0,200.0,,,,,,,,,48.0,,,,,,47.0,,,,,,,,,,,,,,,,,,,,,
9.0,[1],FA-I,53.36,26.49,10.86,1.34,0.77,0.37,0.8,1.7,1.47,1.43,0.0,0.0,0.0,1.39,90.71,2.014,476.0,,1294.0,554.0,1848.0,0.258,0.3,,,2.13,1.53,120.0,14.70%,29.40%,56%,17.64,35.28,67.08,48.0,20.83,14.0,21.12,26.88,0.155,2.5,0.081,0.917,0.0,0.0,88.2,0.19,,,,,2.0,30.0,0.0,24,,100.0,200.0,,,,,,,,,49.0,,,,,,48.0,,,,,,,,,,,,,,,,,,,,,
10.0,[1],FA-I,53.36,26.49,10.86,1.34,0.77,0.37,0.8,1.7,1.47,1.43,0.0,0.0,0.0,1.39,90.71,2.014,476.0,,1294.0,554.0,1848.0,0.258,0.3,,,2.13,1.53,120.0,14.70%,29.40%,56%,17.64,35.28,67.08,48.0,20.83,14.0,21.12,26.88,0.155,2.5,0.081,0.917,0.0,0.0,88.2,0.19,,,,,0.0,60.0,0.0,24,,100.0,200.0,,,,,,,,,25.0,,,,,,24.0,,,,,,,,,,,,,,,,,,,,,
11.0,[1],FA-I,53.36,26.49,10.86,1.34,0.77,0.37,0.8,1.7,1.47,1.43,0.0,0.0,0.0,1.39,90.71,2.014,476.0,,1294.0,554.0,1848.0,0.258,0.3,,,2.13,1.53,120.0,14.70%,29.40%,56%,17.64,35.28,67.08,48.0,20.83,14.0,21.12,26.88,0.155,2.5,0.081,0.917,0.0,0.0,88.2,0.19,,,,,0.0,90.0,0.0,24,,100.0,200.0,,,,,,,,,30.0,,,,,,29.0,,,,,,,,,,,,,,,,,,,,,
12.0,[1],FA-I,53.36,26.49,10.86,1.34,0.77,0.37,0.8,1.7,1.47,1.43,0.0,0.0,0.0,1.39,90.71,2.014,476.0,,1294.0,554.0,1848.0,0.258,0.3,,,2.13,1.53,120.0,14.70%,29.40%,56%,17.64,35.28,67.08,48.0,20.83,14.0,21.12,26.88,0.155,2.5,0.081,0.917,0.0,0.0,88.2,0.19,,,,,1.0,30.0,0.0,24,,100.0,200.0,,,,,,,,,29.0,,,,,,28.0,,,,,,,,,,,,,,,,,,,,,
13.0,[1],FA-I,53.36,26.49,10.86,1.34,0.77,0.37,0.8,1.7,1.47,1.43,0.0,0.0,0.0,1.39,90.71,2.014,476.0,,1294.0,554.0,1848.0,0.258,0.3,,,2.13,1.53,120.0,14.70%,29.40%,56%,17.64,35.28,67.08,48.0,20.83,14.0,21.12,26.88,0.155,2.5,0.081,0.917,0.0,0.0,88.2,0.19,,,,,1.0,60.0,0.0,24,,100.0,200.0,,,,,,,,,68.0,,,,,,66.0,,,,,,,,,,,,,,,,,,,,,
14.0,[1],FA-I,53.36,26.49,10.86,1.34,0.77,0.37,0.8,1.7,1.47,1.43,0.0,0.0,0.0,1.39,90.71,2.014,476.0,,1294.0,554.0,1848.0,0.258,0.3,,,2.13,1.53,120.0,14.70%,29.40%,56%,17.64,35.28,67.08,48.0,20.83,14.0,21.12,26.88,0.155,2.5,0.081,0.917,0.0,0.0,88.2,0.19,,,,,1.0,90.0,0.0,24,,100.0,200.0,,,,,,,,,70.0,,,,,,68.0,,,,,,,,,,,,,,,,,,,,,
15.0,[1],FA-III,48.0,29.0,12.7,1.78,0.89,0.39,0.55,0.5,1.67,1.69,0.0,0.0,0.0,1.61,89.7,1.655,408.0,,1294.0,554.0,1848.0,0.221,0.3,,,2.13,1.53,103.0,14.70%,29.40%,56%,15.14,30.28,57.58,51.5,22.35,14.0,22.66,28.84,0.166,2.0,0.092,0.808,16.5,0.0,96.7,0.24,,,,,1.0,60.0,0.0,24,,100.0,200.0,,,,,,,,42.0,,,,,,41.0,,,,,,,,,,,,,,,,,,,,,,
16.0,[1],FA-III,48.0,29.0,12.7,1.78,0.89,0.39,0.55,0.5,1.67,1.69,0.0,0.0,0.0,1.61,89.7,1.655,408.0,,1294.0,554.0,1848.0,0.221,0.3,,,2.13,1.53,103.0,14.70%,29.40%,56%,15.14,30.28,57.58,51.5,22.35,14.0,22.66,28.84,0.166,2.0,0.092,0.808,16.5,4.1,99.2,0.24,,,,,1.0,60.0,0.0,24,,100.0,200.0,,,,,,,,41.0,,,,,,40.0,,,,,,,,,,,,,,,,,,,,,,
17.0,[1],FA-III,48.0,29.0,12.7,1.78,0.89,0.39,0.55,0.5,1.67,1.69,0.0,0.0,0.0,1.61,89.7,1.655,408.0,,1294.0,554.0,1848.0,0.221,0.3,,,2.13,1.53,103.0,14.70%,29.40%,56%,15.14,30.28,57.58,51.5,22.35,14.0,22.66,28.84,0.166,2.0,0.092,0.808,16.5,8.2,101.7,0.25,,,,,1.0,60.0,0.0,24,,100.0,200.0,,,,,,,,41.0,,,,,,40.0,,,,,,,,,,,,,,,,,,,,,,
18.0,[1],FA-III,48.0,29.0,12.7,1.78,0.89,0.39,0.55,0.5,1.67,1.69,0.0,0.0,0.0,1.61,89.7,1.655,408.0,,1294.0,554.0,1848.0,0.221,0.3,,,2.13,1.53,103.0,14.70%,29.40%,56%,15.14,30.28,57.58,51.5,22.35,14.0,22.66,28.84,0.166,2.0,0.092,0.808,16.5,16.3,106.5,0.26,,,,,1.0,60.0,0.0,24,,100.0,200.0,,,,,,,,36.0,,,,,,35.0,,,,,,,,,,,,,,,,,,,,,,
19.0,[1],FA-II,47.8,24.4,17.4,2.42,1.99,0.31,0.55,0.29,1.328,2.0,0.0,0.0,0.0,1.1,89.6,1.959,408.0,,1201.0,647.0,1848.0,0.221,0.35,,,2.13,1.53,103.0,14.70%,29.40%,56%,15.14,30.28,57.58,41.0,15.25,12.0,21.32,19.68,0.149,2.512,0.074,0.996,14.3,6.1,96.9,0.24,209.0,,,,1.0,60.0,0.0,24,,100.0,200.0,,,,,,,,,40.0,,,,,,39.0,,,,,,,,,,,,,,,,,,,,,
20.0,[1],FA-II,47.8,24.4,17.4,2.42,1.99,0.31,0.55,0.29,1.328,2.0,0.0,0.0,0.0,1.1,89.6,1.959,408.0,,1201.0,647.0,1848.0,0.221,0.35,,,2.13,1.53,103.0,14.70%,29.40%,56%,15.14,30.28,57.58,41.0,15.25,12.0,21.32,19.68,0.149,2.512,0.074,0.996,14.3,6.1,96.9,0.24,209.0,,,,1.0,60.0,1.0,24,,100.0,200.0,,,,,,,,,41.0,,,,,,40.0,,,,,,,,,,,,,,,,,,,,,
21.0,[1],FA-II,47.8,24.4,17.4,2.42,1.99,0.31,0.55,0.29,1.328,2.0,0.0,0.0,0.0,1.1,89.6,1.959,408.0,,1201.0,647.0,1848.0,0.221,0.35,,,2.13,1.53,103.0,14.70%,29.40%,56%,15.14,30.28,57.58,41.0,15.25,12.0,21.32,19.68,0.149,2.512,0.074,0.996,14.3,6.1,96.9,0.24,209.0,,,,1.0,60.0,2.0,24,,100.0,200.0,,,,,,,,,48.0,,,,,,47.0,,,,,,,,,,,,,,,,,,,,,
22.0,[1],FA-II,47.8,24.4,17.4,2.42,1.99,0.31,0.55,0.29,1.328,2.0,0.0,0.0,0.0,1.1,89.6,1.959,408.0,,1201.0,647.0,1848.0,0.221,0.35,,,2.13,1.53,103.0,14.70%,29.40%,56%,15.14,30.28,57.58,41.0,15.25,12.0,21.32,19.68,0.149,2.512,0.074,0.996,14.3,6.1,96.9,0.24,209.0,,,,1.0,60.0,3.0,24,,100.0,200.0,,,,,,,,,50.0,,,,,,49.0,,,,,,,,,,,,,,,,,,,,,
23.0,[1],FA-II,47.8,24.4,17.4,2.42,1.99,0.31,0.55,0.29,1.328,2.0,0.0,0.0,0.0,1.1,89.6,1.959,408.0,,1201.0,647.0,1848.0,0.221,0.35,,,2.13,1.53,103.0,14.70%,29.40%,56%,15.14,30.28,57.58,41.0,15.25,12.0,21.32,19.68,0.149,2.512,0.074,0.996,14.3,6.1,96.9,0.24,209.0,,,,1.0,60.0,4.0,24,,100.0,200.0,,,,,,,,,49.0,,,,,,48.0,,,,,,,,,,,,,,,,,,,,,
24.0,[1],FA-II,47.8,24.4,17.4,2.42,1.99,0.31,0.55,0.29,1.328,2.0,0.0,0.0,0.0,1.1,89.6,1.959,408.0,,1201.0,647.0,1848.0,0.221,0.35,,,2.13,1.53,103.0,14.70%,29.40%,56%,15.14,30.28,57.58,41.0,17.79,14.0,18.04,22.96,0.155,2.512,0.081,0.919,17.6,6.1,96.9,0.24,215.0,,,,1.0,60.0,0.0,24,,100.0,200.0,,,,,,,,,43.0,,,,,,42.0,,,,,,,,,,,,,,,,,,,,,
25.0,[1],FA-II,47.8,24.4,17.4,2.42,1.99,0.31,0.55,0.29,1.328,2.0,0.0,0.0,0.0,1.1,89.6,1.959,408.0,,1201.0,647.0,1848.0,0.221,0.35,,,2.13,1.53,103.0,14.70%,29.40%,56%,15.14,30.28,57.58,41.0,17.79,14.0,18.04,22.96,0.155,2.512,0.081,0.919,17.6,6.1,96.9,0.24,215.0,,,,1.0,60.0,1.0,24,,100.0,200.0,,,,,,,,,53.0,,,,,,51.0,,,,,,,,,,,,,,,,,,,,,
26.0,[1],FA-II,47.8,24.4,17.4,2.42,1.99,0.31,0.55,0.29,1.328,2.0,0.0,0.0,0.0,1.1,89.6,1.959,408.0,,1201.0,647.0,1848.0,0.221,0.35,,,2.13,1.53,103.0,14.70%,29.40%,56%,15.14,30.28,57.58,41.0,17.79,14.0,18.04,22.96,0.155,2.512,0.081,0.919,17.6,6.1,96.9,0.24,215.0,,,,1.0,60.0,2.0,24,,100.0,200.0,,,,,,,,,56.0,,,,,,54.0,,,,,,,,,,,,,,,,,,,,,
27.0,[1],FA-II,47.8,24.4,17.4,2.42,1.99,0.31,0.55,0.29,1.328,2.0,0.0,0.0,0.0,1.1,89.6,1.959,408.0,,1201.0,647.0,1848.0,0.221,0.35,,,2.13,1.53,103.0,14.70%,29.40%,56%,15.14,30.28,57.58,41.0,17.79,14.0,18.04,22.96,0.155,2.512,0.081,0.919,17.6,6.1,96.9,0.24,215.0,,,,1.0,60.0,3.0,24,,100.0,200.0,,,,,,,,,57.0,,,,,,55.0,,,,,,,,,,,,,,,,,,,,,
28.0,[1],FA-II,47.8,24.4,17.4,2.42,1.99,0.31,0.55,0.29,1.328,2.0,0.0,0.0,0.0,1.1,89.6,1.959,408.0,,1201.0,647.0,1848.0,0.221,0.35,,,2.13,1.53,103.0,14.70%,29.40%,56%,15.14,30.28,57.58,41.0,17.79,14.0,18.04,22.96,0.155,2.512,0.081,0.919,17.6,6.1,96.9,0.24,215.0,,,,1.0,60.0,4.0,24,,100.0,200.0,,,,,,,,,57.0,,,,,,55.0,,,,,,,,,,,,,,,,,,,,,
29.0,[1],FA-II,47.8,24.4,17.4,2.42,1.99,0.31,0.55,0.29,1.328,2.0,0.0,0.0,0.0,1.1,89.6,1.959,408.0,,1201.0,647.0,1848.0,0.221,0.35,,,2.13,1.53,103.0,14.70%,29.40%,56%,15.14,30.28,57.58,41.0,17.79,14.0,18.04,22.96,0.155,2.512,0.081,0.919,17.6,6.1,96.9,0.24,215.0,,,,1.0,60.0,5.0,24,,100.0,200.0,,,,,,,,,58.0,,,,,,56.0,,,,,,,,,,,,,,,,,,,,,
30.0,[1],FA-II,47.8,24.4,17.4,2.42,1.99,0.31,0.55,0.29,1.328,2.0,0.0,0.0,0.0,1.1,89.6,1.959,408.0,,1201.0,647.0,1848.0,0.221,0.35,,,2.13,1.53,103.0,14.70%,29.40%,56%,15.14,30.28,57.58,41.0,15.25,12.0,21.32,19.68,0.149,2.512,0.074,0.996,14.3,6.1,96.9,0.24,225.0,,,,1.0,60.0,0.0,24,,100.0,200.0,,,,,,,,,38.0,,,,,,37.0,,,,,,,,,,,,,,,,,,,,,
31.0,[1],FA-II,47.8,24.4,17.4,2.42,1.99,0.31,0.55,0.29,1.328,2.0,0.0,0.0,0.0,1.1,89.6,1.959,408.0,,1201.0,647.0,1848.0,0.221,0.35,,,2.13,1.53,103.0,14.70%,29.40%,56%,15.14,30.28,57.58,41.0,15.25,12.0,21.32,19.68,0.149,2.512,0.074,0.996,14.3,6.1,96.9,0.24,225.0,,,,1.0,60.0,1.0,24,,100.0,200.0,,,,,,,,,53.0,,,,,,51.0,,,,,,,,,,,,,,,,,,,,,
32.0,[1],FA-II,47.8,24.4,17.4,2.42,1.99,0.31,0.55,0.29,1.328,2.0,0.0,0.0,0.0,1.1,89.6,1.959,408.0,,1201.0,647.0,1848.0,0.221,0.35,,,2.13,1.53,103.0,14.70%,29.40%,56%,15.14,30.28,57.58,41.0,15.25,12.0,21.32,19.68,0.149,2.512,0.074,0.996,14.3,6.1,96.9,0.24,225.0,,,,1.0,60.0,2.0,24,,100.0,200.0,,,,,,,,,56.0,,,,,,54.0,,,,,,,,,,,,,,,,,,,,,
33.0,[1],FA-II,47.8,24.4,17.4,2.42,1.99,0.31,0.55,0.29,1.328,2.0,0.0,0.0,0.0,1.1,89.6,1.959,408.0,,1201.0,647.0,1848.0,0.221,0.35,,,2.13,1.53,103.0,14.70%,29.40%,56%,15.14,30.28,57.58,41.0,15.25,12.0,21.32,19.68,0.149,2.512,0.074,0.996,14.3,6.1,96.9,0.24,225.0,,,,1.0,60.0,3.0,24,,100.0,200.0,,,,,,,,,59.0,,,,,,57.0,,,,,,,,,,,,,,,,,,,,,
34.0,[1],FA-II,47.8,24.4,17.4,2.42,1.99,0.31,0.55,0.29,1.328,2.0,0.0,0.0,0.0,1.1,89.6,1.959,408.0,,1201.0,647.0,1848.0,0.221,0.35,,,2.13,1.53,103.0,14.70%,29.40%,56%,15.14,30.28,57.58,41.0,15.25,12.0,21.32,19.68,0.149,2.512,0.074,0.996,14.3,6.1,96.9,0.24,225.0,,,,1.0,60.0,4.0,24,,100.0,200.0,,,,,,,,,59.0,,,,,,57.0,,,,,,,,,,,,,,,,,,,,,
35.0,[1],FA-II,47.8,24.4,17.4,2.42,1.99,0.31,0.55,0.29,1.328,2.0,0.0,0.0,0.0,1.1,89.6,1.959,408.0,,1201.0,647.0,1848.0,0.221,0.35,,,2.13,1.53,103.0,14.70%,29.40%,56%,15.14,30.28,57.58,41.0,15.25,12.0,21.32,19.68,0.149,2.512,0.074,0.996,14.3,6.1,96.9,0.24,225.0,,,,1.0,60.0,5.0,24,,100.0,200.0,,,,,,,,,59.0,,,,,,57.0,,,,,,,,,,,,,,,,,,,,,
36.0,[1],FA-II,47.8,24.4,17.4,2.42,1.99,0.31,0.55,0.29,1.328,2.0,0.0,0.0,0.0,1.1,89.6,1.959,408.0,,1201.0,647.0,1848.0,0.221,0.35,,,2.13,1.53,103.0,14.70%,29.40%,56%,15.14,30.28,57.58,41.0,10.17,8.0,27.88,13.12,0.136,2.512,0.062,1.196,0.0,6.1,89.1,0.22,60.0,,,,1.0,60.0,0.0,24,,100.0,200.0,,,,,,,,,63.0,,,,,,61.0,,,,,,,,,,,,,,,,,,,,,
37.0,[1],FA-II,47.8,24.4,17.4,2.42,1.99,0.31,0.55,0.29,1.328,2.0,0.0,0.0,0.0,1.1,89.6,1.959,408.0,,1201.0,647.0,1848.0,0.221,0.35,,,2.13,1.53,103.0,14.70%,29.40%,56%,15.14,30.28,57.58,41.0,10.17,8.0,27.88,13.12,0.136,2.512,0.062,1.196,0.0,6.1,89.1,0.22,60.0,,,,1.0,60.0,1.0,24,,100.0,200.0,,,,,,,,,74.0,,,,,,72.0,,,,,,,,,,,,,,,,,,,,,
38.0,[1],FA-II,47.8,24.4,17.4,2.42,1.99,0.31,0.55,0.29,1.328,2.0,0.0,0.0,0.0,1.1,89.6,1.959,408.0,,1201.0,647.0,1848.0,0.221,0.35,,,2.13,1.53,103.0,14.70%,29.40%,56%,15.14,30.28,57.58,41.0,10.17,8.0,27.88,13.12,0.136,2.512,0.062,1.196,0.0,6.1,89.1,0.22,60.0,,,,1.0,60.0,2.0,24,,100.0,200.0,,,,,,,,,73.0,,,,,,71.0,,,,,,,,,,,,,,,,,,,,,
39.0,[1],FA-II,47.8,24.4,17.4,2.42,1.99,0.31,0.55,0.29,1.328,2.0,0.0,0.0,0.0,1.1,89.6,1.959,408.0,,1201.0,647.0,1848.0,0.221,0.35,,,2.13,1.53,103.0,14.70%,29.40%,56%,15.14,30.28,57.58,41.0,10.17,8.0,27.88,13.12,0.136,2.512,0.062,1.196,0.0,6.1,89.1,0.22,60.0,,,,1.0,60.0,3.0,24,,100.0,200.0,,,,,,,,,76.0,,,,,,74.0,,,,,,,,,,,,,,,,,,,,,
40.0,[1],FA-II,47.8,24.4,17.4,2.42,1.99,0.31,0.55,0.29,1.328,2.0,0.0,0.0,0.0,1.1,89.6,1.959,408.0,,1201.0,647.0,1848.0,0.221,0.35,,,2.13,1.53,103.0,14.70%,29.40%,56%,15.14,30.28,57.58,41.0,10.17,8.0,27.88,13.12,0.136,2.512,0.062,1.196,0.0,6.1,89.1,0.22,60.0,,,,1.0,60.0,4.0,24,,100.0,200.0,,,,,,,,,75.0,,,,,,73.0,,,,,,,,,,,,,,,,,,,,,
41.0,[1],FA-II,47.8,24.4,17.4,2.42,1.99,0.31,0.55,0.29,1.328,2.0,0.0,0.0,0.0,1.1,89.6,1.959,408.0,,1201.0,647.0,1848.0,0.221,0.35,,,2.13,1.53,103.0,14.70%,29.40%,56%,15.14,30.28,57.58,41.0,10.17,8.0,27.88,13.12,0.136,2.512,0.062,1.196,0.0,6.1,89.1,0.22,60.0,,,,1.0,60.0,5.0,24,,100.0,200.0,,,,,,,,,77.0,,,,,,75.0,,,,,,,,,,,,,,,,,,,,,
42.0,[1],FA-I,53.36,26.49,10.86,1.34,0.77,0.37,0.8,1.7,1.47,1.43,0.0,0.0,0.0,1.39,90.71,2.014,408.0,,1294.0,554.0,1848.0,0.221,0.3,,,2.13,1.53,103.0,14.70%,29.40%,56%,15.14,30.28,57.58,41.0,17.79,14.0,18.04,22.96,0.155,2.512,0.081,0.919,0.0,8.2,80.5,0.2,,,,,1.0,30.0,0.0,24,,100.0,200.0,,,,,,,,,44.0,,,,,,43.0,,,,,,,,,,,,,,,,,,,,,
43.0,[1],FA-I,53.36,26.49,10.86,1.34,0.77,0.37,0.8,1.7,1.47,1.43,0.0,0.0,0.0,1.39,90.71,2.014,408.0,,1294.0,554.0,1848.0,0.221,0.3,,,2.13,1.53,103.0,14.70%,29.40%,56%,15.14,30.28,57.58,41.0,17.79,14.0,18.04,22.96,0.155,2.512,0.081,0.919,0.0,8.2,80.5,0.2,,,,,1.0,45.0,0.0,24,,100.0,200.0,,,,,,,,,55.0,,,,,,53.0,,,,,,,,,,,,,,,,,,,,,
44.0,[1],FA-I,53.36,26.49,10.86,1.34,0.77,0.37,0.8,1.7,1.47,1.43,0.0,0.0,0.0,1.39,90.71,2.014,408.0,,1294.0,554.0,1848.0,0.221,0.3,,,2.13,1.53,103.0,14.70%,29.40%,56%,15.14,30.28,57.58,41.0,17.79,14.0,18.04,22.96,0.155,2.512,0.081,0.919,0.0,8.2,80.5,0.2,,,,,1.0,60.0,0.0,24,,100.0,200.0,,,,,,,,,59.0,,,,,,57.0,,,,,,,,,,,,,,,,,,,,,
45.0,[1],FA-I,53.36,26.49,10.86,1.34,0.77,0.37,0.8,1.7,1.47,1.43,0.0,0.0,0.0,1.39,90.71,2.014,408.0,,1294.0,554.0,1848.0,0.221,0.3,,,2.13,1.53,103.0,14.70%,29.40%,56%,15.14,30.28,57.58,41.0,17.79,14.0,18.04,22.96,0.155,2.512,0.081,0.919,0.0,8.2,80.5,0.2,,,,,1.0,75.0,0.0,24,,100.0,200.0,,,,,,,,,65.0,,,,,,63.0,,,,,,,,,,,,,,,,,,,,,
46.0,[1],FA-I,53.36,26.49,10.86,1.34,0.77,0.37,0.8,1.7,1.47,1.43,0.0,0.0,0.0,1.39,90.71,2.014,408.0,,1294.0,554.0,1848.0,0.221,0.3,,,2.13,1.53,103.0,14.70%,29.40%,56%,15.14,30.28,57.58,41.0,17.79,14.0,18.04,22.96,0.155,2.512,0.081,0.919,0.0,8.2,80.5,0.2,,,,,1.0,90.0,0.0,24,,100.0,200.0,,,,,,,,,71.0,,,,,,69.0,,,,,,,,,,,,,,,,,,,,,
47.0,[1],FA-I,53.36,26.49,10.86,1.34,0.77,0.37,0.8,1.7,1.47,1.43,0.0,0.0,0.0,1.39,90.71,2.014,408.0,,1294.0,554.0,1848.0,0.221,0.3,,,2.13,1.53,103.0,14.70%,29.40%,56%,15.14,30.28,57.58,41.0,17.79,14.0,18.04,22.96,0.155,2.512,0.081,0.919,10.7,8.2,91.2,0.22,,,,,1.0,30.0,0.0,24,,100.0,200.0,,,,,,,,,35.0,,,,,,34.0,,,,,,,,,,,,,,,,,,,,,
48.0,[1],FA-I,53.36,26.49,10.86,1.34,0.77,0.37,0.8,1.7,1.47,1.43,0.0,0.0,0.0,1.39,90.71,2.014,408.0,,1294.0,554.0,1848.0,0.221,0.3,,,2.13,1.53,103.0,14.70%,29.40%,56%,15.14,30.28,57.58,41.0,17.79,14.0,18.04,22.96,0.155,2.512,0.081,0.919,10.7,8.2,91.2,0.22,,,,,1.0,45.0,0.0,24,,100.0,200.0,,,,,,,,,42.0,,,,,,41.0,,,,,,,,,,,,,,,,,,,,,
49.0,[1],FA-I,53.36,26.49,10.86,1.34,0.77,0.37,0.8,1.7,1.47,1.43,0.0,0.0,0.0,1.39,90.71,2.014,408.0,,1294.0,554.0,1848.0,0.221,0.3,,,2.13,1.53,103.0,14.70%,29.40%,56%,15.14,30.28,57.58,41.0,17.79,14.0,18.04,22.96,0.155,2.512,0.081,0.919,10.7,8.2,91.2,0.22,,,,,1.0,75.0,0.0,24,,100.0,200.0,,,,,,,,,60.0,,,,,,58.0,,,,,,,,,,,,,,,,,,,,,
50.0,[1],FA-I,53.36,26.49,10.86,1.34,0.77,0.37,0.8,1.7,1.47,1.43,0.0,0.0,0.0,1.39,90.71,2.014,408.0,,1294.0,554.0,1848.0,0.221,0.3,,,2.13,1.53,103.0,14.70%,29.40%,56%,15.14,30.28,57.58,41.0,17.79,14.0,18.04,22.96,0.155,2.512,0.081,0.919,10.7,8.2,91.2,0.22,,,,,1.0,90.0,0.0,24,,100.0,200.0,,,,,,,,,59.0,,,,,,57.0,,,,,,,,,,,,,,,,,,,,,
51.0,[1],FA-I,53.36,26.49,10.86,1.34,0.77,0.37,0.8,1.7,1.47,1.43,0.0,0.0,0.0,1.39,90.71,2.014,408.0,,1294.0,554.0,1848.0,0.221,0.3,,,2.13,1.53,103.0,14.70%,29.40%,56%,15.14,30.28,57.58,41.0,17.79,14.0,18.04,22.96,0.155,2.512,0.081,0.919,21.3,8.2,101.8,0.25,,,,,1.0,30.0,0.0,24,,100.0,200.0,,,,,,,,,32.0,,,,,,31.0,,,,,,,,,,,,,,,,,,,,,
52.0,[1],FA-I,53.36,26.49,10.86,1.34,0.77,0.37,0.8,1.7,1.47,1.43,0.0,0.0,0.0,1.39,90.71,2.014,408.0,,1294.0,554.0,1848.0,0.221,0.3,,,2.13,1.53,103.0,14.70%,29.40%,56%,15.14,30.28,57.58,41.0,17.79,14.0,18.04,22.96,0.155,2.512,0.081,0.919,21.3,8.2,101.8,0.25,,,,,1.0,45.0,0.0,24,,100.0,200.0,,,,,,,,,37.0,,,,,,36.0,,,,,,,,,,,,,,,,,,,,,
53.0,[1],FA-I,53.36,26.49,10.86,1.34,0.77,0.37,0.8,1.7,1.47,1.43,0.0,0.0,0.0,1.39,90.71,2.014,408.0,,1294.0,554.0,1848.0,0.221,0.3,,,2.13,1.53,103.0,14.70%,29.40%,56%,15.14,30.28,57.58,41.0,17.79,14.0,18.04,22.96,0.155,2.512,0.081,0.919,21.3,8.2,101.8,0.25,,,,,1.0,60.0,0.0,24,,100.0,200.0,,,,,,,,,44.0,,,,,,43.0,,,,,,,,,,,,,,,,,,,,,
54.0,[1],FA-I,53.36,26.49,10.86,1.34,0.77,0.37,0.8,1.7,1.47,1.43,0.0,0.0,0.0,1.39,90.71,2.014,408.0,,1294.0,554.0,1848.0,0.221,0.3,,,2.13,1.53,103.0,14.70%,29.40%,56%,15.14,30.28,57.58,41.0,17.79,14.0,18.04,22.96,0.155,2.512,0.081,0.919,21.3,8.2,101.8,0.25,,,,,1.0,75.0,0.0,24,,100.0,200.0,,,,,,,,,44.0,,,,,,43.0,,,,,,,,,,,,,,,,,,,,,
55.0,[1],FA-I,53.36,26.49,10.86,1.34,0.77,0.37,0.8,1.7,1.47,1.43,0.0,0.0,0.0,1.39,90.71,2.014,408.0,,1294.0,554.0,1848.0,0.221,0.3,,,2.13,1.53,103.0,14.70%,29.40%,56%,15.14,30.28,57.58,41.0,17.79,14.0,18.04,22.96,0.155,2.512,0.081,0.919,21.3,8.2,101.8,0.25,,,,,1.0,90.0,0.0,24,,100.0,200.0,,,,,,,,,44.0,,,,,,43.0,,,,,,,,,,,,,,,,,,,,,
56.0,[1],FA-II,47.8,24.4,17.4,2.42,1.99,0.31,0.55,0.29,1.328,2.0,0.0,0.0,0.0,1.1,89.6,1.959,408.0,,1201.0,647.0,1848.0,0.221,0.35,,,2.13,1.53,103.0,14.70%,29.40%,56%,15.14,30.28,57.58,41.0,10.17,8.0,27.88,13.12,0.136,2.512,0.062,1.196,0.0,6.1,89.1,0.22,32.0,,,,1.0,60.0,0.0,24,,100.0,200.0,,,,,,,,,55.0,,,,,,53.0,,,,,,,,,,,,,,,,,,,,,
57.0,[1],FA-II,47.8,24.4,17.4,2.42,1.99,0.31,0.55,0.29,1.328,2.0,0.0,0.0,0.0,1.1,89.6,1.959,408.0,,1201.0,647.0,1848.0,0.221,0.35,,,2.13,1.53,103.0,14.70%,29.40%,56%,15.14,30.28,57.58,41.0,10.17,8.0,27.88,13.12,0.136,2.512,0.062,1.196,0.0,6.1,89.1,0.22,32.0,,,,1.0,60.0,0.0,24,,100.0,200.0,,,,,,,,,47.0,,,,,,46.0,,,,,,,,,,,,,,,,,,,,,
58.0,[1],FA-II,47.8,24.4,17.4,2.42,1.99,0.31,0.55,0.29,1.328,2.0,0.0,0.0,0.0,1.1,89.6,1.959,408.0,,1201.0,647.0,1848.0,0.221,0.35,,,2.13,1.53,103.0,14.70%,29.40%,56%,15.14,30.28,57.58,41.0,12.71,10.0,24.6,16.4,0.142,2.512,0.068,1.087,7.5,6.1,93.3,0.23,112.0,,,,1.0,60.0,0.0,24,,100.0,200.0,,,,,,,,,53.0,,,,,,51.0,,,,,,,,,,,,,,,,,,,,,
59.0,[1],FA-II,47.8,24.4,17.4,2.42,1.99,0.31,0.55,0.29,1.328,2.0,0.0,0.0,0.0,1.1,89.6,1.959,408.0,,1201.0,647.0,1848.0,0.221,0.35,,,2.13,1.53,103.0,14.70%,29.40%,56%,15.14,30.28,57.58,41.0,12.71,10.0,24.6,16.4,0.142,2.512,0.068,1.087,7.5,6.1,93.3,0.23,112.0,,,,1.0,60.0,0.0,24,,100.0,200.0,,,,,,,,,45.0,,,,,,44.0,,,,,,,,,,,,,,,,,,,,,
60.0,[1],FA-II,47.8,24.4,17.4,2.42,1.99,0.31,0.55,0.29,1.328,2.0,0.0,0.0,0.0,1.1,89.6,1.959,408.0,,1201.0,647.0,1848.0,0.221,0.35,,,2.13,1.53,103.0,14.70%,29.40%,56%,15.14,30.28,57.58,41.0,15.25,12.0,21.32,19.68,0.149,2.512,0.074,0.996,14.4,6.1,97.0,0.24,162.0,,,,1.0,60.0,0.0,24,,100.0,200.0,,,,,,,,,51.0,,,,,,50.0,,,,,,,,,,,,,,,,,,,,,
61.0,[1],FA-II,47.8,24.4,17.4,2.42,1.99,0.31,0.55,0.29,1.328,2.0,0.0,0.0,0.0,1.1,89.6,1.959,408.0,,1201.0,647.0,1848.0,0.221,0.35,,,2.13,1.53,103.0,14.70%,29.40%,56%,15.14,30.28,57.58,41.0,15.25,12.0,21.32,19.68,0.149,2.512,0.074,0.996,14.4,6.1,97.0,0.24,162.0,,,,1.0,60.0,0.0,24,,100.0,200.0,,,,,,,,,42.0,,,,,,41.0,,,,,,,,,,,,,,,,,,,,,
62.0,[1],FA-II,47.8,24.4,17.4,2.42,1.99,0.31,0.55,0.29,1.328,2.0,0.0,0.0,0.0,1.1,89.6,1.959,408.0,,1201.0,647.0,1848.0,0.221,0.35,,,2.13,1.53,103.0,14.70%,29.40%,56%,15.14,30.28,57.58,41.0,17.79,14.0,18.04,22.96,0.155,2.512,0.081,0.919,20.7,6.1,100.0,0.25,214.0,,,,1.0,60.0,0.0,24,,100.0,200.0,,,,,,,,,45.0,,,,,,44.0,,,,,,,,,,,,,,,,,,,,,
63.0,[1],FA-II,47.8,24.4,17.4,2.42,1.99,0.31,0.55,0.29,1.328,2.0,0.0,0.0,0.0,1.1,89.6,1.959,408.0,,1201.0,647.0,1848.0,0.221,0.35,,,2.13,1.53,103.0,14.70%,29.40%,56%,15.14,30.28,57.58,41.0,17.79,14.0,18.04,22.96,0.155,2.512,0.081,0.919,20.7,6.1,100.0,0.25,214.0,,,,1.0,60.0,0.0,24,,100.0,200.0,,,,,,,,,40.0,,,,,,39.0,,,,,,,,,,,,,,,,,,,,,
64.0,[1],FA-II,47.8,24.4,17.4,2.42,1.99,0.31,0.55,0.29,1.328,2.0,0.0,0.0,0.0,1.1,89.6,1.959,408.0,,1201.0,647.0,1848.0,0.221,0.35,,,2.13,1.53,103.0,14.70%,29.40%,56%,15.14,30.28,57.58,41.0,20.34,16.0,14.76,26.24,0.161,2.512,0.087,0.854,26.5,6.1,102.5,0.25,240.0,,,,1.0,60.0,0.0,24,,100.0,200.0,,,,,,,,,47.0,,,,,,46.0,,,,,,,,,,,,,,,,,,,,,
65.0,[1],FA-II,47.8,24.4,17.4,2.42,1.99,0.31,0.55,0.29,1.328,2.0,0.0,0.0,0.0,1.1,89.6,1.959,408.0,,1201.0,647.0,1848.0,0.221,0.35,,,2.13,1.53,103.0,14.70%,29.40%,56%,15.14,30.28,57.58,41.0,20.34,16.0,14.76,26.24,0.161,2.512,0.087,0.854,26.5,6.1,102.5,0.25,240.0,,,,1.0,60.0,0.0,24,,100.0,200.0,,,,,,,,,40.0,,,,,,39.0,,,,,,,,,,,,,,,,,,,,,
66.0,[1],FA-II,47.8,24.4,17.4,2.42,1.99,0.31,0.55,0.29,1.328,2.0,0.0,0.0,0.0,1.1,89.6,1.959,408.0,,1294.0,554.0,1848.0,0.221,0.3,,,2.13,1.53,103.0,14.70%,29.40%,56%,15.14,30.28,57.58,41.0,17.79,14.0,18.04,22.96,0.155,2.512,0.081,0.919,0.0,6.1,79.3,0.19,,,,,1.0,90.0,0.0,24,,100.0,200.0,,,,,,,,,,,89.0,,,,,,86.0,,,,,,,,,,,,,,,,,,,
67.0,[1],FA-II,47.8,24.4,17.4,2.42,1.99,0.31,0.55,0.29,1.328,2.0,0.0,0.0,0.0,1.1,89.6,1.959,408.0,,1294.0,554.0,1848.0,0.221,0.3,,,2.13,1.53,103.0,14.70%,29.40%,56%,15.14,30.28,57.58,41.0,10.17,8.0,27.88,13.12,0.136,2.512,0.062,1.196,0.0,6.1,89.1,0.22,,,,,1.0,90.0,0.0,24,,100.0,200.0,,,,,,,,,,,68.0,,,,,,66.0,,,,,,,,,,,,,,,,,,,
68.0,[1],FA-II,47.8,24.4,17.4,2.42,1.99,0.31,0.55,0.29,1.328,2.0,0.0,0.0,0.0,1.1,89.6,1.959,408.0,,1294.0,554.0,1848.0,0.221,0.3,,,2.13,1.53,103.0,14.70%,29.40%,56%,15.14,30.28,57.58,41.0,10.17,8.0,27.88,13.12,0.136,2.512,0.062,1.196,0.0,6.1,89.1,0.22,,,,,1.0,90.0,0.0,24,,100.0,200.0,,,,,,,,,,,55.0,,,,,,53.0,,,,,,,,,,,,,,,,,,,
69.0,[1],FA-II,47.8,24.4,17.4,2.42,1.99,0.31,0.55,0.29,1.328,2.0,0.0,0.0,0.0,1.1,89.6,1.959,408.0,,1294.0,554.0,1848.0,0.221,0.3,,,2.13,1.53,103.0,14.70%,29.40%,56%,15.14,30.28,57.58,41.0,10.17,8.0,27.88,13.12,0.136,2.512,0.062,1.196,0.0,6.1,89.1,0.22,,,,,1.0,90.0,0.0,24,,100.0,200.0,,,,,,,,,,,44.0,,,,,,43.0,,,,,,,,,,,,,,,,,,,
70.0,[1],FA-II,47.8,24.4,17.4,2.42,1.99,0.31,0.55,0.29,1.328,2.0,0.0,0.0,0.0,1.1,89.6,1.959,408.0,,1201.0,647.0,1848.0,0.221,0.35,,,2.13,1.53,103.0,14.70%,29.40%,56%,15.14,30.28,57.58,41.0,17.79,14.0,18.04,22.96,0.155,2.512,0.081,0.919,10.3,6.1,89.6,0.22,,,,,1.0,60.0,3.0,24,,100.0,200.0,,,,,,,,,,,,,,,,,,,,,,,,,,,,,,,,,,,,
71.0,[1],FA-II,47.8,24.4,17.4,2.42,1.99,0.31,0.55,0.29,1.328,2.0,0.0,0.0,0.0,1.1,89.6,1.959,408.0,,1201.0,647.0,1848.0,0.221,0.35,,,2.13,1.53,103.0,14.70%,29.40%,56%,15.14,30.28,57.58,41.0,17.79,14.0,18.04,22.96,0.155,2.512,0.081,0.919,15.5,6.1,94.8,0.23,,,,,1.0,60.0,3.0,24,,100.0,200.0,,,,,,,,,,,,,,,,,,,,,,,,,,,,,,,,,,,,
72.0,[1],FA-II,47.8,24.4,17.4,2.42,1.99,0.31,0.55,0.29,1.328,2.0,0.0,0.0,0.0,1.1,89.6,1.959,408.0,,1201.0,647.0,1848.0,0.221,0.35,,,2.13,1.53,103.0,14.70%,29.40%,56%,15.14,30.28,57.58,41.0,20.34,16.0,14.76,26.24,0.161,2.512,0.087,0.854,18.5,6.1,94.5,0.23,,,,,1.0,60.0,3.0,24,,100.0,200.0,,,,,,,,,,,,,,,,,,,,,,,,,,,,,,,,,,,,
73.0,[1],FA-II,47.8,24.4,17.4,2.42,1.99,0.31,0.55,0.29,1.328,2.0,0.0,0.0,0.0,1.1,89.6,1.959,408.0,,1201.0,647.0,1848.0,0.221,0.35,,,2.13,1.53,103.0,14.70%,29.40%,56%,15.14,30.28,57.58,41.0,20.34,16.0,14.76,26.24,0.161,2.512,0.087,0.854,18.5,6.1,94.5,0.23,,,,,1.0,90.0,3.0,24,,100.0,200.0,,,,,,,,,,,,,,,,,,,,,,,,,,,,,,,,,,,,
74.0,[1],FA-II,47.8,24.4,17.4,2.42,1.99,0.31,0.55,0.29,1.328,2.0,0.0,0.0,0.0,1.1,89.6,1.959,408.0,,1201.0,647.0,1848.0,0.221,0.35,,,2.13,1.53,103.0,14.70%,29.40%,56%,15.14,30.28,57.58,41.0,17.79,14.0,18.04,22.96,0.155,2.512,0.081,0.919,17.6,6.1,96.9,0.24,,,,,1.0,60.0,3.0,24,,100.0,200.0,,,,,,,,,,,,,,,,,,,,,,,,,,,,,,,,,,,,
75.0,[1],FA-II,47.8,24.4,17.4,2.42,1.99,0.31,0.55,0.29,1.328,2.0,0.0,0.0,0.0,1.1,89.6,1.959,408.0,,1309.0,561.0,1870.0,0.218,0.3,,,2.13,1.53,88.0,14.70%,29.40%,56%,12.94,25.87,49.19,35.0,15.19,14.0,15.4,19.6,0.132,2.514,0.069,0.92,16.5,8.2,86.0,0.21,,,,,1.0,90.0,0.0,24,,100.0,200.0,,,,,,,29.0,,,,,,28.0,,,,,,,,,,,,,,,,,,,,,,,
76.0,[1],FA-II,47.8,24.4,17.4,2.42,1.99,0.31,0.55,0.29,1.328,2.0,0.0,0.0,0.0,1.1,89.6,1.959,408.0,,1309.0,561.0,1870.0,0.218,0.3,,,2.13,1.53,88.0,14.70%,29.40%,56%,12.94,25.87,49.19,35.0,15.19,14.0,15.4,19.6,0.132,2.514,0.069,0.92,16.5,8.2,86.0,0.21,,,,,1.0,90.0,0.0,24,,100.0,200.0,,,,,,,,,30.0,,,,,,29.0,,,,,,,,,,,,,,,,,,,,,
77.0,[1],FA-II,47.8,24.4,17.4,2.42,1.99,0.31,0.55,0.29,1.328,2.0,0.0,0.0,0.0,1.1,89.6,1.959,408.0,,1309.0,561.0,1870.0,0.218,0.3,,,2.13,1.53,88.0,14.70%,29.40%,56%,12.94,25.87,49.19,35.0,15.19,14.0,15.4,19.6,0.132,2.514,0.069,0.92,16.5,8.2,86.0,0.21,,,,,1.0,90.0,0.0,24,,100.0,200.0,,,,,,,,,,33.0,,,,,,32.0,,,,,,,,,,,,,,,,,,,,
78.0,[1],FA-II,47.8,24.4,17.4,2.42,1.99,0.31,0.55,0.29,1.328,2.0,0.0,0.0,0.0,1.1,89.6,1.959,408.0,,1309.0,561.0,1870.0,0.218,0.3,,,2.13,1.53,88.0,14.70%,29.40%,56%,12.94,25.87,49.19,35.0,15.19,14.0,15.4,19.6,0.132,2.514,0.069,0.92,16.5,8.2,86.0,0.21,,,,,1.0,90.0,0.0,24,,100.0,200.0,,,,,,,,,,39.0,,,,,,38.0,,,,,,,,,,,,,,,,,,,,
79.0,[1],FA-II,47.8,24.4,17.4,2.42,1.99,0.31,0.55,0.29,1.328,2.0,0.0,0.0,0.0,1.1,89.6,1.959,408.0,,1309.0,561.0,1870.0,0.218,0.3,,,2.13,1.53,88.0,14.70%,29.40%,56%,12.94,25.87,49.19,35.0,15.19,14.0,15.4,19.6,0.132,2.514,0.069,0.92,20.7,8.2,90.2,0.22,,,,,1.0,90.0,0.0,24,,100.0,200.0,,,,,,,24.0,,,,,,23.0,,,,,,,,,,,,,,,,,,,,,,,
80.0,[1],FA-II,47.8,24.4,17.4,2.42,1.99,0.31,0.55,0.29,1.328,2.0,0.0,0.0,0.0,1.1,89.6,1.959,408.0,,1309.0,561.0,1870.0,0.218,0.3,,,2.13,1.53,88.0,14.70%,29.40%,56%,12.94,25.87,49.19,35.0,15.19,14.0,15.4,19.6,0.132,2.514,0.069,0.92,20.7,8.2,90.2,0.22,,,,,1.0,90.0,0.0,24,,100.0,200.0,,,,,,,,,26.0,,,,,,25.0,,,,,,,,,,,,,,,,,,,,,
81.0,[1],FA-II,47.8,24.4,17.4,2.42,1.99,0.31,0.55,0.29,1.328,2.0,0.0,0.0,0.0,1.1,89.6,1.959,408.0,,1309.0,561.0,1870.0,0.218,0.3,,,2.13,1.53,88.0,14.70%,29.40%,56%,12.94,25.87,49.19,35.0,15.19,14.0,15.4,19.6,0.132,2.514,0.069,0.92,20.7,8.2,90.2,0.22,,,,,1.0,90.0,0.0,24,,100.0,200.0,,,,,,,,,,28.0,,,,,,27.0,,,,,,,,,,,,,,,,,,,,
82.0,[1],FA-II,47.8,24.4,17.4,2.42,1.99,0.31,0.55,0.29,1.328,2.0,0.0,0.0,0.0,1.1,89.6,1.959,408.0,,1309.0,561.0,1870.0,0.218,0.3,,,2.13,1.53,88.0,14.70%,29.40%,56%,12.94,25.87,49.19,35.0,15.19,14.0,15.4,19.6,0.132,2.514,0.069,0.92,20.7,8.2,90.2,0.22,,,,,1.0,90.0,0.0,24,,100.0,200.0,,,,,,,,,,33.0,,,,,,32.0,,,,,,,,,,,,,,,,,,,,
83.0,[1],FA-II,47.8,24.4,17.4,2.42,1.99,0.31,0.55,0.29,1.328,2.0,0.0,0.0,0.0,1.1,89.6,1.959,408.0,,1309.0,561.0,1870.0,0.218,0.3,,,2.13,1.53,88.0,14.70%,29.40%,56%,12.94,25.87,49.19,35.0,15.19,14.0,15.4,19.6,0.132,2.514,0.069,0.92,24.8,8.2,94.3,0.23,,,,,1.0,90.0,0.0,24,,100.0,200.0,,,,,,,17.0,,,,,,17.0,,,,,,,,,,,,,,,,,,,,,,,
84.0,[1],FA-II,47.8,24.4,17.4,2.42,1.99,0.31,0.55,0.29,1.328,2.0,0.0,0.0,0.0,1.1,89.6,1.959,408.0,,1309.0,561.0,1870.0,0.218,0.3,,,2.13,1.53,88.0,14.70%,29.40%,56%,12.94,25.87,49.19,35.0,15.19,14.0,15.4,19.6,0.132,2.514,0.069,0.92,24.8,8.2,94.3,0.23,,,,,1.0,90.0,0.0,24,,100.0,200.0,,,,,,,,,18.0,,,,,,17.0,,,,,,,,,,,,,,,,,,,,,
85.0,[1],FA-II,47.8,24.4,17.4,2.42,1.99,0.31,0.55,0.29,1.328,2.0,0.0,0.0,0.0,1.1,89.6,1.959,408.0,,1309.0,561.0,1870.0,0.218,0.3,,,2.13,1.53,88.0,14.70%,29.40%,56%,12.94,25.87,49.19,35.0,15.19,14.0,15.4,19.6,0.132,2.514,0.069,0.92,24.8,8.2,94.3,0.23,,,,,1.0,90.0,0.0,24,,100.0,200.0,,,,,,,,,,19.0,,,,,,18.0,,,,,,,,,,,,,,,,,,,,
86.0,[1],FA-II,47.8,24.4,17.4,2.42,1.99,0.31,0.55,0.29,1.328,2.0,0.0,0.0,0.0,1.1,89.6,1.959,408.0,,1309.0,561.0,1870.0,0.218,0.3,,,2.13,1.53,88.0,14.70%,29.40%,56%,12.94,25.87,49.19,35.0,15.19,14.0,15.4,19.6,0.132,2.514,0.069,0.92,24.8,8.2,94.3,0.23,,,,,1.0,90.0,0.0,24,,100.0,200.0,,,,,,,,,,25.0,,,,,,24.0,,,,,,,,,,,,,,,,,,,,
87.0,[1],FA-II,47.8,24.4,17.4,2.42,1.99,0.31,0.55,0.29,1.328,2.0,0.0,0.0,0.0,1.1,89.6,1.959,408.0,,1309.0,561.0,1870.0,0.218,0.3,,,2.13,1.53,103.0,14.70%,29.40%,56%,15.14,30.28,57.58,51.0,22.13,14.0,22.44,28.56,0.166,2.02,0.091,0.812,20.7,6.1,104.4,0.26,,,,,1.0,60.0,0.0,24,,100.0,200.0,,,,,,,,,,,,,,,,,,,,,,,,,,,,,,,,,,,,
88.0,[1],FA-II,47.8,24.4,17.4,2.42,1.99,0.31,0.55,0.29,1.328,2.0,0.0,0.0,0.0,1.1,89.6,1.959,408.0,,1309.0,561.0,1870.0,0.218,0.3,,,2.13,1.53,103.0,14.70%,29.40%,56%,15.14,30.28,57.58,51.0,22.13,14.0,22.44,28.56,0.166,2.02,0.091,0.812,20.7,6.1,104.4,0.26,,,,,1.0,60.0,0.0,24,,100.0,200.0,,,,,,,,,37.0,,,,,,36.0,,,,,,,,,,,,,,,,,,,,,
89.0,[1],FA-II,47.8,24.4,17.4,2.42,1.99,0.31,0.55,0.29,1.328,2.0,0.0,0.0,0.0,1.1,89.6,1.959,408.0,,1309.0,561.0,1870.0,0.218,0.3,,,2.13,1.53,103.0,14.70%,29.40%,56%,15.14,30.28,57.58,51.0,22.13,14.0,22.44,28.56,0.166,2.02,0.091,0.812,20.7,6.1,104.4,0.26,,,,,1.0,60.0,0.0,24,,100.0,200.0,,,,,,,,,,,,,,,,,,,,,,,,,,,,,,,,,,,,
90.0,[1],FA-II,47.8,24.4,17.4,2.42,1.99,0.31,0.55,0.29,1.328,2.0,0.0,0.0,0.0,1.1,89.6,1.959,408.0,,1309.0,561.0,1870.0,0.218,0.3,,,2.13,1.53,103.0,14.70%,29.40%,56%,15.14,30.28,57.58,51.0,22.13,14.0,22.44,28.56,0.166,2.02,0.091,0.812,20.7,6.1,104.4,0.26,,,,,1.0,60.0,0.0,24,,100.0,200.0,,,,,,,,,,36.0,,,,,,35.0,,,,,,,,,,,,,,,,,,,,
91.0,[1],FA-II,47.8,24.4,17.4,2.42,1.99,0.31,0.55,0.29,1.328,2.0,0.0,0.0,0.0,1.1,89.6,1.959,408.0,,1309.0,561.0,1870.0,0.218,0.3,,,2.13,1.53,103.0,14.70%,29.40%,56%,15.14,30.28,57.58,51.0,22.13,14.0,22.44,28.56,0.166,2.02,0.091,0.812,20.7,6.1,104.4,0.26,,,,,1.0,60.0,0.0,24,,100.0,200.0,,,,,,,15.0,,,,,,15.0,,,,,,,,,,,,,,,,,,,,,,,
92.0,[1],FA-II,47.8,24.4,17.4,2.42,1.99,0.31,0.55,0.29,1.328,2.0,0.0,0.0,0.0,1.1,89.6,1.959,408.0,,1309.0,561.0,1870.0,0.218,0.3,,,2.13,1.53,103.0,14.70%,29.40%,56%,15.14,30.28,57.58,51.0,22.13,14.0,22.44,28.56,0.166,2.02,0.091,0.812,18.6,6.1,102.3,0.25,,,,,1.0,60.0,0.0,24,,100.0,200.0,,,,,,,,,,,,,,,,,,,,,,,,,,,,,,,,,,,,
93.0,[1],FA-II,47.8,24.4,17.4,2.42,1.99,0.31,0.55,0.29,1.328,2.0,0.0,0.0,0.0,1.1,89.6,1.959,408.0,,1309.0,561.0,1870.0,0.218,0.3,,,2.13,1.53,103.0,14.70%,29.40%,56%,15.14,30.28,57.58,51.0,22.13,14.0,22.44,28.56,0.166,2.02,0.091,0.812,18.6,6.1,102.3,0.25,,,,,1.0,90.0,0.0,24,,100.0,200.0,,,,,,,21.0,,,,,,20.0,,,,,,,,,,,,,,,,,,,,,,,
94.0,[1],FA-II,47.8,24.4,17.4,2.42,1.99,0.31,0.55,0.29,1.328,2.0,0.0,0.0,0.0,1.1,89.6,1.959,408.0,,1309.0,561.0,1870.0,0.218,0.3,,,2.13,1.53,103.0,14.70%,29.40%,56%,15.14,30.28,57.58,51.0,22.13,14.0,22.44,28.56,0.166,2.02,0.091,0.812,18.6,6.1,102.3,0.25,,,,,1.0,90.0,0.0,24,,100.0,200.0,,,,,,,,,,,,,,,,,,,,,,,,,,,,,,,,,,,,
95.0,[1],FA-II,47.8,24.4,17.4,2.42,1.99,0.31,0.55,0.29,1.328,2.0,0.0,0.0,0.0,1.1,89.6,1.959,408.0,,1309.0,561.0,1870.0,0.218,0.3,,,2.13,1.53,103.0,14.70%,29.40%,56%,15.14,30.28,57.58,51.0,22.13,14.0,22.44,28.56,0.166,2.02,0.091,0.812,18.6,6.1,102.3,0.25,,,,,1.0,60.0,0.0,24,,100.0,200.0,,,,,,,,,,,,,,,,,,,,,,,,,,,,,,,,,,,,
96.0,[1],FA-II,47.8,24.4,17.4,2.42,1.99,0.31,0.55,0.29,1.328,2.0,0.0,0.0,0.0,1.1,89.6,1.959,408.0,,1309.0,561.0,1870.0,0.218,0.3,,,2.13,1.53,103.0,14.70%,29.40%,56%,15.14,30.28,57.58,51.0,22.13,14.0,22.44,28.56,0.166,2.02,0.091,0.812,18.6,6.1,102.3,0.25,,,,,1.0,60.0,0.0,24,,100.0,200.0,,,,,,,,,,,,,,,,,,,,,,,,,,,,,,,,,,,,
97.0,[1],FA-II,47.8,24.4,17.4,2.42,1.99,0.31,0.55,0.29,1.328,2.0,0.0,0.0,0.0,1.1,89.6,1.959,476.0,,1294.0,554.0,1848.0,0.258,0.3,,,2.13,1.53,120.0,14.70%,29.40%,56%,17.64,35.28,67.08,48.0,11.9,8.0,32.64,15.36,0.136,2.5,0.062,1.194,0.0,0.0,99.7,0.21,,,,,1.0,60.0,0.0,24,,100.0,200.0,,,,,,,,61.0,58.0,60.0,63.0,,,59.0,56.0,58.0,61.0,,,,,,,,,,,,,,,,,,,
98.0,[1],FA-II,47.8,24.4,17.4,2.42,1.99,0.31,0.55,0.29,1.328,2.0,0.0,0.0,0.0,1.1,89.6,1.959,476.0,,1294.0,554.0,1848.0,0.258,0.3,,,2.13,1.53,120.0,14.70%,29.40%,56%,17.64,35.28,67.08,48.0,11.9,8.0,32.64,15.36,0.136,2.5,0.062,1.194,0.0,0.0,99.7,0.21,,,,,0.0,60.0,0.0,24,,100.0,200.0,,,,,,,,,25.0,,,,,,24.0,,,,,,,,,,,,,,,,,,,,,
99.0,[1],FA-II,47.8,24.4,17.4,2.42,1.99,0.31,0.55,0.29,1.328,2.0,0.0,0.0,0.0,1.1,89.6,1.959,476.0,,1294.0,554.0,1848.0,0.258,0.3,,,2.13,1.53,120.0,14.70%,29.40%,56%,17.64,35.28,67.08,48.0,11.9,8.0,32.64,15.36,0.136,2.5,0.062,1.194,0.0,0.0,99.7,0.21,,,,,0.0,60.0,0.0,24,,100.0,200.0,,,,,,,,,31.0,,,,,,30.0,,,,,,,,,,,,,,,,,,,,,
100.0,[1],FA-II,47.8,24.4,17.4,2.42,1.99,0.31,0.55,0.29,1.328,2.0,0.0,0.0,0.0,1.1,89.6,1.959,476.0,,1294.0,554.0,1848.0,0.258,0.3,,,2.13,1.53,120.0,14.70%,29.40%,56%,17.64,35.28,67.08,48.0,11.9,8.0,32.64,15.36,0.136,2.5,0.062,1.194,0.0,0.0,99.7,0.21,,,,,1.0,60.0,0.0,24,,100.0,200.0,,,,,,,,,41.0,,,,,,40.0,,,,,,,,,,,,,,,,,,,,,
101.0,[1],FA-II,47.8,24.4,17.4,2.42,1.99,0.31,0.55,0.29,1.328,2.0,0.0,0.0,0.0,1.1,89.6,1.959,476.0,,1294.0,554.0,1848.0,0.258,0.3,,,2.13,1.53,120.0,14.70%,29.40%,56%,17.64,35.28,67.08,48.0,11.9,8.0,32.64,15.36,0.136,2.5,0.062,1.194,0.0,0.0,99.7,0.21,,,,,2.0,60.0,0.0,24,,100.0,200.0,,,,,,,,,72.0,,,,,,70.0,,,,,,,,,,,,,,,,,,,,,
102.0,[1],FA-II,47.8,24.4,17.4,2.42,1.99,0.31,0.55,0.29,1.328,2.0,0.0,0.0,0.0,1.1,89.6,1.959,476.0,,1294.0,554.0,1848.0,0.258,0.3,,,2.13,1.53,120.0,14.70%,29.40%,56%,17.64,35.28,67.08,48.0,11.9,8.0,32.64,15.36,0.136,2.5,0.062,1.194,0.0,0.0,99.7,0.21,,,,,3.0,60.0,0.0,24,,100.0,200.0,,,,,,,,,77.0,,,,,,75.0,,,,,,,,,,,,,,,,,,,,,
103.0,[1],FA-II,47.8,24.4,17.4,2.42,1.99,0.31,0.55,0.29,1.328,2.0,0.0,0.0,0.0,1.1,89.6,1.959,476.0,,1294.0,554.0,1848.0,0.258,0.3,,,2.13,1.53,120.0,14.70%,29.40%,56%,17.64,35.28,67.08,48.0,11.9,8.0,32.64,15.36,0.136,2.5,0.062,1.194,0.0,0.0,99.7,0.21,,,,,4.0,60.0,0.0,24,,100.0,200.0,,,,,,,,,82.0,,,,,,80.0,,,,,,,,,,,,,,,,,,,,,
104.0,[1],FA-II,47.8,24.4,17.4,2.42,1.99,0.31,0.55,0.29,1.328,2.0,0.0,0.0,0.0,1.1,89.6,1.959,476.0,,1294.0,554.0,1848.0,0.258,0.3,,,2.13,1.53,120.0,14.70%,29.40%,56%,17.64,35.28,67.08,48.0,11.9,8.0,32.64,15.36,0.136,2.5,0.062,1.194,0.0,4.1,102.2,0.21,,,,,1.0,60.0,0.0,24,,100.0,200.0,,,,,,,,,56.0,,,,,,54.0,,,,,,,,,,,,,,,,,,,,,
105.0,[1],FA-II,47.8,24.4,17.4,2.42,1.99,0.31,0.55,0.29,1.328,2.0,0.0,0.0,0.0,1.1,89.6,1.959,476.0,,1294.0,554.0,1848.0,0.258,0.3,,,2.13,1.53,120.0,14.70%,29.40%,56%,17.64,35.28,67.08,48.0,11.9,8.0,32.64,15.36,0.136,2.5,0.062,1.194,0.0,6.1,103.4,0.22,,,,,1.0,60.0,0.0,24,,100.0,200.0,,,,,,,,,58.0,,,,,,56.0,,,,,,,,,,,,,,,,,,,,,
106.0,[1],FA-II,47.8,24.4,17.4,2.42,1.99,0.31,0.55,0.29,1.328,2.0,0.0,0.0,0.0,1.1,89.6,1.959,476.0,,1294.0,554.0,1848.0,0.258,0.3,,,2.13,1.53,120.0,14.70%,29.40%,56%,17.64,35.28,67.08,48.0,11.9,8.0,32.64,15.36,0.136,2.5,0.062,1.194,0.0,8.2,104.6,0.22,,,,,1.0,60.0,0.0,24,,100.0,200.0,,,,,,,,,57.0,,,,,,55.0,,,,,,,,,,,,,,,,,,,,,
107.0,[1],FA-II,47.8,24.4,17.4,2.42,1.99,0.31,0.55,0.29,1.328,2.0,0.0,0.0,0.0,1.1,89.6,1.959,476.0,,1294.0,554.0,1848.0,0.258,0.3,,,2.13,1.53,120.0,14.70%,29.40%,56%,17.64,35.28,67.08,48.0,11.9,8.0,32.64,15.36,0.136,2.5,0.062,1.194,0.0,10.2,105.8,0.22,,,,,1.0,60.0,0.0,24,,100.0,200.0,,,,,,,,,50.0,,,,,,49.0,,,,,,,,,,,,,,,,,,,,,
108.0,[1],FA-II,47.8,24.4,17.4,2.42,1.99,0.31,0.55,0.29,1.328,2.0,0.0,0.0,0.0,1.1,89.6,1.959,476.0,,1294.0,554.0,1848.0,0.258,0.3,,,2.13,1.53,120.0,14.70%,29.40%,56%,17.64,35.28,67.08,48.0,11.9,8.0,32.64,15.36,0.136,2.5,0.062,1.194,0.0,12.2,107.0,0.22,,,,,1.0,60.0,0.0,24,,100.0,200.0,,,,,,,,,50.0,,,,,,49.0,,,,,,,,,,,,,,,,,,,,,
109.0,[1],FA-II,47.8,24.4,17.4,2.42,1.99,0.31,0.55,0.29,1.328,2.0,0.0,0.0,0.0,1.1,89.6,1.959,476.0,,1294.0,554.0,1848.0,0.258,0.3,,,2.13,1.53,120.0,14.70%,29.40%,56%,17.64,35.28,67.08,48.0,11.9,8.0,32.64,15.36,0.136,2.5,0.062,1.194,0.0,14.3,108.3,0.23,,,,,1.0,60.0,0.0,24,,100.0,200.0,,,,,,,,,46.0,,,,,,45.0,,,,,,,,,,,,,,,,,,,,,
110.0,[1],FA-II,47.8,24.4,17.4,2.42,1.99,0.31,0.55,0.29,1.328,2.0,0.0,0.0,0.0,1.1,89.6,1.959,476.0,,1294.0,554.0,1848.0,0.258,0.3,,,2.13,1.53,120.0,14.70%,29.40%,56%,17.64,35.28,67.08,48.0,11.9,8.0,32.64,15.36,0.136,2.5,0.062,1.194,0.0,4.1,102.2,0.21,,,,,1.0,60.0,0.041666667,24,,100.0,200.0,,,,,,,,,56.0,,,,,,54.0,,,,,,,,,,,,,,,,,,,,,
111.0,[1],FA-II,47.8,24.4,17.4,2.42,1.99,0.31,0.55,0.29,1.328,2.0,0.0,0.0,0.0,1.1,89.6,1.959,476.0,,1294.0,554.0,1848.0,0.258,0.3,,,2.13,1.53,120.0,14.70%,29.40%,56%,17.64,35.28,67.08,48.0,11.9,8.0,32.64,15.36,0.136,2.5,0.062,1.194,0.0,6.1,103.4,0.22,,,,,1.0,60.0,0.041666667,24,,100.0,200.0,,,,,,,,,58.0,,,,,,56.0,,,,,,,,,,,,,,,,,,,,,
112.0,[1],FA-II,47.8,24.4,17.4,2.42,1.99,0.31,0.55,0.29,1.328,2.0,0.0,0.0,0.0,1.1,89.6,1.959,476.0,,1294.0,554.0,1848.0,0.258,0.3,,,2.13,1.53,120.0,14.70%,29.40%,56%,17.64,35.28,67.08,48.0,11.9,8.0,32.64,15.36,0.136,2.5,0.062,1.194,0.0,8.2,104.6,0.22,,,,,1.0,60.0,0.041666667,24,,100.0,200.0,,,,,,,,,57.0,,,,,,55.0,,,,,,,,,,,,,,,,,,,,,
113.0,[1],FA-II,47.8,24.4,17.4,2.42,1.99,0.31,0.55,0.29,1.328,2.0,0.0,0.0,0.0,1.1,89.6,1.959,476.0,,1294.0,554.0,1848.0,0.258,0.3,,,2.13,1.53,120.0,14.70%,29.40%,56%,17.64,35.28,67.08,48.0,11.9,8.0,32.64,15.36,0.136,2.5,0.062,1.194,0.0,10.2,105.8,0.22,,,,,1.0,60.0,0.041666667,24,,100.0,200.0,,,,,,,,,50.0,,,,,,49.0,,,,,,,,,,,,,,,,,,,,,
114.0,[1],FA-II,47.8,24.4,17.4,2.42,1.99,0.31,0.55,0.29,1.328,2.0,0.0,0.0,0.0,1.1,89.6,1.959,476.0,,1294.0,554.0,1848.0,0.258,0.3,,,2.13,1.53,120.0,14.70%,29.40%,56%,17.64,35.28,67.08,48.0,11.9,8.0,32.64,15.36,0.136,2.5,0.062,1.194,0.0,12.2,107.0,0.22,,,,,1.0,60.0,0.041666667,24,,100.0,200.0,,,,,,,,,50.0,,,,,,49.0,,,,,,,,,,,,,,,,,,,,,
115.0,[1],FA-II,47.8,24.4,17.4,2.42,1.99,0.31,0.55,0.29,1.328,2.0,0.0,0.0,0.0,1.1,89.6,1.959,476.0,,1294.0,554.0,1848.0,0.258,0.3,,,2.13,1.53,120.0,14.70%,29.40%,56%,17.64,35.28,67.08,48.0,11.9,8.0,32.64,15.36,0.136,2.5,0.062,1.194,0.0,14.3,108.3,0.23,,,,,1.0,60.0,0.041666667,24,,100.0,200.0,,,,,,,,,46.0,,,,,,45.0,,,,,,,,,,,,,,,,,,,,,
116.0,[1],FA-II,47.8,24.4,17.4,2.42,1.99,0.31,0.55,0.29,1.328,2.0,0.0,0.0,0.0,1.1,89.6,1.959,476.0,,1294.0,554.0,1848.0,0.258,0.3,,,2.13,1.53,120.0,14.70%,29.40%,56%,17.64,35.28,67.08,48.0,11.9,8.0,32.64,15.36,0.136,2.5,0.062,1.194,0.0,6.1,103.4,0.22,,,,,1.0,30.0,0.0,24,,100.0,200.0,,,,,,,,,35.0,,,,,,34.0,,,,,,,,,,,,,,,,,,,,,
117.0,[1],FA-II,47.8,24.4,17.4,2.42,1.99,0.31,0.55,0.29,1.328,2.0,0.0,0.0,0.0,1.1,89.6,1.959,476.0,,1294.0,554.0,1848.0,0.258,0.3,,,2.13,1.53,120.0,14.70%,29.40%,56%,17.64,35.28,67.08,48.0,11.9,8.0,32.64,15.36,0.136,2.5,0.062,1.194,0.0,6.1,103.4,0.22,,,,,1.0,45.0,0.0,24,,100.0,200.0,,,,,,,,,41.0,,,,,,40.0,,,,,,,,,,,,,,,,,,,,,
118.0,[1],FA-II,47.8,24.4,17.4,2.42,1.99,0.31,0.55,0.29,1.328,2.0,0.0,0.0,0.0,1.1,89.6,1.959,476.0,,1294.0,554.0,1848.0,0.258,0.3,,,2.13,1.53,120.0,14.70%,29.40%,56%,17.64,35.28,67.08,48.0,11.9,8.0,32.64,15.36,0.136,2.5,0.062,1.194,0.0,6.1,103.4,0.22,,,,,1.0,60.0,0.0,24,,100.0,200.0,,,,,,,,,63.0,,,,,,61.0,,,,,,,,,,,,,,,,,,,,,
119.0,[1],FA-II,47.8,24.4,17.4,2.42,1.99,0.31,0.55,0.29,1.328,2.0,0.0,0.0,0.0,1.1,89.6,1.959,476.0,,1294.0,554.0,1848.0,0.258,0.3,,,2.13,1.53,120.0,14.70%,29.40%,56%,17.64,35.28,67.08,48.0,11.9,8.0,32.64,15.36,0.136,2.5,0.062,1.194,0.0,6.1,103.4,0.22,,,,,1.0,75.0,0.0,24,,100.0,200.0,,,,,,,,,64.0,,,,,,62.0,,,,,,,,,,,,,,,,,,,,,
120.0,[1],FA-II,47.8,24.4,17.4,2.42,1.99,0.31,0.55,0.29,1.328,2.0,0.0,0.0,0.0,1.1,89.6,1.959,476.0,,1294.0,554.0,1848.0,0.258,0.3,,,2.13,1.53,120.0,14.70%,29.40%,56%,17.64,35.28,67.08,48.0,11.9,8.0,32.64,15.36,0.136,2.5,0.062,1.194,0.0,6.1,103.4,0.22,,,,,1.0,90.0,0.0,24,,100.0,200.0,,,,,,,,,63.0,,,,,,61.0,,,,,,,,,,,,,,,,,,,,,
121.0,[1],FA-II,47.8,24.4,17.4,2.42,1.99,0.31,0.55,0.29,1.328,2.0,0.0,0.0,0.0,1.1,89.6,1.959,476.0,,1294.0,554.0,1848.0,0.258,0.3,,,2.13,1.53,120.0,14.70%,29.40%,56%,17.64,35.28,67.08,48.0,11.9,8.0,32.64,15.36,0.136,2.5,0.062,1.194,0.0,6.1,103.4,0.22,,,,,0.0,45.0,0.0,24,,100.0,200.0,,,,,,,,,33.0,,,,,,32.0,,,,,,,,,,,,,,,,,,,,,
122.0,[1],FA-II,47.8,24.4,17.4,2.42,1.99,0.31,0.55,0.29,1.328,2.0,0.0,0.0,0.0,1.1,89.6,1.959,476.0,,1294.0,554.0,1848.0,0.258,0.3,,,2.13,1.53,120.0,14.70%,29.40%,56%,17.64,35.28,67.08,48.0,11.9,8.0,32.64,15.36,0.136,2.5,0.062,1.194,0.0,6.1,103.4,0.22,,,,,0.0,60.0,0.0,24,,100.0,200.0,,,,,,,,,42.0,,,,,,41.0,,,,,,,,,,,,,,,,,,,,,
123.0,[1],FA-II,47.8,24.4,17.4,2.42,1.99,0.31,0.55,0.29,1.328,2.0,0.0,0.0,0.0,1.1,89.6,1.959,476.0,,1294.0,554.0,1848.0,0.258,0.3,,,2.13,1.53,120.0,14.70%,29.40%,56%,17.64,35.28,67.08,48.0,11.9,8.0,32.64,15.36,0.136,2.5,0.062,1.194,0.0,6.1,103.4,0.22,,,,,0.0,75.0,0.0,24,,100.0,200.0,,,,,,,,,48.0,,,,,,47.0,,,,,,,,,,,,,,,,,,,,,
124.0,[1],FA-II,47.8,24.4,17.4,2.42,1.99,0.31,0.55,0.29,1.328,2.0,0.0,0.0,0.0,1.1,89.6,1.959,476.0,,1294.0,554.0,1848.0,0.258,0.3,,,2.13,1.53,120.0,14.70%,29.40%,56%,17.64,35.28,67.08,48.0,11.9,8.0,32.64,15.36,0.136,2.5,0.062,1.194,0.0,6.1,103.4,0.22,,,,,0.0,90.0,0.0,24,,100.0,200.0,,,,,,,,,51.0,,,,,,50.0,,,,,,,,,,,,,,,,,,,,,
125.0,[1],FA-II,47.8,24.4,17.4,2.42,1.99,0.31,0.55,0.29,1.328,2.0,0.0,0.0,0.0,1.1,89.6,1.959,476.0,,1294.0,554.0,1848.0,0.258,0.3,,,2.13,1.53,120.0,14.70%,29.40%,56%,17.64,35.28,67.08,48.0,11.9,8.0,32.64,15.36,0.136,2.5,0.062,1.194,0.0,6.1,103.4,0.22,,,,,1.0,60.0,0.04,24,,100.0,200.0,,,,,,,,,61.0,,,,,,59.0,,,,,,,,,,,,,,,,,,,,,
126.0,[1],FA-II,47.8,24.4,17.4,2.42,1.99,0.31,0.55,0.29,1.328,2.0,0.0,0.0,0.0,1.1,89.6,1.959,476.0,,1294.0,554.0,1848.0,0.258,0.3,,,2.13,1.53,120.0,14.70%,29.40%,56%,17.64,35.28,67.08,48.0,11.9,8.0,32.64,15.36,0.136,2.5,0.062,1.194,0.0,6.1,103.4,0.22,,,,,1.0,60.0,0.0,24,,100.0,200.0,,,,,,,,,61.0,,,,,,59.0,,,,,,,,,,,,,,,,,,,,,
127.0,[2],Batch,53.09,24.8,8.01,2.44,1.94,0.73,3.78,0.23,0.0,0.0,0.0,0.0,0.0,3.59,85.9,2.141,465.0,,1036.99115,823.0088496,1860.0,0.25,0.442,,,,,38.3625,8.20%,27.80%,64%,3.15,10.66,24.55,217.39,84.24,12.5,108.69,108.69,0.211,0.176,0.188,0.122,0.0,0.0,133.2,0.29,,,,,1.0,85.0,,24,150.0,,,,,,43.5,,,,,,,,,,,,34.8,,,,,,,,,,,,,,,,,,,,
128.0,[3],GBII Beam,48.0,29.0,12.7,1.76,0.89,0.39,0.55,0.5,1.67,1.69,0.0,0.0,0.0,1.61,89.7,1.655,404.0,,1190.0,640.0,1830.0,0.221,0.35,,,,,102.0,14.70%,29.40%,56%,14.99,29.99,57.02,41.0,17.79,14.0,18.04,22.96,0.155,2.488,0.081,0.915,17.0,6.0,95.7,0.24,250.0,,,,1.0,60.0,,24,,100.0,200.0,,,,,,,,,49.5,,,,,,48.0,,,,,,,,,,,,,,,,,,,,,
129.0,[3],GCI Column,48.0,29.0,12.7,1.76,0.89,0.39,0.55,0.5,1.67,1.69,0.0,0.0,0.0,1.61,89.7,1.655,404.0,,1190.0,640.0,1830.0,0.221,0.35,,,,,102.0,14.70%,29.40%,56%,14.99,29.99,57.02,41.0,17.79,14.0,18.04,22.96,0.155,2.488,0.081,0.915,16.5,6.0,95.2,0.24,240.0,,,,1.0,60.0,,24,,100.0,200.0,,,,,,,,,66.0,,,,,,64.0,,,,,,,,,,,,,,,,,,,,,
130.0,[3],GCIII Column,47.8,24.4,17.4,2.42,1.19,0.31,0.55,0.29,1.328,2.0,0.0,0.0,0.0,1.1,89.6,1.959,408.0,,1202.0,647.0,1849.0,0.221,0.35,,,,,103.0,14.70%,29.40%,56%,15.14,30.28,57.58,41.0,20.34,16.0,14.76,26.24,0.161,2.512,0.087,0.854,26.0,6.0,101.9,0.25,219.0,,,,1.0,60.0,,24,,100.0,200.0,,,,,,,,,42.0,,,,,,41.0,,,,,,,,,,,,,,,,,,,,,
131.0,[4],GP1,50.3,26.3,13.6,2.27,1.44,0.36,0.55,0.32,0.0,1.58,0.0,0.0,0.0,0.6,90.2,1.913,408.0,,1201.0,647.0,1848.0,0.221,0.35,,,,,103.0,14.73%,29.75%,56%,15.17,30.64,57.19,41.0,17.79,14.0,18.04,22.96,0.156,2.512,0.081,0.929,0.0,6.1,78.9,0.19,260.0,,,,1.0,60.0,,24,,100.0,200.0,,,,,,,,,30.92,34.86,,,,,30.0,34.0,,,,,,,,,,,,,,,,,,10.0067,,
132.0,[4],GP2,50.3,26.3,13.6,2.27,1.44,0.36,0.55,0.32,0.0,1.58,0.0,0.0,0.0,0.6,90.2,1.913,408.0,,1201.0,647.0,1848.0,0.221,0.35,,,,,103.0,14.73%,29.75%,56%,15.17,30.64,57.19,41.0,17.79,14.0,18.04,22.96,0.156,2.512,0.081,0.929,0.0,6.1,78.9,0.19,230.0,,,,1.0,60.0,,24,,100.0,200.0,,,,,,,,,38.32,41.36,,,,,37.0,40.0,,,,,,,,,,,,,,,,,,9.3675,,
133.0,[4],GP3,50.3,26.3,13.6,2.27,1.44,0.36,0.55,0.32,0.0,1.58,0.0,0.0,0.0,0.6,90.2,1.913,408.0,,1201.0,647.0,1848.0,0.221,0.35,,,,,103.0,14.73%,29.75%,56%,15.17,30.64,57.19,41.0,17.79,14.0,18.04,22.96,0.156,2.512,0.081,0.929,0.0,6.1,78.9,0.19,270.0,,,,1.0,60.0,,24,,100.0,200.0,,,,,,,,,67.09,67.53,,,,,65.0,66.0,,,,,,,,,,,,,,,,,,8.80593,,
134.0,[4],GP4,50.3,26.3,13.6,2.27,1.44,0.36,0.55,0.32,0.0,1.58,0.0,0.0,0.0,0.6,90.2,1.913,444.0,,1140.0,630.0,1770.0,0.251,0.356,,,,,111.0,14.73%,29.75%,56%,15.17,30.64,57.19,44.0,19.1,14.0,18.04,24.64,0.146,2.523,0.077,0.894,0.0,6.1,78.9,0.18,270.0,,,,1.0,60.0,,24,,100.0,200.0,,,,,,,,,45.96,48.06,,,,,45.0,47.0,,,,,,,,,,,,,,,,,,12.5235,,
135.0,[4],GP5,50.3,26.3,13.6,2.27,1.44,0.36,0.55,0.32,0.0,1.58,0.0,0.0,0.0,0.6,90.2,1.913,356.0,,1248.0,672.0,1920.0,0.185,0.35,,,,,89.0,14.73%,29.75%,56%,16.35,33.02,61.63,36.0,15.62,14.0,19.36,20.16,0.183,2.472,0.09,1.033,0.0,6.1,84.6,0.24,260.0,,,,1.0,60.0,,24,,100.0,200.0,,,,,,,,,24.19,25.44,,,,,23.0,25.0,,,,,,,,,,,,,,,,,,10.5696,,
136.0,[4],GP6,50.3,26.3,13.6,2.27,1.44,0.36,0.55,0.32,0.0,1.58,0.0,0.0,0.0,0.6,90.2,1.913,424.0,,1201.0,647.0,1848.0,0.229,0.35,,,,,91.0,14.73%,29.75%,56%,13.11,26.48,49.41,36.0,15.62,14.0,15.84,20.16,0.13,2.528,0.068,0.922,0.0,6.1,68.9,0.16,240.0,,,,1.0,60.0,,24,,100.0,200.0,,,,,,,,,32.45,36.13,,,,,32.0,35.0,,,,,,,,,,,,,,,,,,9.15326,,
137.0,[4],GP7,50.3,26.3,13.6,2.27,1.44,0.36,0.55,0.32,0.0,1.58,0.0,0.0,0.0,0.6,90.2,1.913,381.0,,1201.0,647.0,1848.0,0.206,0.35,,,,,122.0,14.73%,29.75%,56%,15.17,30.64,57.19,49.0,21.27,14.0,18.04,27.44,0.176,2.49,0.096,0.841,0.0,6.1,78.9,0.21,260.0,,,,1.0,60.0,,24,,100.0,200.0,,,,,,,,,35.14,35.51,,,,,34.0,34.0,,,,,,,,,,,,,,,,,,9.13454,,
138.0,[4],GP8,50.3,26.3,13.6,2.27,1.44,0.36,0.55,0.32,0.0,1.58,0.0,0.0,0.0,0.6,90.2,1.913,408.0,,1292.0,554.0,1846.0,0.221,0.3,,,,,103.0,14.73%,29.75%,56%,13.4,27.07,50.52,41.0,17.79,14.0,15.84,22.96,0.143,2.512,0.076,0.868,0.0,6.1,70.0,0.17,250.0,,,,1.0,60.0,,24,,100.0,200.0,,,,,,,,,32.0,36.0,,,,,31.0,35.0,,,,,,,,,,,,,,,,,,8.93967,,
139.0,[5],G7.5-0.75,49.45,29.61,10.72,3.47,1.3,0.31,0.54,0.27,1.76,0.53,0.0,0.17,0.0,1.45,89.78,1.67,476.0,,1039.0,784.0,1823.0,0.261,0.43,,,,,90.0,14.70%,29.40%,56%,13.23,26.46,50.31,95.0,29.45,10.0,57.0,38.0,0.145,0.947,0.09,0.62,40.0,0.0,147.3,0.31,300.0,,,,,25.0,,24,,100.0,200.0,,,,,,,,,39.1,44.4,46.1,,,,38.0,43.0,45.0,,,,,,,,,,,,,,,,,,,
140.0,[5],G7.5-1.00,49.45,29.61,10.72,3.47,1.3,0.31,0.54,0.27,1.76,0.53,0.0,0.17,0.0,1.45,89.78,1.67,467.0,,1039.0,784.0,1823.0,0.256,0.43,,,,,119.0,14.70%,29.40%,56%,17.49,34.99,66.52,75.0,23.25,10.0,45.0,30.0,0.162,1.587,0.087,0.859,38.0,0.0,149.5,0.32,300.0,,,,,25.0,,24,,100.0,200.0,,,,,,,,,51.3,53.3,53.6,,,,50.0,52.0,52.0,,,,,,,,,,,,,,,,,,,
141.0,[5],G7.5-1.25,49.45,29.61,10.72,3.47,1.3,0.31,0.54,0.27,1.76,0.53,0.0,0.17,0.0,1.45,89.78,1.67,461.0,,1039.0,784.0,1823.0,0.253,0.43,,,,,147.0,14.70%,29.40%,56%,21.61,43.22,82.17,56.0,17.36,10.0,33.6,22.4,0.178,2.625,0.085,1.109,36.0,0.0,151.8,0.33,300.0,,,,,25.0,,24,,100.0,200.0,,,,,,,,,52.5,56.9,57.3,,,,51.0,55.0,56.0,,,,,,,,,,,,,,,,,,,
142.0,[6],,61.18,25.0,6.47,1.34,0.0,0.051,0.0,0.0,0.0,0.0,0.0,0.0,0.0,1.63,92.65,2.447,400.0,2.4,1056.0,704.0,1760.0,0.227,0.4,2.64,2.43,,,171.42,12.65%,29.93%,57%,21.68,51.31,98.43,68.57,21.26,10.0,41.14,27.43,0.236,2.5,0.107,1.195,0.0,6.0,143.2,0.36,160.0,,,,1.0,60.0,0.041666667,24,100.0,,,,,25.22,27.02,,,,,,,,,,,19.0,21.0,,,,,,,,,,,,,,,,,,,,
143.0,[6],,61.18,25.0,6.47,1.34,0.0,0.051,0.0,0.0,0.0,0.0,0.0,0.0,0.0,1.63,92.65,2.447,400.0,2.4,1056.0,704.0,1760.0,0.227,0.4,2.64,2.43,,,171.42,12.65%,29.93%,57%,21.68,51.31,98.43,68.57,25.51,12.0,35.66,32.91,0.246,2.5,0.118,1.087,0.0,6.0,137.7,0.34,140.0,,,,1.0,60.0,0.041666667,24,100.0,,,,,27.38,29.33,,,,,,,,,,,21.0,22.0,,,,,,,,,,,,,,,,,,,,
144.0,[6],,61.18,25.0,6.47,1.34,0.0,0.051,0.0,0.0,0.0,0.0,0.0,0.0,0.0,1.63,92.65,2.447,400.0,2.4,1056.0,704.0,1760.0,0.227,0.4,2.64,2.43,,,171.42,12.65%,29.93%,57%,21.68,51.31,98.43,68.57,29.76,14.0,30.17,38.4,0.257,2.5,0.129,0.997,0.0,6.0,132.2,0.33,135.0,,,,1.0,60.0,0.041666667,24,100.0,,,,,28.18,31.0,,,,,,,,,,,21.0,24.0,,,,,,,,,,,,,,,,,,,,
145.0,[6],,61.18,25.0,6.47,1.34,0.0,0.051,0.0,0.0,0.0,0.0,0.0,0.0,0.0,1.63,92.65,2.447,400.0,2.4,1056.0,704.0,1760.0,0.227,0.4,2.64,2.43,,,171.42,12.65%,29.93%,57%,21.68,51.31,98.43,68.57,34.01,16.0,24.69,43.88,0.268,2.5,0.139,0.921,0.0,6.0,126.7,0.32,110.0,,,,1.0,60.0,0.041666667,24,100.0,,,,,29.8,32.2,,,,,,,,,,,23.0,25.0,,,,,,,,,,,,,,,,,,,,
146.0,[7],,51.19,24.0,6.6,5.57,2.4,2.12,1.14,0.88,0.1,0.0,0.0,0.0,0.0,0.0,81.79,2.133,400.0,,950.0,850.0,1800.0,0.222,0.472,,,,,143.0,14.26%,29.43%,56%,20.39,42.08,80.52,57.0,21.2,12.0,29.64,27.36,0.209,2.509,0.104,1.012,40.0,28.0,167.0,0.42,,,,,1.0,70.0,,Oven,100.0,,,,53.46,,,,,,,,,,,,42.0,,,,,,,,,,,,,,,,,,,,,,
147.0,[7],,51.19,24.0,6.6,5.57,2.4,2.12,1.14,0.88,0.1,0.0,0.0,0.0,0.0,0.0,81.79,2.133,400.0,,950.0,850.0,1800.0,0.222,0.472,,,,,143.0,14.26%,29.43%,56%,20.39,42.08,80.52,57.0,21.2,12.0,29.64,27.36,0.209,2.509,0.104,1.012,48.0,28.0,175.0,0.44,,,,,1.0,70.0,,Oven,100.0,,,,45.01,,,,,,,,,,,,34.0,,,,,,,,,,,,,,,,,,,,,,
148.0,[7],,51.19,24.0,6.6,5.57,2.4,2.12,1.14,0.88,0.1,0.0,0.0,0.0,0.0,0.0,81.79,2.133,400.0,,950.0,850.0,1800.0,0.222,0.472,,,,,143.0,14.26%,29.43%,56%,20.39,42.08,80.52,57.0,21.2,12.0,29.64,27.36,0.209,2.509,0.104,1.012,60.0,28.0,187.0,0.47,,,,,1.0,70.0,,Oven,100.0,,,,37.31,,,,,,,,,,,,28.0,,,,,,,,,,,,,,,,,,,,,,
149.0,[7],,51.19,24.0,6.6,5.57,2.4,2.12,1.14,0.88,0.1,0.0,0.0,0.0,0.0,0.0,81.79,2.133,400.0,,950.0,850.0,1800.0,0.222,0.472,,,,,143.0,14.26%,29.43%,56%,20.39,42.08,80.52,57.0,21.2,12.0,29.64,27.36,0.209,2.509,0.104,1.012,80.0,28.0,207.0,0.52,,,,,1.0,70.0,,Oven,100.0,,,,22.58,,,,,,,,,,,,17.0,,,,,,,,,,,,,,,,,,,,,,
150.0,[7],,51.19,24.0,6.6,5.57,2.4,2.12,1.14,0.88,0.1,0.0,0.0,0.0,0.0,0.0,81.79,2.133,400.0,,950.0,850.0,1800.0,0.222,0.472,,,,,143.0,14.26%,29.43%,56%,20.39,42.08,80.52,57.0,21.2,12.0,29.64,27.36,0.209,2.509,0.104,1.012,48.0,28.0,175.0,0.44,,,,,2.0,70.0,,Oven,100.0,,,,51.03,,,,,,,,,,,,40.0,,,,,,,,,,,,,,,,,,,,,,
151.0,[7],,51.19,24.0,6.6,5.57,2.4,2.12,1.14,0.88,0.1,0.0,0.0,0.0,0.0,0.0,81.79,2.133,400.0,,950.0,850.0,1800.0,0.222,0.472,,,,,143.0,14.26%,29.43%,56%,20.39,42.08,80.52,57.0,21.2,12.0,29.64,27.36,0.209,2.509,0.104,1.012,48.0,28.0,175.0,0.44,,,,,3.0,70.0,,Oven,100.0,,,,51.41,,,,,,,,,,,,41.0,,,,,,,,,,,,,,,,,,,,,,
152.0,[7],,51.19,24.0,6.6,5.57,2.4,2.12,1.14,0.88,0.1,0.0,0.0,0.0,0.0,0.0,81.79,2.133,400.0,,950.0,850.0,1800.0,0.222,0.472,,,,,143.0,14.26%,29.43%,56%,20.39,42.08,80.52,57.0,21.2,12.0,29.64,27.36,0.209,2.509,0.104,1.012,48.0,28.0,175.0,0.44,,,,,4.0,70.0,,Oven,100.0,,,,51.68,,,,,,,,,,,,41.0,,,,,,,,,,,,,,,,,,,,,,
153.0,[7],,51.19,24.0,6.6,5.57,2.4,2.12,1.14,0.88,0.1,0.0,0.0,0.0,0.0,0.0,81.79,2.133,400.0,,950.0,850.0,1800.0,0.222,0.472,,,,,143.0,14.26%,29.43%,56%,20.39,42.08,80.52,57.0,21.2,12.0,29.64,27.36,0.209,2.509,0.104,1.012,48.0,28.0,175.0,0.44,,,,,1.0,60.0,,Oven,100.0,,,,44.81,,,,,,,,,,,,34.0,,,,,,,,,,,,,,,,,,,,,,
154.0,[7],,51.19,24.0,6.6,5.57,2.4,2.12,1.14,0.88,0.1,0.0,0.0,0.0,0.0,0.0,81.79,2.133,400.0,,950.0,850.0,1800.0,0.222,0.472,,,,,143.0,14.26%,29.43%,56%,20.39,42.08,80.52,57.0,21.2,12.0,29.64,27.36,0.209,2.509,0.104,1.012,48.0,28.0,175.0,0.44,,,,,1.0,80.0,,Oven,100.0,,,,48.56,,,,,,,,,,,,38.0,,,,,,,,,,,,,,,,,,,,,,
155.0,[7],,51.19,24.0,6.6,5.57,2.4,2.12,1.14,0.88,0.1,0.0,0.0,0.0,0.0,0.0,81.79,2.133,400.0,,950.0,850.0,1800.0,0.222,0.472,,,,,143.0,14.26%,29.43%,56%,20.39,42.08,80.52,57.0,21.2,12.0,29.64,27.36,0.209,2.509,0.104,1.012,48.0,28.0,175.0,0.44,,,,,1.0,90.0,,Oven,100.0,,,,47.99,,,,,,,,,,,,38.0,,,,,,,,,,,,,,,,,,,,,,
156.0,[8],,37.77,19.13,7.33,22.45,4.81,1.8,0.0,1.56,0.0,0.0,0.0,0.0,0.0,0.0,64.23,1.974,494.0,,858.0,691.0,1549.0,0.319,0.446,,,,,111.15,15.00%,30.00%,55%,16.67,33.35,61.13,111.15,48.24,14.0,48.91,62.24,0.199,1.0,0.131,0.514,0.0,15.0,119.0,0.24,,,,1.5,3.0,60.0,1.0,Oven,,150.0,300.0,,,,,,,,59.5,,,,,,60.0,,,,,,,,,,,,,,,33.633,,,,,,,
157.0,[8],,32.41,18.4,7.17,28.07,5.11,2.28,0.41,2.04,0.0,0.0,0.0,0.0,0.0,0.0,57.98,1.761,494.0,,858.0,691.0,1549.0,0.319,0.446,,,,,111.15,15.00%,30.00%,55%,16.67,33.35,61.13,111.15,48.24,14.0,48.91,62.24,0.199,1.0,0.131,0.514,0.0,15.0,119.0,0.24,,,,2.0,3.0,60.0,1.0,Oven,,150.0,300.0,,,,,,,,52.28,,,,,,52.0,,,,,,,,,,,,,,,34.377,,,,,,,
158.0,[8],,55.61,19.87,4.52,12.93,2.49,0.67,0.86,0.49,0.0,0.0,0.0,0.0,0.0,0.0,80.0,2.799,494.0,,858.0,691.0,1549.0,0.319,0.446,,,,,98.8,15.00%,30.00%,55%,14.82,29.64,54.34,98.8,42.88,14.0,43.47,55.33,0.177,1.0,0.117,0.514,0.0,15.0,106.8,0.22,,,,25.0,3.0,60.0,1.0,Oven,,150.0,300.0,,,,,,,,55.89,,,,,,56.0,,,,,,,,,,,,,,,37.108,,,,,,,
159.0,[8],,58.52,20.61,9.43,5.0,1.86,0.52,0.0,0.49,0.0,0.0,0.0,0.0,0.0,0.0,88.56,2.839,494.0,,858.0,691.0,1549.0,0.319,0.446,,,,,98.8,15.00%,30.00%,55%,14.82,29.64,54.34,98.8,42.88,14.0,43.47,55.33,0.177,1.0,0.117,0.514,0.0,15.0,106.8,0.22,,,,180.0,3.0,60.0,1.0,Oven,,150.0,300.0,,,,,,,,40.35,,,,,,40.0,,,,,,,,,,,,,,,28.599,,,,,,,
160.0,[8],,61.01,20.06,7.0,5.48,2.26,0.82,1.27,0.28,0.0,0.0,0.0,0.0,0.0,0.0,88.07,3.041,494.0,,858.0,691.0,1549.0,0.319,0.446,,,,,98.8,15.00%,30.00%,55%,14.82,29.64,54.34,98.8,42.88,14.0,43.47,55.33,0.177,1.0,0.117,0.514,0.0,15.0,106.8,0.22,,,,350.0,3.0,60.0,1.0,Oven,,150.0,300.0,,,,,,,,47.55,,,,,,48.0,,,,,,,,,,,,,,,29.475,,,,,,,
161.0,[8],,61.23,19.2,7.27,5.64,2.23,1.13,1.28,0.29,0.0,0.0,0.0,0.0,0.0,0.0,87.7,3.189,494.0,,858.0,691.0,1549.0,0.319,0.446,,,,,98.8,15.00%,30.00%,55%,14.82,29.64,54.34,98.8,42.88,14.0,43.47,55.33,0.177,1.0,0.117,0.514,0.0,15.0,106.8,0.22,,,,320.0,3.0,60.0,1.0,Oven,,150.0,300.0,,,,,,,,46.69,,,,,,47.0,,,,,,,,,,,,,,,29.358,,,,,,,
162.0,[8],,62.12,19.59,6.88,5.01,2.18,0.88,1.37,0.21,0.0,0.0,0.0,0.0,0.0,0.0,88.59,3.171,494.0,,858.0,691.0,1549.0,0.319,0.446,,,,,98.8,15.00%,30.00%,55%,14.82,29.64,54.34,98.8,42.88,14.0,43.47,55.33,0.177,1.0,0.117,0.514,0.0,15.0,106.8,0.22,,,,240.0,3.0,60.0,1.0,Oven,,150.0,300.0,,,,,,,,46.79,,,,,,47.0,,,,,,,,,,,,,,,28.517,,,,,,,
163.0,[8],,59.32,19.72,7.22,6.9,2.23,1.11,1.27,0.36,0.0,0.0,0.0,0.0,0.0,0.0,86.26,3.008,494.0,,858.0,691.0,1549.0,0.319,0.446,,,,,98.8,15.00%,30.00%,55%,14.82,29.64,54.34,98.8,42.88,14.0,43.47,55.33,0.177,1.0,0.117,0.514,0.0,15.0,106.8,0.22,,,,400.0,3.0,60.0,1.0,Oven,,150.0,300.0,,,,,,,,46.11,,,,,,46.0,,,,,,,,,,,,,,,26.455,,,,,,,
164.0,[8],,48.7,16.6,6.93,18.72,3.91,0.71,1.22,0.85,0.0,0.0,0.0,0.0,0.0,0.0,72.23,2.934,494.0,,858.0,691.0,1549.0,0.319,0.446,,,,,98.8,15.00%,30.00%,55%,14.82,29.64,54.34,98.8,42.88,14.0,43.47,55.33,0.177,1.0,0.117,0.514,0.0,15.0,106.8,0.22,,,,20.0,3.0,60.0,1.0,Oven,,150.0,300.0,,,,,,,,80.37,,,,,,80.0,,,,,,,,,,,,,,,42.878,,,,,,,
165.0,[8],,55.07,28.61,6.22,1.97,1.08,0.38,2.63,0.19,0.0,0.0,0.0,0.0,0.0,0.0,89.9,1.925,494.0,,858.0,691.0,1549.0,0.319,0.446,,,,,123.5,15.00%,30.00%,55%,18.53,37.05,67.93,123.5,53.6,14.0,54.34,69.16,0.221,1.0,0.146,0.514,0.0,15.0,131.3,0.27,,,,480.0,3.0,60.0,1.0,Oven,,150.0,300.0,,,,,,,,47.44,,,,,,47.0,,,,,,,,,,,,,,,25.635,,,,,,,
166.0,[8],,56.22,27.15,3.73,5.43,0.77,1.47,1.0,0.22,0.0,0.0,0.0,0.0,0.0,0.0,87.1,2.071,494.0,,858.0,691.0,1549.0,0.319,0.446,,,,,187.72,15.00%,30.00%,55%,28.16,56.32,103.25,187.72,81.47,14.0,82.6,105.12,0.336,1.0,0.222,0.514,0.0,15.0,194.8,0.39,,,,140.0,3.0,60.0,1.0,Oven,,150.0,300.0,,,,,,,,12.2,,,,,,12.0,,,,,,,,,,,,,,,7.04,,,,,,,
167.0,[8],,56.39,27.36,3.34,4.69,0.75,1.5,0.95,0.26,0.0,0.0,0.0,0.0,0.0,0.0,87.09,2.061,494.0,,858.0,691.0,1549.0,0.319,0.446,,,,,232.18,15.00%,30.00%,55%,34.83,69.65,127.7,232.18,100.77,14.0,102.16,130.02,0.415,1.0,0.274,0.514,0.0,15.0,238.9,0.48,,,,60.0,3.0,60.0,1.0,Oven,,150.0,300.0,,,,,,,,12.82,,,,,,13.0,,,,,,,,,,,,,,,6.812,,,,,,,
168.0,[8],,57.11,28.18,4.0,5.18,0.82,1.53,1.05,0.28,0.0,0.0,0.0,0.0,0.0,0.0,89.29,2.027,494.0,,858.0,691.0,1549.0,0.319,0.446,,,,,163.02,15.00%,30.00%,55%,24.45,48.91,89.66,163.02,70.75,14.0,71.73,91.29,0.292,1.0,0.193,0.514,0.0,15.0,170.4,0.34,,,,70.0,3.0,60.0,1.0,Oven,,150.0,300.0,,,,,,,,20.68,,,,,,21.0,,,,,,,,,,,,,,,7.96,,,,,,,
169.0,[8],,57.35,27.78,3.65,5.57,0.82,1.42,1.01,0.18,0.0,0.0,0.0,0.0,0.0,0.0,88.78,2.064,494.0,,858.0,691.0,1549.0,0.319,0.446,,,,,192.66,15.00%,30.00%,55%,28.9,57.8,105.96,192.66,83.61,14.0,84.77,107.89,0.345,1.0,0.228,0.514,0.0,15.0,199.7,0.4,,,,25.0,3.0,60.0,1.0,Oven,,150.0,300.0,,,,,,,,10.34,,,,,,10.0,,,,,,,,,,,,,,,7.46,,,,,,,
170.0,[8],,40.75,22.79,17.76,4.64,1.23,1.33,2.19,1.29,0.0,0.0,0.0,0.0,0.0,0.0,81.3,1.788,494.0,,858.0,691.0,1549.0,0.319,0.446,,,,,98.8,15.00%,30.00%,55%,14.82,29.64,54.34,98.8,42.88,14.0,43.47,55.33,0.177,1.0,0.117,0.514,0.0,15.0,106.8,0.22,,,,480.0,3.0,60.0,1.0,Oven,,150.0,300.0,,,,,,,,46.56,,,,,,47.0,,,,,,,,,,,,,,,28.744,,,,,,,
171.0,[8],,36.18,17.7,10.59,2.26,1.2,0.73,1.59,0.2,0.0,0.0,0.0,0.0,0.0,0.0,64.47,2.044,494.0,,858.0,691.0,1549.0,0.319,0.446,,,,,167.96,15.00%,30.00%,55%,25.19,50.39,92.38,167.96,72.89,14.0,73.9,94.06,0.301,1.0,0.199,0.514,0.0,15.0,175.3,0.35,,,,600.0,3.0,60.0,1.0,Oven,,150.0,300.0,,,,,,,,49.24,,,,,,49.0,,,,,,,,,,,,,,,19.278,,,,,,,
172.0,[8],,39.25,21.09,4.99,23.53,4.45,1.47,0.57,0.85,0.0,0.0,0.0,0.0,0.0,0.0,65.33,1.861,494.0,,858.0,691.0,1549.0,0.319,0.446,,,,,111.15,15.00%,30.00%,55%,16.67,33.35,61.13,111.15,48.24,14.0,48.91,62.24,0.199,1.0,0.131,0.514,0.0,15.0,119.0,0.24,,,,8.0,3.0,60.0,1.0,Oven,,150.0,300.0,,,,,,,,61.38,,,,,,61.0,,,,,,,,,,,,,,,31.447,,,,,,,
173.0,[8],,33.02,19.82,6.75,26.19,6.34,1.92,0.35,1.36,0.0,0.0,0.0,0.0,0.0,0.0,59.59,1.666,494.0,,858.0,691.0,1549.0,0.319,0.446,,,,,98.8,15.00%,30.00%,55%,14.82,29.64,54.34,98.8,42.88,14.0,43.47,55.33,0.177,1.0,0.117,0.514,0.0,15.0,106.8,0.22,,,,6.0,3.0,60.0,1.0,Oven,,150.0,300.0,,,,,,,,39.19,,,,,,39.0,,,,,,,,,,,,,,,19.064,,,,,,,
174.0,[8],,59.25,18.43,5.61,9.23,3.23,0.5,1.63,0.35,0.0,0.0,0.0,0.0,0.0,0.0,83.29,3.215,494.0,,858.0,691.0,1549.0,0.319,0.446,,,,,98.8,15.00%,30.00%,55%,14.82,29.64,54.34,98.8,42.88,14.0,43.47,55.33,0.177,1.0,0.117,0.514,0.0,15.0,106.8,0.22,,,,45.0,3.0,60.0,1.0,Oven,,150.0,300.0,,,,,,,,43.38,,,,,,43.0,,,,,,,,,,,,,,,25.607,,,,,,,
175.0,[8],,56.42,17.63,5.74,11.66,3.09,0.67,1.9,0.62,0.0,0.0,0.0,0.0,0.0,0.0,79.79,3.2,494.0,,858.0,691.0,1549.0,0.319,0.446,,,,,98.8,15.00%,30.00%,55%,14.82,29.64,54.34,98.8,42.88,14.0,43.47,55.33,0.177,1.0,0.117,0.514,0.0,15.0,106.8,0.22,,,,285.0,3.0,60.0,1.0,Oven,,150.0,300.0,,,,,,,,53.7,,,,,,54.0,,,,,,,,,,,,,,,28.91,,,,,,,
176.0,[8],,27.15,17.57,6.08,33.39,5.45,2.45,0.33,2.38,0.0,0.0,0.0,0.0,0.0,0.0,50.8,1.545,494.0,,858.0,691.0,1549.0,0.319,0.446,,,,,98.8,15.00%,30.00%,55%,14.82,29.64,54.34,98.8,42.88,14.0,43.47,55.33,0.177,1.0,0.117,0.514,0.0,15.0,106.8,0.22,,,,4.0,3.0,60.0,1.0,Oven,,150.0,300.0,,,,,,,,36.54,,,,,,37.0,,,,,,,,,,,,,,,26.972,,,,,,,
177.0,[8],,31.26,19.76,6.47,28.53,4.81,2.27,0.47,1.45,0.0,0.0,0.0,0.0,0.0,0.0,57.49,1.582,494.0,,858.0,691.0,1549.0,0.319,0.446,,,,,98.8,15.00%,30.00%,55%,14.82,29.64,54.34,98.8,42.88,14.0,43.47,55.33,0.177,1.0,0.117,0.514,0.0,15.0,106.8,0.22,,,,2.0,3.0,60.0,1.0,Oven,,150.0,300.0,,,,,,,,57.18,,,,,,57.0,,,,,,,,,,,,,,,29.448,,,,,,,
178.0,[8],,30.85,17.07,6.79,28.47,5.99,3.1,0.44,2.82,0.0,0.0,0.0,0.0,0.0,0.0,54.71,1.807,494.0,,858.0,691.0,1549.0,0.319,0.446,,,,,123.5,15.00%,30.00%,55%,18.53,37.05,67.93,123.5,53.6,14.0,54.34,69.16,0.221,1.0,0.146,0.514,0.0,15.0,131.3,0.27,,,,3.0,3.0,60.0,1.0,Oven,,150.0,300.0,,,,,,,,42.81,,,,,,43.0,,,,,,,,,,,,,,,22.567,,,,,,,
179.0,[8],,55.15,23.55,4.63,10.6,2.03,0.34,0.94,0.42,0.0,0.0,0.0,0.0,0.0,0.0,83.33,2.342,494.0,,858.0,691.0,1549.0,0.319,0.446,,,,,98.8,15.00%,30.00%,55%,14.82,29.64,54.34,98.8,42.88,14.0,43.47,55.33,0.177,1.0,0.117,0.514,0.0,15.0,106.8,0.22,,,,55.0,3.0,60.0,1.0,Oven,,150.0,300.0,,,,,,,,62.19,,,,,,62.0,,,,,,,,,,,,,,,29.896,,,,,,,
180.0,[9],S1,51.3,30.1,4.57,8.73,0.0,0.0,1.56,1.4,0.698,1.6,0.0,0.0,0.0,0.0,85.97,1.704,400.0,,950.0,850.0,1800.0,0.222,0.472,2.66,2.61,,,143.0,14.26%,29.43%,56%,20.39,42.08,80.52,57.0,21.2,12.0,29.64,27.36,0.209,2.509,0.104,1.012,48.0,28.0,175.0,0.44,,,,,1.0,70.0,,24,100.0,,,45.0,46.0,47.0,49.0,,,,,,,,,36.0,36.0,37.0,38.0,,,,,,,,,,,,,,,,,,,,
181.0,[9],S2,51.3,30.1,4.57,8.73,0.0,0.0,1.56,1.4,0.698,1.6,0.0,0.0,0.0,0.0,85.97,1.704,400.0,,950.0,850.0,1800.0,0.222,0.472,2.66,2.61,,,143.0,14.26%,29.43%,56%,20.39,42.08,80.52,57.0,21.2,12.0,29.64,27.36,0.209,2.509,0.104,1.012,48.0,28.0,175.0,0.44,,,,,2.0,70.0,,24,100.0,,,51.0,52.0,52.0,54.0,,,,,,,,,40.0,41.0,41.0,43.0,,,,,,,,,,,,,,,,,,,,
182.0,[9],S3,51.3,30.1,4.57,8.73,0.0,0.0,1.56,1.4,0.698,1.6,0.0,0.0,0.0,0.0,85.97,1.704,400.0,,950.0,850.0,1800.0,0.222,0.472,2.66,2.61,,,143.0,14.26%,29.43%,56%,20.39,42.08,80.52,57.0,21.2,12.0,29.64,27.36,0.209,2.509,0.104,1.012,48.0,28.0,175.0,0.44,,,,,3.0,70.0,,24,100.0,,,51.0,52.0,53.0,54.0,,,,,,,,,41.0,41.0,42.0,43.0,,,,,,,,,,,,,,,,,,,,
183.0,[9],S4,51.3,30.1,4.57,8.73,0.0,0.0,1.56,1.4,0.698,1.6,0.0,0.0,0.0,0.0,85.97,1.704,400.0,,950.0,850.0,1800.0,0.222,0.472,2.66,2.61,,,143.0,14.26%,29.43%,56%,20.39,42.08,80.52,57.0,21.2,12.0,29.64,27.36,0.209,2.509,0.104,1.012,48.0,28.0,175.0,0.44,,,,,4.0,70.0,,24,100.0,,,52.0,52.0,53.0,54.0,,,,,,,,,41.0,41.0,42.0,43.0,,,,,,,,,,,,,,,,,,,,
184.0,[9],S5,51.3,30.1,4.57,8.73,0.0,0.0,1.56,1.4,0.698,1.6,0.0,0.0,0.0,0.0,85.97,1.704,400.0,,950.0,850.0,1800.0,0.222,0.472,2.66,2.61,,,143.0,14.26%,29.43%,56%,20.39,42.08,80.52,57.0,21.2,12.0,29.64,27.36,0.209,2.509,0.104,1.012,48.0,28.0,175.0,0.44,,,,,2.0,60.0,,24,100.0,,,45.0,46.0,46.0,48.0,,,,,,,,,35.0,36.0,36.0,38.0,,,,,,,,,,,,,,,,,,,,
185.0,[9],S6,51.3,30.1,4.57,8.73,0.0,0.0,1.56,1.4,0.698,1.6,0.0,0.0,0.0,0.0,85.97,1.704,400.0,,950.0,850.0,1800.0,0.222,0.472,2.66,2.61,,,143.0,14.26%,29.43%,56%,20.39,42.08,80.52,57.0,21.2,12.0,29.64,27.36,0.209,2.509,0.104,1.012,48.0,28.0,175.0,0.44,,,,,2.0,70.0,,24,100.0,,,51.0,52.0,52.0,54.0,,,,,,,,,40.0,41.0,41.0,43.0,,,,,,,,,,,,,,,,,,,,
186.0,[9],S7,51.3,30.1,4.57,8.73,0.0,0.0,1.56,1.4,0.698,1.6,0.0,0.0,0.0,0.0,85.97,1.704,400.0,,950.0,850.0,1800.0,0.222,0.472,2.66,2.61,,,143.0,14.26%,29.43%,56%,20.39,42.08,80.52,57.0,21.2,12.0,29.64,27.36,0.209,2.509,0.104,1.012,48.0,28.0,175.0,0.44,,,,,2.0,80.0,,24,100.0,,,49.0,49.0,50.0,51.0,,,,,,,,,38.0,39.0,39.0,40.0,,,,,,,,,,,,,,,,,,,,
187.0,[9],S8,51.3,30.1,4.57,8.73,0.0,0.0,1.56,1.4,0.698,1.6,0.0,0.0,0.0,0.0,85.97,1.704,400.0,,950.0,850.0,1800.0,0.222,0.472,2.66,2.61,,,143.0,14.26%,29.43%,56%,20.39,42.08,80.52,57.0,21.2,12.0,29.64,27.36,0.209,2.509,0.104,1.012,48.0,28.0,175.0,0.44,,,,,2.0,90.0,,24,100.0,,,48.0,49.0,50.0,50.0,,,,,,,,,38.0,39.0,39.0,40.0,,,,,,,,,,,,,,,,,,,,
188.0,[10],,51.19,24.0,6.6,5.57,2.4,2.12,1.14,0.88,0.0,0.0,0.0,0.0,0.0,0.0,81.79,2.133,400.0,,950.0,850.0,1800.0,0.222,0.472,,,,,143.0,14.73%,29.75%,56%,21.06,42.54,79.39,57.0,21.2,12.0,29.64,27.36,0.212,2.509,0.106,1.007,40.0,28.0,165.8,0.41,,630.0,,,1.0,70.0,,External exposure,100.0,,,,53.5,,,,,,,,,,,,42.0,,,,,,,,,,,,,,,,,,,,,,
189.0,[10],,51.19,24.0,6.6,5.57,2.4,2.12,1.14,0.88,0.0,0.0,0.0,0.0,0.0,0.0,81.79,2.133,400.0,,950.0,850.0,1800.0,0.222,0.472,,,,,143.0,14.73%,29.75%,56%,21.06,42.54,79.39,57.0,21.2,12.0,29.64,27.36,0.212,2.509,0.106,1.007,48.0,28.0,173.8,0.43,,710.0,,,1.0,70.0,,External exposure,100.0,,,,45.0,,,,,,,,,,,,36.0,,,,,,,,,,,,,,,,,,,,,,
190.0,[10],,51.19,24.0,6.6,5.57,2.4,2.12,1.14,0.88,0.0,0.0,0.0,0.0,0.0,0.0,81.79,2.133,400.0,,950.0,850.0,1800.0,0.222,0.472,,,,,143.0,14.73%,29.75%,56%,21.06,42.54,79.39,57.0,21.2,12.0,29.64,27.36,0.212,2.509,0.106,1.007,60.0,28.0,185.8,0.46,,770.0,,,1.0,70.0,,External exposure,100.0,,,,37.3,,,,,,,,,,,,28.0,,,,,,,,,,,,,,,,,,,,,,
191.0,[10],,51.19,24.0,6.6,5.57,2.4,2.12,1.14,0.88,0.0,0.0,0.0,0.0,0.0,0.0,81.79,2.133,400.0,,950.0,850.0,1800.0,0.222,0.472,,,,,143.0,14.73%,29.75%,56%,21.06,42.54,79.39,57.0,21.2,12.0,29.64,27.36,0.212,2.509,0.106,1.007,80.0,28.0,205.8,0.51,,820.0,,,1.0,70.0,,External exposure,100.0,,,,22.6,,,,,,,,,,,,17.0,,,,,,,,,,,,,,,,,,,,,,
192.0,[10],,51.19,24.0,6.6,5.57,2.4,2.12,1.14,0.88,0.0,0.0,0.0,0.0,0.0,0.0,81.79,2.133,400.0,,950.0,850.0,1800.0,0.222,0.472,,,,,143.0,14.73%,29.75%,56%,21.06,42.54,79.39,57.0,21.2,12.0,29.64,27.36,0.212,2.509,0.106,1.007,48.0,28.0,173.8,0.43,,710.0,,,2.0,70.0,,External exposure,100.0,,,,51.0,,,,,,,,,,,,40.0,,,,,,,,,,,,,,,,,,,,,,
193.0,[10],,51.19,24.0,6.6,5.57,2.4,2.12,1.14,0.88,0.0,0.0,0.0,0.0,0.0,0.0,81.79,2.133,400.0,,950.0,850.0,1800.0,0.222,0.472,,,,,143.0,14.73%,29.75%,56%,21.06,42.54,79.39,57.0,21.2,12.0,29.64,27.36,0.212,2.509,0.106,1.007,48.0,28.0,173.8,0.43,,710.0,,,3.0,70.0,,External exposure,100.0,,,,51.4,,,,,,,,,,,,41.0,,,,,,,,,,,,,,,,,,,,,,
194.0,[10],,51.19,24.0,6.6,5.57,2.4,2.12,1.14,0.88,0.0,0.0,0.0,0.0,0.0,0.0,81.79,2.133,400.0,,950.0,850.0,1800.0,0.222,0.472,,,,,143.0,14.73%,29.75%,56%,21.06,42.54,79.39,57.0,21.2,12.0,29.64,27.36,0.212,2.509,0.106,1.007,48.0,28.0,173.8,0.43,,710.0,,,4.0,70.0,,External exposure,100.0,,,,51.7,,,,,,,,,,,,41.0,,,,,,,,,,,,,,,,,,,,,,
195.0,[10],,51.19,24.0,6.6,5.57,2.4,2.12,1.14,0.88,0.0,0.0,0.0,0.0,0.0,0.0,81.79,2.133,400.0,,950.0,850.0,1800.0,0.222,0.472,,,,,143.0,14.73%,29.75%,56%,21.06,42.54,79.39,57.0,21.2,12.0,29.64,27.36,0.212,2.509,0.106,1.007,48.0,28.0,173.8,0.43,,710.0,,,2.0,60.0,,External exposure,100.0,,,,44.8,,,,,,,,,,,,34.0,,,,,,,,,,,,,,,,,,,,,,
196.0,[10],,51.19,24.0,6.6,5.57,2.4,2.12,1.14,0.88,0.0,0.0,0.0,0.0,0.0,0.0,81.79,2.133,400.0,,950.0,850.0,1800.0,0.222,0.472,,,,,143.0,14.73%,29.75%,56%,21.06,42.54,79.39,57.0,21.2,12.0,29.64,27.36,0.212,2.509,0.106,1.007,48.0,28.0,173.8,0.43,,710.0,,,2.0,80.0,,External exposure,100.0,,,,48.6,,,,,,,,,,,,38.0,,,,,,,,,,,,,,,,,,,,,,
197.0,[10],,51.19,24.0,6.6,5.57,2.4,2.12,1.14,0.88,0.0,0.0,0.0,0.0,0.0,0.0,81.79,2.133,400.0,,950.0,850.0,1800.0,0.222,0.472,,,,,143.0,14.73%,29.75%,56%,21.06,42.54,79.39,57.0,21.2,12.0,29.64,27.36,0.212,2.509,0.106,1.007,48.0,28.0,173.8,0.43,,710.0,,,2.0,90.0,,External exposure,100.0,,,,48.0,,,,,,,,,,,,38.0,,,,,,,,,,,,,,,,,,,,,,
198.0,[11],,50.5,26.57,13.77,2.13,1.54,0.45,0.77,0.41,0.0,0.0,0.0,0.0,0.0,0.0,90.84,1.901,408.0,2.2,1201.0,647.0,1848.0,0.221,0.35,2.64,2.58,,1.52,103.0,14.70%,29.40%,55.90%,15.14,30.28,57.58,41.0,17.79,14.0,18.04,22.96,0.155,2.512,0.081,0.919,25.8,6.1,105.1,0.26,260.0,,,,,24.0,,,,100.0,200.0,,,,,,,,,30.3785,34.5542,38.2416,,,,29.0,34.0,37.0,,,,,,,,,,,,,,,,,9.9014,10.5365,
199.0,[11],,50.5,26.57,13.77,2.13,1.54,0.45,0.77,0.41,0.0,0.0,0.0,0.0,0.0,0.0,90.84,1.901,408.0,2.2,1201.0,647.0,1848.0,0.221,0.35,2.64,2.58,,1.52,103.0,14.70%,29.40%,55.90%,15.14,30.28,57.58,41.0,17.79,14.0,18.04,22.96,0.155,2.512,0.081,0.919,20.7,6.1,100.0,0.25,230.0,,,,,24.0,,,,100.0,200.0,,,,,,,,,38.1139,40.7422,42.6619,,,,37.0,40.0,41.0,,,,,,,,,,,,,,,,,9.40486,9.52973,
200.0,[11],,50.5,26.57,13.77,2.13,1.54,0.45,0.77,0.41,0.0,0.0,0.0,0.0,0.0,0.0,90.84,1.901,408.0,2.2,1201.0,647.0,1848.0,0.221,0.35,2.64,2.58,,1.52,103.0,14.70%,29.40%,55.90%,15.14,30.28,57.58,41.0,17.79,14.0,18.04,22.96,0.155,2.512,0.081,0.919,16.5,6.1,95.8,0.23,270.0,,,,,24.0,,,,100.0,200.0,,,,,,,,,66.6218,67.0404,75.3689,,,,65.0,65.0,73.0,,,,,,,,,,,,,,,,,8.90942,9.41581,
201.0,[11],,50.5,26.57,13.77,2.13,1.54,0.45,0.77,0.41,0.0,0.0,0.0,0.0,0.0,0.0,90.84,1.901,444.0,2.2,1170.0,630.0,1800.0,0.247,0.35,2.64,2.58,,1.52,111.0,14.70%,29.40%,55.90%,16.32,32.63,62.05,44.0,19.1,14.0,19.36,24.64,0.153,2.523,0.08,0.921,25.8,6.1,110.9,0.25,260.0,,,,,24.0,,,,100.0,200.0,,,,,,,,,45.9068,48.3311,51.0629,,,,45.0,47.0,50.0,,,,,,,,,,,,,,,,,10.6032,10.7954,
202.0,[11],,50.5,26.57,13.77,2.13,1.54,0.45,0.77,0.41,0.0,0.0,0.0,0.0,0.0,0.0,90.84,1.901,356.0,2.2,1248.0,672.0,1920.0,0.185,0.35,2.64,2.58,,1.52,89.0,14.70%,29.40%,55.90%,13.08,26.17,49.75,36.0,15.62,14.0,15.84,20.16,0.154,2.472,0.081,0.912,25.8,6.1,95.1,0.27,240.0,,,,,24.0,,,,100.0,200.0,,,,,,,,,23.8906,25.3058,29.2141,,,,23.0,25.0,28.0,,,,,,,,,,,,,,,,,9.13706,9.39551,
203.0,[11],,50.5,26.57,13.77,2.13,1.54,0.45,0.77,0.41,0.0,0.0,0.0,0.0,0.0,0.0,90.84,1.901,424.0,2.2,1201.0,647.0,1848.0,0.229,0.35,2.64,2.58,,1.52,91.0,14.70%,29.40%,55.90%,13.38,26.75,50.87,36.0,15.62,14.0,15.84,20.16,0.131,2.528,0.068,0.922,25.8,6.1,96.2,0.23,250.0,,,,,24.0,,,,100.0,200.0,,,,,,,,,30.0759,33.5013,38.7775,,,,29.0,33.0,38.0,,,,,,,,,,,,,,,,,8.97141,9.09244,
204.0,[11],,50.5,26.57,13.77,2.13,1.54,0.45,0.77,0.41,0.0,0.0,0.0,0.0,0.0,0.0,90.84,1.901,381.0,2.2,1201.0,647.0,1848.0,0.206,0.35,2.64,2.58,,1.52,122.0,14.70%,29.40%,55.90%,17.93,35.87,68.2,49.0,21.27,14.0,21.56,27.44,0.197,2.49,0.103,0.915,25.8,6.1,119.2,0.31,250.0,,,,,24.0,,,,100.0,200.0,,,,,,,,,34.9942,35.3868,42.5482,,,,34.0,34.0,41.0,,,,,,,,,,,,,,,,,11.8884,11.8201,
205.0,[11],,50.5,26.57,13.77,2.13,1.54,0.45,0.77,0.41,0.0,0.0,0.0,0.0,0.0,0.0,90.84,1.901,408.0,2.2,1292.0,554.0,1846.0,0.221,0.3,2.64,2.58,,1.52,103.0,14.70%,29.40%,55.90%,15.14,30.28,57.58,41.0,17.79,14.0,18.04,22.96,0.155,2.512,0.081,0.919,25.8,6.1,105.1,0.26,260.0,,,,,24.0,,,,100.0,200.0,,,,,,,,,32.3826,36.0122,38.0211,,,,31.0,35.0,37.0,,,,,,,,,,,,,,,,,9.21752,10.6503,
206.0,[11],,50.5,26.57,13.77,2.13,1.54,0.45,0.77,0.41,0.0,0.0,0.0,0.0,0.0,0.0,90.84,1.901,408.0,2.2,1294.0,554.0,1848.0,0.221,0.3,2.64,2.58,,,103.0,14.70%,29.40%,55.90%,15.14,30.28,57.58,41.0,17.79,14.0,18.04,22.96,0.155,2.512,0.081,0.919,25.8,6.1,105.1,0.26,240.0,,,,,24.0,,,,100.0,200.0,,,,,,,,,30.9421,34.5727,39.0611,,,,30.0,34.0,38.0,,,,,,,,,,,,,,,,,10.376,10.3085,
207.0,[12],,48.3,30.5,12.1,2.8,1.2,0.2,0.4,0.3,0.0,0.0,0.0,0.0,0.0,1.7,90.9,1.584,381.0,,1294.0,554.0,1294.0,0.294,0.428,,,,,122.0,14.70%,29.40%,56%,17.93,35.87,68.2,49.0,12.15,8.0,33.32,15.68,0.173,2.49,0.079,1.192,0.0,0.0,101.5,0.27,,,,,1.0,25.0,,24,,100.0,200.0,,,,,,,,,,69.8,,,,,,68.0,,,,,5.0,,,,,4.505,,,,,35.5,,,,,
208.0,[12],,48.3,30.5,12.1,2.8,1.2,0.2,0.4,0.3,0.0,0.0,0.0,0.0,0.0,1.7,90.9,1.584,381.0,,1294.0,554.0,1848.0,0.206,0.3,,,,,140.0,14.70%,29.40%,56%,20.58,41.16,78.26,49.0,12.15,8.0,33.32,15.68,0.194,2.857,0.086,1.257,0.0,0.0,111.6,0.29,,,,,3.0,60.0,,24,,100.0,200.0,,,,,,,,,,72.1,,,,,,70.0,,,,,4.9,,,,,4.4149,,,,,36.1,,,,,
209.0,[12],,48.3,30.5,12.1,2.8,1.2,0.2,0.4,0.3,0.0,0.0,0.0,0.0,0.0,1.7,90.9,1.584,381.0,,1294.0,554.0,1848.0,0.206,0.3,,,,,117.0,14.70%,29.40%,56%,17.2,34.4,65.4,106.0,26.29,8.0,72.08,33.92,0.204,1.104,0.114,0.791,0.0,0.0,137.5,0.36,,,,,7.0,60.0,,24,,100.0,200.0,,,,,,,,,,77.9,,,,,,76.0,,,,,5.1,,,,,4.5951,,,,,46.1,,,,,
210.0,[13],M1A60R20,59.7,28.36,4.57,2.1,0.83,0.04,0.0,0.04,1.82,0.0,0.0,0.04,0.0,1.06,92.63,2.105,420.57,1.9,1273.07,318.27,1591.34,0.264,0.2,2.72,2.64,,1.54,165.2214286,16.27%,34.64%,49%,26.88,57.23,81.11,66.09,20.49,10.0,39.65,26.44,0.249,2.5,0.113,1.208,0.0,8.41,125.8,0.3,,,,,1.0,100.0,,24,150.0,,,,,38.0,,,,,,,,,,,,30.0,,,,,,,,,,,,,,,,,,,,,
211.0,[13],M1A60R25,59.7,28.36,4.57,2.1,0.83,0.04,0.0,0.04,1.82,0.0,0.0,0.04,0.0,1.06,92.63,2.105,420.57,1.9,1195.69,394.58,1590.27,0.264,0.248,2.72,2.64,,1.54,165.2214286,16.27%,34.64%,49%,26.88,57.23,81.11,66.09,20.49,10.0,39.65,26.44,0.249,2.5,0.113,1.208,0.0,8.41,125.8,0.3,,,,,1.0,100.0,,24,150.0,,,,,39.0,,,,,,,,,,,,31.0,,,,,,,,,,,,,,,,,,,,,
212.0,[13],M1A60R30,59.7,28.36,4.57,2.1,0.83,0.04,0.0,0.04,1.82,0.0,0.0,0.04,0.0,1.06,92.63,2.105,420.57,1.9,1112.14,476.66,1588.8,0.265,0.3,2.72,2.64,,1.54,165.2214286,16.27%,34.64%,49%,26.88,57.23,81.11,66.09,20.49,10.0,39.65,26.44,0.249,2.5,0.113,1.208,0.0,8.41,125.8,0.3,,,,,1.0,100.0,,24,150.0,,,,,40.0,,,,,,,,,,,,32.0,,,,,,,,,,,,,,,,,,,,,
213.0,[13],M1A60R35,59.7,28.36,4.57,2.1,0.83,0.04,0.0,0.04,1.82,0.0,0.0,0.04,0.0,1.06,92.63,2.105,420.57,1.9,1031.99,555.73,1587.72,0.265,0.35,2.72,2.64,,1.54,165.2214286,16.27%,34.64%,49%,26.88,57.23,81.11,66.09,20.49,10.0,39.65,26.44,0.249,2.5,0.113,1.208,0.0,8.41,125.8,0.3,,,,,1.0,100.0,,24,150.0,,,,,42.0,,,,,,,,,,,,33.0,,,,,,,,,,,,,,,,,,,,,
214.0,[13],M1A60R40,59.7,28.36,4.57,2.1,0.83,0.04,0.0,0.04,1.82,0.0,0.0,0.04,0.0,1.06,92.63,2.105,420.57,1.9,948.62,632.73,1581.35,0.266,0.4,2.72,2.64,,1.54,165.2214286,16.27%,34.64%,49%,26.88,57.23,81.11,66.09,20.49,10.0,39.65,26.44,0.249,2.5,0.113,1.208,0.0,8.41,125.8,0.3,,,,,1.0,100.0,,24,150.0,,,,,39.0,,,,,,,,,,,,31.0,,,,,,,,,,,,,,,,,,,,,
215.0,[13],M1A65R20,59.7,28.36,4.57,2.1,0.83,0.04,0.0,0.04,1.82,0.0,0.0,0.04,0.0,1.06,92.63,2.105,365.16,1.9,1379.16,344.79,1723.95,0.212,0.2,2.72,2.64,,1.54,150.6,16.27%,34.64%,49%,24.5,52.17,73.93,60.24,18.67,10.0,36.14,24.1,0.261,2.5,0.118,1.208,0.0,7.3,114.5,0.31,,,,,1.0,100.0,,24,150.0,,,,,40.0,,,,,,,,,,,,32.0,,,,,,,,,,,,,,,,,,,,,
216.0,[13],M1A65R25,59.7,28.36,4.57,2.1,0.83,0.04,0.0,0.04,1.82,0.0,0.0,0.04,0.0,1.06,92.63,2.105,365.16,1.9,1295.34,427.46,1722.8,0.212,0.248,2.72,2.64,,1.54,150.6,16.27%,34.64%,49%,24.5,52.17,73.93,60.24,18.67,10.0,36.14,24.1,0.261,2.5,0.118,1.208,0.0,7.3,114.5,0.31,,,,,1.0,100.0,,24,150.0,,,,,41.0,,,,,,,,,,,,33.0,,,,,,,,,,,,,,,,,,,,,
217.0,[13],M1A65R30,59.7,28.36,4.57,2.1,0.83,0.04,0.0,0.04,1.82,0.0,0.0,0.04,0.0,1.06,92.63,2.105,365.16,1.9,1204.82,516.38,1721.2,0.212,0.3,2.72,2.64,,1.54,150.6,16.27%,34.64%,49%,24.5,52.17,73.93,60.24,18.67,10.0,36.14,24.1,0.261,2.5,0.118,1.208,0.0,7.3,114.5,0.31,,,,,1.0,100.0,,24,150.0,,,,,42.0,,,,,,,,,,,,33.0,,,,,,,,,,,,,,,,,,,,,
218.0,[13],M1A65R35,59.7,28.36,4.57,2.1,0.83,0.04,0.0,0.04,1.82,0.0,0.0,0.04,0.0,1.06,92.63,2.105,365.16,1.9,1117.99,602.04,1720.03,0.212,0.35,2.72,2.64,,1.54,150.6,16.27%,34.64%,49%,24.5,52.17,73.93,60.24,18.67,10.0,36.14,24.1,0.261,2.5,0.118,1.208,0.0,7.3,114.5,0.31,,,,,1.0,100.0,,24,150.0,,,,,44.0,,,,,,,,,,,,35.0,,,,,,,,,,,,,,,,,,,,,
219.0,[13],M1A65R40,59.7,28.36,4.57,2.1,0.83,0.04,0.0,0.04,1.82,0.0,0.0,0.04,0.0,1.06,92.63,2.105,365.16,1.9,1027.67,685.46,1713.13,0.213,0.4,2.72,2.64,,1.54,150.6,16.27%,34.64%,49%,24.5,52.17,73.93,60.24,18.67,10.0,36.14,24.1,0.261,2.5,0.118,1.208,0.0,7.3,114.5,0.31,,,,,1.0,100.0,,24,150.0,,,,,42.0,,,,,,,,,,,,34.0,,,,,,,,,,,,,,,,,,,,,
220.0,[13],M1A70R20,59.7,28.36,4.57,2.1,0.83,0.04,0.0,0.04,1.82,0.0,0.0,0.04,0.0,1.06,92.63,2.105,309.85,1.9,1485.25,371.31,1856.56,0.167,0.2,2.72,2.64,,1.54,121.7214286,16.27%,34.64%,49%,19.8,42.16,59.75,48.69,15.09,10.0,29.21,19.48,0.249,2.5,0.113,1.208,0.0,6.2,92.7,0.3,,,,,1.0,100.0,,24,150.0,,,,,43.0,,,,,,,,,,,,34.0,,,,,,,,,,,,,,,,,,,,,
221.0,[13],M1A70R25,59.7,28.36,4.57,2.1,0.83,0.04,0.0,0.04,1.82,0.0,0.0,0.04,0.0,1.06,92.63,2.105,309.85,1.9,1394.98,460.34,1855.32,0.167,0.248,2.72,2.64,,1.54,121.7214286,16.27%,34.64%,49%,19.8,42.16,59.75,48.69,15.09,10.0,29.21,19.48,0.249,2.5,0.113,1.208,0.0,6.2,92.7,0.3,,,,,1.0,100.0,,24,150.0,,,,,45.0,,,,,,,,,,,,36.0,,,,,,,,,,,,,,,,,,,,,
222.0,[13],M1A70R30,59.7,28.36,4.57,2.1,0.83,0.04,0.0,0.04,1.82,0.0,0.0,0.04,0.0,1.06,92.63,2.105,309.85,1.9,1297.5,556.11,1853.61,0.167,0.3,2.72,2.64,,1.54,121.7214286,16.27%,34.64%,49%,19.8,42.16,59.75,48.69,15.09,10.0,29.21,19.48,0.249,2.5,0.113,1.208,0.0,6.2,92.7,0.3,,,,,1.0,100.0,,24,150.0,,,,,47.0,,,,,,,,,,,,39.0,,,,,,,,,,,,,,,,,,,,,
223.0,[13],M1A70R35,59.7,28.36,4.57,2.1,0.83,0.04,0.0,0.04,1.82,0.0,0.0,0.04,0.0,1.06,92.63,2.105,309.85,1.9,1203.99,648.35,1852.34,0.167,0.35,2.72,2.64,,1.54,121.7214286,16.27%,34.64%,49%,19.8,42.16,59.75,48.69,15.09,10.0,29.21,19.48,0.249,2.5,0.113,1.208,0.0,6.2,92.7,0.3,,,,,1.0,100.0,,24,150.0,,,,,52.0,,,,,,,,,,,,43.0,,,,,,,,,,,,,,,,,,,,,
224.0,[13],M1A70R40,59.7,28.36,4.57,2.1,0.83,0.04,0.0,0.04,1.82,0.0,0.0,0.04,0.0,1.06,92.63,2.105,309.85,1.9,1106.72,738.18,1844.9,0.168,0.4,2.72,2.64,,1.54,121.7214286,16.27%,34.64%,49%,19.8,42.16,59.75,48.69,15.09,10.0,29.21,19.48,0.249,2.5,0.113,1.208,0.0,6.2,92.7,0.3,,,,,1.0,100.0,,24,150.0,,,,,46.0,,,,,,,,,,,,37.0,,,,,,,,,,,,,,,,,,,,,
225.0,[13],M1A75R20,59.7,28.36,4.57,2.1,0.83,0.04,0.0,0.04,1.82,0.0,0.0,0.04,0.0,1.06,92.63,2.105,254.54,1.9,1591.34,397.83,1989.17,0.128,0.2,2.72,2.64,,1.54,99.99285714,16.27%,34.64%,49%,16.27,34.64,49.09,40.0,12.4,10.0,24.0,16.0,0.249,2.5,0.113,1.208,0.0,5.1,76.1,0.3,,,,,1.0,100.0,,24,150.0,,,,,33.0,,,,,,,,,,,,26.0,,,,,,,,,,,,,,,,,,,,,
226.0,[13],M1A75R25,59.7,28.36,4.57,2.1,0.83,0.04,0.0,0.04,1.82,0.0,0.0,0.04,0.0,1.06,92.63,2.105,254.54,1.9,1494.62,493.22,1987.84,0.128,0.248,2.72,2.64,,1.54,99.99285714,16.27%,34.64%,49%,16.27,34.64,49.09,40.0,12.4,10.0,24.0,16.0,0.249,2.5,0.113,1.208,0.0,5.1,76.1,0.3,,,,,1.0,100.0,,24,150.0,,,,,35.0,,,,,,,,,,,,28.0,,,,,,,,,,,,,,,,,,,,,
227.0,[13],M1A75R30,59.7,28.36,4.57,2.1,0.83,0.04,0.0,0.04,1.82,0.0,0.0,0.04,0.0,1.06,92.63,2.105,254.54,1.9,1390.18,595.83,1986.01,0.128,0.3,2.72,2.64,,1.54,99.99285714,16.27%,34.64%,49%,16.27,34.64,49.09,40.0,12.4,10.0,24.0,16.0,0.249,2.5,0.113,1.208,0.0,5.1,76.1,0.3,,,,,1.0,100.0,,24,150.0,,,,,41.0,,,,,,,,,,,,33.0,,,,,,,,,,,,,,,,,,,,,
228.0,[13],M1A75R35,59.7,28.36,4.57,2.1,0.83,0.04,0.0,0.04,1.82,0.0,0.0,0.04,0.0,1.06,92.63,2.105,254.54,1.9,1289.99,694.66,1984.65,0.128,0.35,2.72,2.64,,1.54,99.99285714,16.27%,34.64%,49%,16.27,34.64,49.09,40.0,12.4,10.0,24.0,16.0,0.249,2.5,0.113,1.208,0.0,5.1,76.1,0.3,,,,,1.0,100.0,,24,150.0,,,,,45.0,,,,,,,,,,,,36.0,,,,,,,,,,,,,,,,,,,,,
229.0,[13],M1A75R40,59.7,28.36,4.57,2.1,0.83,0.04,0.0,0.04,1.82,0.0,0.0,0.04,0.0,1.06,92.63,2.105,254.54,1.9,1185.77,790.91,1976.68,0.129,0.4,2.72,2.64,,1.54,99.99285714,16.27%,34.64%,49%,16.27,34.64,49.09,40.0,12.4,10.0,24.0,16.0,0.249,2.5,0.113,1.208,0.0,5.1,76.1,0.3,,,,,1.0,100.0,,24,150.0,,,,,40.0,,,,,,,,,,,,32.0,,,,,,,,,,,,,,,,,,,,,
230.0,[13],M3AL35W1,59.7,28.36,4.57,2.1,0.83,0.04,0.0,0.04,1.82,0.0,0.0,0.04,0.0,1.06,92.63,2.105,329.56,1.9,1203.99,648.35,1852.34,0.178,0.35,2.72,2.64,,1.54,82.5,16.27%,34.64%,49%,13.42,28.58,40.5,32.99,10.23,10.0,19.79,13.2,0.158,2.501,0.072,1.209,0.0,6.6,64.3,0.19,,,,,1.0,100.0,,24,150.0,,,,,40.0,,,,,,,,,,,,32.0,,,,,,,,,,,,,,,,,,,,,
231.0,[13],M3AL35W2,59.7,28.36,4.57,2.1,0.83,0.04,0.0,0.04,1.82,0.0,0.0,0.04,0.0,1.06,92.63,2.105,321.41,1.9,1203.99,648.35,1852.34,0.174,0.35,2.72,2.64,,1.54,80.35,16.27%,34.64%,49%,13.07,27.83,39.44,32.14,9.96,10.0,19.28,12.86,0.158,2.5,0.072,1.208,0.0,6.43,62.6,0.19,,,,,1.0,100.0,,24,150.0,,,,,38.0,,,,,,,,,,,,30.0,,,,,,,,,,,,,,,,,,,,,
232.0,[13],M3AL35W3,59.7,28.36,4.57,2.1,0.83,0.04,0.0,0.04,1.82,0.0,0.0,0.04,0.0,1.06,92.63,2.105,313.53,1.9,1203.99,648.35,1852.34,0.169,0.35,2.72,2.64,,1.54,78.22,16.27%,34.64%,49%,12.73,27.1,38.4,31.28,9.7,10.0,18.77,12.51,0.158,2.501,0.072,1.208,0.0,6.27,60.9,0.19,,,,,1.0,100.0,,24,150.0,,,,,35.0,,,,,,,,,,,,28.0,,,,,,,,,,,,,,,,,,,,,
233.0,[13],M3AL35W4,59.7,28.36,4.57,2.1,0.83,0.04,0.0,0.04,1.82,0.0,0.0,0.04,0.0,1.06,92.63,2.105,304.32,1.9,1203.99,648.35,1852.34,0.164,0.35,2.72,2.64,,1.54,76.07,16.27%,34.64%,49%,12.38,26.35,37.34,30.4,9.42,10.0,18.24,12.16,0.158,2.502,0.072,1.208,0.0,6.09,59.2,0.19,,,,,1.0,100.0,,24,150.0,,,,,31.0,,,,,,,,,,,,25.0,,,,,,,,,,,,,,,,,,,,,
234.0,[13],M3AL35W5,59.7,28.36,4.57,2.1,0.83,0.04,0.0,0.04,1.82,0.0,0.0,0.04,0.0,1.06,92.63,2.105,297.75,1.9,1203.99,648.35,1852.34,0.161,0.35,2.72,2.64,,1.54,74.44,16.27%,34.64%,49%,12.11,25.79,36.54,29.77,9.23,10.0,17.86,11.91,0.158,2.501,0.072,1.209,0.0,5.95,58.0,0.19,,,,,1.0,100.0,,24,150.0,,,,,30.0,,,,,,,,,,,,24.0,,,,,,,,,,,,,,,,,,,,,
235.0,[13],M3AL45W1,59.7,28.36,4.57,2.1,0.83,0.04,0.0,0.04,1.82,0.0,0.0,0.04,0.0,1.06,92.63,2.105,322.03,1.9,1203.99,648.35,1852.34,0.174,0.35,2.72,2.64,,1.54,103.51,16.27%,34.64%,49%,16.84,35.86,50.81,41.4,12.83,10.0,24.84,16.56,0.204,2.5,0.092,1.208,0.0,6.44,79.5,0.25,,,,,1.0,100.0,,24,150.0,,,,,49.0,,,,,,,,,,,,41.0,,,,,,,,,,,,,,,,,,,,,
236.0,[13],M3AL45W2,59.7,28.36,4.57,2.1,0.83,0.04,0.0,0.04,1.82,0.0,0.0,0.04,0.0,1.06,92.63,2.105,313.56,1.9,1203.99,648.35,1852.34,0.169,0.35,2.72,2.64,,1.54,100.79,16.27%,34.64%,49%,16.4,34.91,49.48,40.31,12.5,10.0,24.19,16.12,0.203,2.5,0.092,1.208,0.0,6.27,77.4,0.25,,,,,1.0,100.0,,24,150.0,,,,,45.0,,,,,,,,,,,,36.0,,,,,,,,,,,,,,,,,,,,,
237.0,[13],M3AL45W3,59.7,28.36,4.57,2.1,0.83,0.04,0.0,0.04,1.82,0.0,0.0,0.04,0.0,1.06,92.63,2.105,305.08,1.9,1203.99,648.35,1852.34,0.165,0.35,2.72,2.64,,1.54,98.07,16.27%,34.64%,49%,15.96,33.97,48.14,39.22,12.16,10.0,23.53,15.69,0.204,2.501,0.092,1.208,0.0,6.1,75.3,0.25,,,,,1.0,100.0,,24,150.0,,,,,42.0,,,,,,,,,,,,33.0,,,,,,,,,,,,,,,,,,,,,
238.0,[13],M3AL45W4,59.7,28.36,4.57,2.1,0.83,0.04,0.0,0.04,1.82,0.0,0.0,0.04,0.0,1.06,92.63,2.105,296.6,1.9,1203.99,648.35,1852.34,0.16,0.35,2.72,2.64,,1.54,95.34,16.27%,34.64%,49%,15.51,33.03,46.8,38.13,11.82,10.0,22.88,15.25,0.204,2.5,0.092,1.209,0.0,5.93,73.2,0.25,,,,,1.0,100.0,,24,150.0,,,,,39.0,,,,,,,,,,,,31.0,,,,,,,,,,,,,,,,,,,,,
239.0,[13],M3AL45W5,59.7,28.36,4.57,2.1,0.83,0.04,0.0,0.04,1.82,0.0,0.0,0.04,0.0,1.06,92.63,2.105,289.95,1.9,1203.99,648.35,1852.34,0.157,0.35,2.72,2.64,,1.54,93.2,16.27%,34.64%,49%,15.16,32.28,45.75,37.28,11.56,10.0,22.37,14.91,0.203,2.5,0.092,1.208,0.0,5.8,71.6,0.25,,,,,1.0,100.0,,24,150.0,,,,,35.0,,,,,,,,,,,,28.0,,,,,,,,,,,,,,,,,,,,,
240.0,[13],M3AL55W1,59.7,28.36,4.57,2.1,0.83,0.04,0.0,0.04,1.82,0.0,0.0,0.04,0.0,1.06,92.63,2.105,314.11,1.9,1203.99,648.35,1852.34,0.17,0.35,2.72,2.64,,1.54,123.4,16.27%,34.64%,49%,20.08,42.75,60.58,49.36,15.3,10.0,29.62,19.74,0.249,2.5,0.113,1.208,0.0,6.28,94.0,0.3,,,,,1.0,100.0,,24,150.0,,,,,60.0,,,,,,,,,,,,51.0,,,,,,,,,,,,,,,,,,,,,
241.0,[13],M3AL55W2,59.7,28.36,4.57,2.1,0.83,0.04,0.0,0.04,1.82,0.0,0.0,0.04,0.0,1.06,92.63,2.105,305.59,1.9,1203.99,648.35,1852.34,0.165,0.35,2.72,2.64,,1.54,120.05,16.27%,34.64%,49%,19.53,41.59,58.93,48.02,14.89,10.0,28.81,19.21,0.249,2.5,0.113,1.208,0.0,6.11,91.4,0.3,,,,,1.0,100.0,,24,150.0,,,,,56.0,,,,,,,,,,,,48.0,,,,,,,,,,,,,,,,,,,,,
242.0,[13],M3AL55W3,59.7,28.36,4.57,2.1,0.83,0.04,0.0,0.04,1.82,0.0,0.0,0.04,0.0,1.06,92.63,2.105,297.62,1.9,1203.99,648.35,1852.34,0.161,0.35,2.72,2.64,,1.54,116.92,16.27%,34.64%,49%,19.02,40.5,57.4,46.77,14.5,10.0,28.06,18.71,0.249,2.5,0.113,1.208,0.0,5.95,89.0,0.3,,,,,1.0,100.0,,24,150.0,,,,,52.0,,,,,,,,,,,,43.0,,,,,,,,,,,,,,,,,,,,,
243.0,[13],M3AL55W4,59.7,28.36,4.57,2.1,0.83,0.04,0.0,0.04,1.82,0.0,0.0,0.04,0.0,1.06,92.63,2.105,289.77,1.9,1203.99,648.35,1852.34,0.156,0.35,2.72,2.64,,1.54,113.84,16.27%,34.64%,49%,18.52,39.43,55.88,45.52,14.11,10.0,27.31,18.21,0.249,2.501,0.113,1.208,0.0,5.79,86.7,0.3,,,,,1.0,100.0,,24,150.0,,,,,49.0,,,,,,,,,,,,41.0,,,,,,,,,,,,,,,,,,,,,
244.0,[13],M3AL55W5,59.7,28.36,4.57,2.1,0.83,0.04,0.0,0.04,1.82,0.0,0.0,0.04,0.0,1.06,92.63,2.105,282.48,1.9,1203.99,648.35,1852.34,0.152,0.35,2.72,2.64,,1.54,110.97,16.27%,34.64%,49%,18.05,38.44,54.48,44.39,13.76,10.0,26.63,17.76,0.249,2.5,0.113,1.208,0.0,5.65,84.5,0.3,,,,,1.0,100.0,,24,150.0,,,,,46.0,,,,,,,,,,,,38.0,,,,,,,,,,,,,,,,,,,,,
245.0,[13],M3AL65W1,59.7,28.36,4.57,2.1,0.83,0.04,0.0,0.04,1.82,0.0,0.0,0.04,0.0,1.06,92.63,2.105,292.67,1.9,1203.99,648.35,1852.34,0.158,0.35,2.72,2.64,,1.54,135.89,16.27%,34.64%,49%,22.11,47.07,66.71,41.45,12.85,10.0,24.87,16.58,0.28,3.278,0.119,1.346,0.0,5.85,95.1,0.32,,,,,1.0,100.0,,24,150.0,,,,,47.0,,,,,,,,,,,,39.0,,,,,,,,,,,,,,,,,,,,,
246.0,[13],M3AL65W2,59.7,28.36,4.57,2.1,0.83,0.04,0.0,0.04,1.82,0.0,0.0,0.04,0.0,1.06,92.63,2.105,292.67,1.9,1203.99,648.35,1852.34,0.158,0.35,2.72,2.64,,1.54,135.89,16.27%,34.64%,49%,22.11,47.07,66.71,49.03,15.2,10.0,29.42,19.61,0.288,2.772,0.127,1.262,0.0,5.85,99.6,0.34,,,,,1.0,100.0,,24,150.0,,,,,44.0,,,,,,,,,,,,35.0,,,,,,,,,,,,,,,,,,,,,
247.0,[13],M3AL65W3,59.7,28.36,4.57,2.1,0.83,0.04,0.0,0.04,1.82,0.0,0.0,0.04,0.0,1.06,92.63,2.105,290.37,1.9,1203.99,648.35,1852.34,0.157,0.35,2.72,2.64,,1.54,134.81,16.27%,34.64%,49%,21.93,46.7,66.18,53.93,16.72,10.0,32.36,21.57,0.294,2.5,0.133,1.208,0.0,5.81,102.0,0.35,,,,,1.0,100.0,,24,150.0,,,,,40.0,,,,,,,,,,,,32.0,,,,,,,,,,,,,,,,,,,,,
248.0,[13],M3AL65W4,59.7,28.36,4.57,2.1,0.83,0.04,0.0,0.04,1.82,0.0,0.0,0.04,0.0,1.06,92.63,2.105,282.48,1.9,1203.99,648.35,1852.34,0.152,0.35,2.72,2.64,,1.54,131.14,16.27%,34.64%,49%,21.34,45.43,64.38,52.46,16.26,10.0,31.48,20.98,0.294,2.5,0.133,1.208,0.0,5.65,99.2,0.35,,,,,1.0,100.0,,24,150.0,,,,,37.0,,,,,,,,,,,,29.0,,,,,,,,,,,,,,,,,,,,,
249.0,[13],M3AL65W5,59.7,28.36,4.57,2.1,0.83,0.04,0.0,0.04,1.82,0.0,0.0,0.04,0.0,1.06,92.63,2.105,275.42,1.9,1203.99,648.35,1852.34,0.149,0.35,2.72,2.64,,1.54,127.87,16.27%,34.64%,49%,20.8,44.29,62.77,51.15,15.86,10.0,30.69,20.46,0.294,2.5,0.133,1.208,0.0,5.51,96.8,0.35,,,,,1.0,100.0,,24,150.0,,,,,32.0,,,,,,,,,,,,25.0,,,,,,,,,,,,,,,,,,,,,
250.0,[13],M2AL35S1,59.7,28.36,4.57,2.1,0.83,0.04,0.0,0.04,1.82,0.0,0.0,0.04,0.0,1.06,92.63,2.105,329.56,1.9,1203.99,648.35,1852.34,0.178,0.35,2.72,2.64,,1.54,69.21,16.27%,34.64%,49%,11.26,23.97,33.98,46.14,14.3,10.0,27.68,18.46,0.15,1.5,0.078,0.938,0.0,6.59,65.6,0.2,,,,,1.0,100.0,,24,150.0,,,,,40.0,,,,,,,,,,,,32.0,,,,,,,,,,,,,,,,,,,,,
251.0,[13],M2AL35S2,59.7,28.36,4.57,2.1,0.83,0.04,0.0,0.04,1.82,0.0,0.0,0.04,0.0,1.06,92.63,2.105,327.33,1.9,1203.99,648.35,1852.34,0.177,0.35,2.72,2.64,,1.54,76.37333333,16.27%,34.64%,49%,12.43,26.46,37.49,38.19,11.84,10.0,22.91,15.27,0.155,2.0,0.074,1.09,0.0,6.55,64.3,0.2,,,,,1.0,100.0,,24,150.0,,,,,31.0,,,,,,,,,,,,25.0,,,,,,,,,,,,,,,,,,,,,
252.0,[13],M2AL35S3,59.7,28.36,4.57,2.1,0.83,0.04,0.0,0.04,1.82,0.0,0.0,0.04,0.0,1.06,92.63,2.105,325.75,1.9,1203.99,648.35,1852.34,0.176,0.35,2.72,2.64,,1.54,81.43571429,16.27%,34.64%,49%,13.25,28.21,39.98,32.57,10.1,10.0,19.54,13.03,0.158,2.5,0.072,1.208,0.0,6.51,63.4,0.19,,,,,1.0,100.0,,24,150.0,,,,,34.0,,,,,,,,,,,,27.0,,,,,,,,,,,,,,,,,,,,,
253.0,[13],M2AL35S4,59.7,28.36,4.57,2.1,0.83,0.04,0.0,0.04,1.82,0.0,0.0,0.04,0.0,1.06,92.63,2.105,324.7,1.9,1203.99,648.35,1852.34,0.175,0.35,2.72,2.64,,1.54,85.2375,16.27%,34.64%,49%,13.87,29.53,41.84,28.41,8.81,10.0,17.05,11.37,0.161,3.0,0.07,1.302,0.0,6.49,62.8,0.19,,,,,1.0,100.0,,24,150.0,,,,,39.0,,,,,,,,,,,,31.0,,,,,,,,,,,,,,,,,,,,,
254.0,[13],M2AL35S5,59.7,28.36,4.57,2.1,0.83,0.04,0.0,0.04,1.82,0.0,0.0,0.04,0.0,1.06,92.63,2.105,323.78,1.9,1203.99,648.35,1852.34,0.175,0.35,2.72,2.64,,1.54,88.13777778,16.27%,34.64%,49%,14.34,30.53,43.27,25.18,7.81,10.0,15.11,10.07,0.163,3.5,0.068,1.379,0.0,6.47,62.3,0.19,,,,,1.0,100.0,,24,150.0,,,,,36.0,,,,,,,,,,,,29.0,,,,,,,,,,,,,,,,,,,,,
255.0,[13],M2AL45S1,59.7,28.36,4.57,2.1,0.83,0.04,0.0,0.04,1.82,0.0,0.0,0.04,0.0,1.06,92.63,2.105,322.28,1.9,1203.99,648.35,1852.34,0.174,0.35,2.72,2.64,,1.54,87.018,16.27%,34.64%,49%,14.16,30.14,42.72,58.01,17.98,10.0,34.81,23.2,0.193,1.5,0.1,0.938,0.0,6.45,81.4,0.25,,,,,1.0,100.0,,24,150.0,,,,,34.0,,,,,,,,,,,,27.0,,,,,,,,,,,,,,,,,,,,,
256.0,[13],M2AL45S2,59.7,28.36,4.57,2.1,0.83,0.04,0.0,0.04,1.82,0.0,0.0,0.04,0.0,1.06,92.63,2.105,319.49,1.9,1203.99,648.35,1852.34,0.172,0.35,2.72,2.64,,1.54,95.84666667,16.27%,34.64%,49%,15.59,33.2,47.05,47.92,14.86,10.0,28.75,19.17,0.199,2.0,0.095,1.09,0.0,6.39,79.6,0.25,,,,,1.0,100.0,,24,150.0,,,,,40.0,,,,,,,,,,,,32.0,,,,,,,,,,,,,,,,,,,,,
257.0,[13],M2AL45S3,59.7,28.36,4.57,2.1,0.83,0.04,0.0,0.04,1.82,0.0,0.0,0.04,0.0,1.06,92.63,2.105,317.67,1.9,1203.99,648.35,1852.34,0.171,0.35,2.72,2.64,,1.54,102.1071429,16.27%,34.64%,49%,16.61,35.37,50.12,40.84,12.66,10.0,24.51,16.34,0.203,2.5,0.092,1.208,0.0,6.35,78.4,0.25,,,,,1.0,100.0,,24,150.0,,,,,47.0,,,,,,,,,,,,39.0,,,,,,,,,,,,,,,,,,,,,
258.0,[13],M2AL45S4,59.7,28.36,4.57,2.1,0.83,0.04,0.0,0.04,1.82,0.0,0.0,0.04,0.0,1.06,92.63,2.105,316.22,1.9,1203.99,648.35,1852.34,0.171,0.35,2.72,2.64,,1.54,106.725,16.27%,34.64%,49%,17.36,36.97,52.39,35.58,11.03,10.0,21.35,14.23,0.207,3.0,0.09,1.302,0.0,6.32,77.5,0.25,,,,,1.0,100.0,,24,150.0,,,,,43.0,,,,,,,,,,,,34.0,,,,,,,,,,,,,,,,,,,,,
259.0,[13],M2AL45S5,59.7,28.36,4.57,2.1,0.83,0.04,0.0,0.04,1.82,0.0,0.0,0.04,0.0,1.06,92.63,2.105,315.13,1.9,1203.99,648.35,1852.34,0.17,0.35,2.72,2.64,,1.54,110.2966667,16.27%,34.64%,49%,17.95,38.21,54.14,31.51,9.77,10.0,18.91,12.61,0.209,3.5,0.088,1.378,0.0,6.3,76.8,0.24,,,,,1.0,100.0,,24,150.0,,,,,38.0,,,,,,,,,,,,30.0,,,,,,,,,,,,,,,,,,,,,
260.0,[13],M2AL55S1,59.7,28.36,4.57,2.1,0.83,0.04,0.0,0.04,1.82,0.0,0.0,0.04,0.0,1.06,92.63,2.105,314.11,1.9,1203.99,648.35,1852.34,0.17,0.35,2.72,2.64,,1.54,103.656,16.27%,34.64%,49%,16.86,35.91,50.88,69.1,21.42,10.0,41.46,27.64,0.236,1.5,0.122,0.938,0.0,6.28,96.1,0.31,,,,,1.0,100.0,,24,150.0,,,,,47.0,,,,,,,,,,,,39.0,,,,,,,,,,,,,,,,,,,,,
261.0,[13],M2AL55S2,59.7,28.36,4.57,2.1,0.83,0.04,0.0,0.04,1.82,0.0,0.0,0.04,0.0,1.06,92.63,2.105,312.1,1.9,1203.99,648.35,1852.34,0.168,0.35,2.72,2.64,,1.54,114.4333333,16.27%,34.64%,49%,18.62,39.64,56.18,57.22,17.74,10.0,34.33,22.89,0.244,2.0,0.116,1.09,0.0,6.24,94.2,0.3,,,,,1.0,100.0,,24,150.0,,,,,54.0,,,,,,,,,,,,45.0,,,,,,,,,,,,,,,,,,,,,
262.0,[13],M2AL55S3,59.7,28.36,4.57,2.1,0.83,0.04,0.0,0.04,1.82,0.0,0.0,0.04,0.0,1.06,92.63,2.105,309.85,1.9,1203.99,648.35,1852.34,0.167,0.35,2.72,2.64,,1.54,121.7214286,16.27%,34.64%,49%,19.8,42.16,59.75,48.69,15.09,10.0,29.21,19.48,0.249,2.5,0.113,1.208,0.0,6.19,92.7,0.3,,,,,1.0,100.0,,24,150.0,,,,,58.0,,,,,,,,,,,,48.0,,,,,,,,,,,,,,,,,,,,,
263.0,[13],M2AL55S4,59.7,28.36,4.57,2.1,0.83,0.04,0.0,0.04,1.82,0.0,0.0,0.04,0.0,1.06,92.63,2.105,308.17,1.9,1203.99,648.35,1852.34,0.166,0.35,2.72,2.64,,1.54,127.1175,16.27%,34.64%,49%,20.68,44.03,62.4,42.37,13.14,10.0,25.42,16.95,0.253,3.0,0.11,1.302,0.0,6.16,91.5,0.3,,,,,1.0,100.0,,24,150.0,,,,,52.0,,,,,,,,,,,,43.0,,,,,,,,,,,,,,,,,,,,,
264.0,[13],M2AL55S5,59.7,28.36,4.57,2.1,0.83,0.04,0.0,0.04,1.82,0.0,0.0,0.04,0.0,1.06,92.63,2.105,306.83,1.9,1203.99,648.35,1852.34,0.166,0.35,2.72,2.64,,1.54,131.2577778,16.27%,34.64%,49%,21.36,45.47,64.43,37.5,11.63,10.0,22.5,15.0,0.256,3.5,0.108,1.378,0.0,6.14,90.6,0.3,,,,,1.0,100.0,,24,150.0,,,,,43.0,,,,,,,,,,,,34.0,,,,,,,,,,,,,,,,,,,,,
265.0,[13],M2AL65S1,59.7,28.36,4.57,2.1,0.83,0.04,0.0,0.04,1.82,0.0,0.0,0.04,0.0,1.06,92.63,2.105,292.67,1.9,1203.99,648.35,1852.34,0.158,0.35,2.72,2.64,,1.54,114.138,16.27%,34.64%,49%,18.57,39.54,56.03,76.09,23.59,10.0,45.66,30.44,0.279,1.5,0.144,0.938,0.0,5.85,105.2,0.36,,,,,1.0,100.0,,24,150.0,,,,,41.0,,,,,,,,,,,,33.0,,,,,,,,,,,,,,,,,,,,,
266.0,[13],M2AL65S2,59.7,28.36,4.57,2.1,0.83,0.04,0.0,0.04,1.82,0.0,0.0,0.04,0.0,1.06,92.63,2.105,292.67,1.9,1203.99,648.35,1852.34,0.158,0.35,2.72,2.64,,1.54,126.82,16.27%,34.64%,49%,20.63,43.93,62.26,63.41,19.66,10.0,38.05,25.36,0.288,2.0,0.138,1.09,0.0,5.85,103.8,0.35,,,,,1.0,100.0,,24,150.0,,,,,43.0,,,,,,,,,,,,34.0,,,,,,,,,,,,,,,,,,,,,
267.0,[13],M2AL65S3,59.7,28.36,4.57,2.1,0.83,0.04,0.0,0.04,1.82,0.0,0.0,0.04,0.0,1.06,92.63,2.105,292.67,1.9,1203.99,648.35,1852.34,0.158,0.35,2.72,2.64,,1.54,135.8785714,16.27%,34.64%,49%,22.11,47.07,66.7,54.35,16.85,10.0,32.61,21.74,0.294,2.5,0.133,1.208,0.0,5.85,102.8,0.35,,,,,1.0,100.0,,24,150.0,,,,,44.0,,,,,,,,,,,,35.0,,,,,,,,,,,,,,,,,,,,,
268.0,[13],M2AL65S4,59.7,28.36,4.57,2.1,0.83,0.04,0.0,0.04,1.82,0.0,0.0,0.04,0.0,1.06,92.63,2.105,292.67,1.9,1203.99,648.35,1852.34,0.158,0.35,2.72,2.64,,1.54,142.6725,16.27%,34.64%,49%,23.21,49.42,70.04,47.56,14.74,10.0,28.53,19.02,0.299,3.0,0.13,1.302,0.0,5.85,102.1,0.35,,,,,1.0,100.0,,24,150.0,,,,,42.0,,,,,,,,,,,,33.0,,,,,,,,,,,,,,,,,,,,,
269.0,[13],M2AL65S5,59.7,28.36,4.57,2.1,0.83,0.04,0.0,0.04,1.82,0.0,0.0,0.04,0.0,1.06,92.63,2.105,292.67,1.9,1203.99,648.35,1852.34,0.158,0.35,2.72,2.64,,1.54,147.9566667,16.27%,34.64%,49%,24.07,51.25,72.63,42.27,13.1,10.0,25.36,16.91,0.302,3.5,0.127,1.379,0.0,5.85,101.5,0.35,,,,,1.0,100.0,,24,150.0,,,,,41.0,,,,,,,,,,,,33.0,,,,,,,,,,,,,,,,,,,,,
270.0,[13],M2AL35S3,59.7,28.36,4.57,2.1,0.83,0.04,0.0,0.04,1.82,0.0,0.0,0.04,0.0,1.06,92.63,2.105,325.75,1.9,1203.99,648.35,1852.34,0.176,0.35,2.72,2.64,,1.54,81.43571429,16.27%,34.64%,49%,13.25,28.21,39.98,32.57,10.1,10.0,19.54,13.03,0.158,2.5,0.072,1.208,0.0,6.51,63.4,0.19,,,,,1.0,30.0,,24,150.0,,,,,14.0,,,,,,,,,,,,11.0,,,,,,,,,,,,,,,,,,,,,
271.0,[13],M2AL35S3,59.7,28.36,4.57,2.1,0.83,0.04,0.0,0.04,1.82,0.0,0.0,0.04,0.0,1.06,92.63,2.105,325.75,1.9,1203.99,648.35,1852.34,0.176,0.35,2.72,2.64,,1.54,81.43571429,16.27%,34.64%,49%,13.25,28.21,39.98,32.57,10.1,10.0,19.54,13.03,0.158,2.5,0.072,1.208,0.0,6.51,63.4,0.19,,,,,1.0,60.0,,24,150.0,,,,,28.0,,,,,,,,,,,,22.0,,,,,,,,,,,,,,,,,,,,,
272.0,[13],M2AL35S3,59.7,28.36,4.57,2.1,0.83,0.04,0.0,0.04,1.82,0.0,0.0,0.04,0.0,1.06,92.63,2.105,325.75,1.9,1203.99,648.35,1852.34,0.176,0.35,2.72,2.64,,1.54,81.43571429,16.27%,34.64%,49%,13.25,28.21,39.98,32.57,10.1,10.0,19.54,13.03,0.158,2.5,0.072,1.208,0.0,6.51,63.4,0.19,,,,,1.0,70.0,,24,150.0,,,,,30.0,,,,,,,,,,,,24.0,,,,,,,,,,,,,,,,,,,,,
273.0,[13],M2AL35S3,59.7,28.36,4.57,2.1,0.83,0.04,0.0,0.04,1.82,0.0,0.0,0.04,0.0,1.06,92.63,2.105,325.75,1.9,1203.99,648.35,1852.34,0.176,0.35,2.72,2.64,,1.54,81.43571429,16.27%,34.64%,49%,13.25,28.21,39.98,32.57,10.1,10.0,19.54,13.03,0.158,2.5,0.072,1.208,0.0,6.51,63.4,0.19,,,,,1.0,80.0,,24,150.0,,,,,32.0,,,,,,,,,,,,25.0,,,,,,,,,,,,,,,,,,,,,
274.0,[13],M2AL35S3,59.7,28.36,4.57,2.1,0.83,0.04,0.0,0.04,1.82,0.0,0.0,0.04,0.0,1.06,92.63,2.105,325.75,1.9,1203.99,648.35,1852.34,0.176,0.35,2.72,2.64,,1.54,81.43571429,16.27%,34.64%,49%,13.25,28.21,39.98,32.57,10.1,10.0,19.54,13.03,0.158,2.5,0.072,1.208,0.0,6.51,63.4,0.19,,,,,1.0,90.0,,24,150.0,,,,,35.0,,,,,,,,,,,,28.0,,,,,,,,,,,,,,,,,,,,,
275.0,[13],M2AL35S3,59.7,28.36,4.57,2.1,0.83,0.04,0.0,0.04,1.82,0.0,0.0,0.04,0.0,1.06,92.63,2.105,325.75,1.9,1203.99,648.35,1852.34,0.176,0.35,2.72,2.64,,1.54,81.43571429,16.27%,34.64%,49%,13.25,28.21,39.98,32.57,10.1,10.0,19.54,13.03,0.158,2.5,0.072,1.208,0.0,6.51,63.4,0.19,,,,,1.0,30.0,,24,150.0,,,,,14.0,,,,,,,,,,,,11.0,,,,,,,,,,,,,,,,,,,,,
276.0,[13],M2AL45S3,59.7,28.36,4.57,2.1,0.83,0.04,0.0,0.04,1.82,0.0,0.0,0.04,0.0,1.06,92.63,2.105,317.67,1.9,1203.99,648.35,1852.34,0.171,0.35,2.72,2.64,,1.54,102.1071429,16.27%,34.64%,49%,16.61,35.37,50.12,40.84,12.66,10.0,24.51,16.34,0.203,2.5,0.092,1.208,0.0,6.35,78.4,0.25,,,,,1.0,60.0,,24,150.0,,,,,32.0,,,,,,,,,,,,25.0,,,,,,,,,,,,,,,,,,,,,
277.0,[13],M2AL45S3,59.7,28.36,4.57,2.1,0.83,0.04,0.0,0.04,1.82,0.0,0.0,0.04,0.0,1.06,92.63,2.105,317.67,1.9,1203.99,648.35,1852.34,0.171,0.35,2.72,2.64,,1.54,102.1071429,16.27%,34.64%,49%,16.61,35.37,50.12,40.84,12.66,10.0,24.51,16.34,0.203,2.5,0.092,1.208,0.0,6.35,78.4,0.25,,,,,1.0,70.0,,24,150.0,,,,,34.0,,,,,,,,,,,,27.0,,,,,,,,,,,,,,,,,,,,,
278.0,[13],M2AL45S3,59.7,28.36,4.57,2.1,0.83,0.04,0.0,0.04,1.82,0.0,0.0,0.04,0.0,1.06,92.63,2.105,317.67,1.9,1203.99,648.35,1852.34,0.171,0.35,2.72,2.64,,1.54,102.1071429,16.27%,34.64%,49%,16.61,35.37,50.12,40.84,12.66,10.0,24.51,16.34,0.203,2.5,0.092,1.208,0.0,6.35,78.4,0.25,,,,,1.0,80.0,,24,150.0,,,,,35.0,,,,,,,,,,,,28.0,,,,,,,,,,,,,,,,,,,,,
279.0,[13],M2AL45S3,59.7,28.36,4.57,2.1,0.83,0.04,0.0,0.04,1.82,0.0,0.0,0.04,0.0,1.06,92.63,2.105,317.67,1.9,1203.99,648.35,1852.34,0.171,0.35,2.72,2.64,,1.54,102.1071429,16.27%,34.64%,49%,16.61,35.37,50.12,40.84,12.66,10.0,24.51,16.34,0.203,2.5,0.092,1.208,0.0,6.35,78.4,0.25,,,,,1.0,90.0,,24,150.0,,,,,38.0,,,,,,,,,,,,30.0,,,,,,,,,,,,,,,,,,,,,
280.0,[13],M2AL55S3,59.7,28.36,4.57,2.1,0.83,0.04,0.0,0.04,1.82,0.0,0.0,0.04,0.0,1.06,92.63,2.105,309.85,1.9,1203.99,648.35,1852.34,0.167,0.35,2.72,2.64,,1.54,121.7214286,16.27%,34.64%,49%,19.8,42.16,59.75,48.69,15.09,10.0,29.21,19.48,0.249,2.5,0.113,1.208,0.0,6.19,92.7,0.3,,,,,1.0,30.0,,24,150.0,,,,,16.0,,,,,,,,,,,,13.0,,,,,,,,,,,,,,,,,,,,,
281.0,[13],M2AL55S3,59.7,28.36,4.57,2.1,0.83,0.04,0.0,0.04,1.82,0.0,0.0,0.04,0.0,1.06,92.63,2.105,309.85,1.9,1203.99,648.35,1852.34,0.167,0.35,2.72,2.64,,1.54,121.7214286,16.27%,34.64%,49%,19.8,42.16,59.75,48.69,15.09,10.0,29.21,19.48,0.249,2.5,0.113,1.208,0.0,6.19,92.7,0.3,,,,,1.0,60.0,,24,150.0,,,,,36.0,,,,,,,,,,,,29.0,,,,,,,,,,,,,,,,,,,,,
282.0,[13],M2AL55S3,59.7,28.36,4.57,2.1,0.83,0.04,0.0,0.04,1.82,0.0,0.0,0.04,0.0,1.06,92.63,2.105,309.85,1.9,1203.99,648.35,1852.34,0.167,0.35,2.72,2.64,,1.54,121.7214286,16.27%,34.64%,49%,19.8,42.16,59.75,48.69,15.09,10.0,29.21,19.48,0.249,2.5,0.113,1.208,0.0,6.19,92.7,0.3,,,,,1.0,70.0,,24,150.0,,,,,41.0,,,,,,,,,,,,32.0,,,,,,,,,,,,,,,,,,,,,
283.0,[13],M2AL55S3,59.7,28.36,4.57,2.1,0.83,0.04,0.0,0.04,1.82,0.0,0.0,0.04,0.0,1.06,92.63,2.105,309.85,1.9,1203.99,648.35,1852.34,0.167,0.35,2.72,2.64,,1.54,121.7214286,16.27%,34.64%,49%,19.8,42.16,59.75,48.69,15.09,10.0,29.21,19.48,0.249,2.5,0.113,1.208,0.0,6.19,92.7,0.3,,,,,1.0,80.0,,24,150.0,,,,,44.0,,,,,,,,,,,,35.0,,,,,,,,,,,,,,,,,,,,,
284.0,[13],M2AL55S3,59.7,28.36,4.57,2.1,0.83,0.04,0.0,0.04,1.82,0.0,0.0,0.04,0.0,1.06,92.63,2.105,309.85,1.9,1203.99,648.35,1852.34,0.167,0.35,2.72,2.64,,1.54,121.7214286,16.27%,34.64%,49%,19.8,42.16,59.75,48.69,15.09,10.0,29.21,19.48,0.249,2.5,0.113,1.208,0.0,6.19,92.7,0.3,,,,,1.0,90.0,,24,150.0,,,,,49.0,,,,,,,,,,,,40.0,,,,,,,,,,,,,,,,,,,,,
285.0,[13],M2AL65S3,59.7,28.36,4.57,2.1,0.83,0.04,0.0,0.04,1.82,0.0,0.0,0.04,0.0,1.06,92.63,2.105,292.67,1.9,1203.99,648.35,1852.34,0.158,0.35,2.72,2.64,,1.54,135.8785714,16.27%,34.64%,49%,22.11,47.07,66.7,54.35,16.85,10.0,32.61,21.74,0.294,2.5,0.133,1.208,0.0,5.85,102.8,0.35,,,,,1.0,30.0,,24,150.0,,,,,15.0,,,,,,,,,,,,12.0,,,,,,,,,,,,,,,,,,,,,
286.0,[13],M2AL65S3,59.7,28.36,4.57,2.1,0.83,0.04,0.0,0.04,1.82,0.0,0.0,0.04,0.0,1.06,92.63,2.105,292.67,1.9,1203.99,648.35,1852.34,0.158,0.35,2.72,2.64,,1.54,135.8785714,16.27%,34.64%,49%,22.11,47.07,66.7,54.35,16.85,10.0,32.61,21.74,0.294,2.5,0.133,1.208,0.0,5.85,102.8,0.35,,,,,1.0,60.0,,24,150.0,,,,,34.0,,,,,,,,,,,,27.0,,,,,,,,,,,,,,,,,,,,,
287.0,[13],M2AL65S3,59.7,28.36,4.57,2.1,0.83,0.04,0.0,0.04,1.82,0.0,0.0,0.04,0.0,1.06,92.63,2.105,292.67,1.9,1203.99,648.35,1852.34,0.158,0.35,2.72,2.64,,1.54,135.8785714,16.27%,34.64%,49%,22.11,47.07,66.7,54.35,16.85,10.0,32.61,21.74,0.294,2.5,0.133,1.208,0.0,5.85,102.8,0.35,,,,,1.0,70.0,,24,150.0,,,,,37.0,,,,,,,,,,,,30.0,,,,,,,,,,,,,,,,,,,,,
288.0,[13],M2AL65S3,59.7,28.36,4.57,2.1,0.83,0.04,0.0,0.04,1.82,0.0,0.0,0.04,0.0,1.06,92.63,2.105,292.67,1.9,1203.99,648.35,1852.34,0.158,0.35,2.72,2.64,,1.54,135.8785714,16.27%,34.64%,49%,22.11,47.07,66.7,54.35,16.85,10.0,32.61,21.74,0.294,2.5,0.133,1.208,0.0,5.85,102.8,0.35,,,,,1.0,80.0,,24,150.0,,,,,39.0,,,,,,,,,,,,32.0,,,,,,,,,,,,,,,,,,,,,
289.0,[13],M2AL65S3,59.7,28.36,4.57,2.1,0.83,0.04,0.0,0.04,1.82,0.0,0.0,0.04,0.0,1.06,92.63,2.105,292.67,1.9,1203.99,648.35,1852.34,0.158,0.35,2.72,2.64,,1.54,135.8785714,16.27%,34.64%,49%,22.11,47.07,66.7,54.35,16.85,10.0,32.61,21.74,0.294,2.5,0.133,1.208,0.0,5.85,102.8,0.35,,,,,1.0,90.0,,24,150.0,,,,,42.0,,,,,,,,,,,,33.0,,,,,,,,,,,,,,,,,,,,,
290.0,[13],M2AL55S3,59.7,28.36,4.57,2.1,0.83,0.04,0.0,0.04,1.82,0.0,0.0,0.04,0.0,1.06,92.63,2.105,309.85,1.9,1203.99,648.35,1852.34,0.167,0.35,2.72,2.64,,1.54,121.7214286,16.27%,34.64%,49%,19.8,42.16,59.75,48.69,12.07,8.0,33.11,15.58,0.239,2.5,0.103,1.323,0.0,6.19,96.6,0.31,,,,,1.0,100.0,,24,150.0,,,,,45.0,,,,,,,,,,,,36.0,,,,,,,,,,,,,,,,,,,,,
291.0,[13],M2AL55S3,59.7,28.36,4.57,2.1,0.83,0.04,0.0,0.04,1.82,0.0,0.0,0.04,0.0,1.06,92.63,2.105,309.85,1.9,1203.99,648.35,1852.34,0.167,0.35,2.72,2.64,,1.54,121.7214286,16.27%,34.64%,49%,19.8,42.16,59.75,48.69,18.11,12.0,25.32,23.37,0.258,2.5,0.122,1.112,0.0,6.19,88.8,0.29,,,,,1.0,100.0,,24,150.0,,,,,47.0,,,,,,,,,,,,39.0,,,,,,,,,,,,,,,,,,,,,
292.0,[13],M2AL55S3,59.7,28.36,4.57,2.1,0.83,0.04,0.0,0.04,1.82,0.0,0.0,0.04,0.0,1.06,92.63,2.105,309.85,1.9,1203.99,648.35,1852.34,0.167,0.35,2.72,2.64,,1.54,121.7214286,16.27%,34.64%,49%,19.8,42.16,59.75,48.69,21.13,14.0,21.42,27.27,0.268,2.5,0.132,1.03,0.0,6.19,84.9,0.27,,,,,1.0,100.0,,24,150.0,,,,,43.0,,,,,,,,,,,,34.0,,,,,,,,,,,,,,,,,,,,,
293.0,[13],M2AL55S3,59.7,28.36,4.57,2.1,0.83,0.04,0.0,0.04,1.82,0.0,0.0,0.04,0.0,1.06,92.63,2.105,309.85,1.9,1203.99,648.35,1852.34,0.167,0.35,2.72,2.64,,1.54,121.7214286,16.27%,34.64%,49%,19.8,42.16,59.75,48.69,24.15,16.0,17.53,31.16,0.278,2.5,0.142,0.959,0.0,6.19,81.0,0.26,,,,,1.0,100.0,,24,150.0,,,,,41.0,,,,,,,,,,,,33.0,,,,,,,,,,,,,,,,,,,,,
294.0,[13],M2AL55S3,59.7,28.36,4.57,2.1,0.83,0.04,0.0,0.04,1.82,0.0,0.0,0.04,0.0,1.06,92.63,2.105,309.85,1.9,1203.99,648.35,1852.34,0.167,0.35,2.72,2.64,,1.54,121.7214286,16.27%,34.64%,49%,19.8,42.16,59.75,48.69,24.15,16.0,17.53,31.16,0.278,2.5,0.142,0.959,0.0,6.19,81.0,0.26,,,,,0.0,100.0,,24,150.0,,,,,25.0,,,,,,,,,,,,20.0,,,,,,,,,,,,,,,,,,,,,
295.0,[13],M2AL55S3,59.7,28.36,4.57,2.1,0.83,0.04,0.0,0.04,1.82,0.0,0.0,0.04,0.0,1.06,92.63,2.105,309.85,1.9,1203.99,648.35,1852.34,0.167,0.35,2.72,2.64,,1.54,121.7214286,16.27%,34.64%,49%,19.8,42.16,59.75,48.69,24.15,16.0,17.53,31.16,0.278,2.5,0.142,0.959,0.0,6.19,81.0,0.26,,,,,1.0,100.0,,24,150.0,,,,,36.0,,,,,,,,,,,,29.0,,,,,,,,,,,,,,,,,,,,,
296.0,[13],M2AL55S3,59.7,28.36,4.57,2.1,0.83,0.04,0.0,0.04,1.82,0.0,0.0,0.04,0.0,1.06,92.63,2.105,309.85,1.9,1203.99,648.35,1852.34,0.167,0.35,2.72,2.64,,1.54,121.7214286,16.27%,34.64%,49%,19.8,42.16,59.75,48.69,24.15,16.0,17.53,31.16,0.278,2.5,0.142,0.959,0.0,6.19,81.0,0.26,,,,,2.0,100.0,,24,150.0,,,,,56.0,,,,,,,,,,,,46.0,,,,,,,,,,,,,,,,,,,,,
297.0,[13],M2AL55S3,59.7,28.36,4.57,2.1,0.83,0.04,0.0,0.04,1.82,0.0,0.0,0.04,0.0,1.06,92.63,2.105,309.85,1.9,1203.99,648.35,1852.34,0.167,0.35,2.72,2.64,,1.54,121.7214286,16.27%,34.64%,49%,19.8,42.16,59.75,48.69,24.15,16.0,17.53,31.16,0.278,2.5,0.142,0.959,0.0,6.19,81.0,0.26,,,,,3.0,100.0,,24,150.0,,,,,57.0,,,,,,,,,,,,49.0,,,,,,,,,,,,,,,,,,,,,
298.0,[14],GBFS-0 3.6,51.7,29.1,4.76,8.84,0.0,0.0,1.6,1.5,0.702,1.7,0.19,0.0,0.0,0.0,85.56,1.777,350.0,,1200.0,645.0,1845.0,0.19,0.35,,,,,103.0,14.73%,29.75%,56%,15.17,30.64,57.19,41.0,10.17,8.0,27.88,13.12,0.16,2.512,0.072,1.209,35.0,0.0,120.1,0.34,,,,,,35.0,,24,,100.0,200.0,,,,,,,,7.6006,14.0338,19.0859,,,,7.0,14.0,19.0,,,,,,,,,,,,,,,,,,,,
299.0,[14],GBFS 10MK 3.6,51.7,29.1,4.76,8.84,0.0,0.0,1.6,1.5,0.702,1.7,0.19,0.0,0.0,0.0,85.56,1.777,350.0,,1200.0,645.0,1845.0,0.19,0.35,,,,,103.0,14.73%,29.75%,56%,15.17,30.64,57.19,41.0,10.17,8.0,27.88,13.12,0.16,2.512,0.072,1.209,35.0,0.0,120.1,0.34,,,,,,55.0,,External exposure,,100.0,200.0,,,,,,,,33.8301,41.8977,47.7745,,,,33.0,41.0,46.0,,,,,,,,,,,,,,,,,,,,
300.0,[14],GBFS 20MK 3.6,51.7,29.1,4.76,8.84,0.0,0.0,1.6,1.5,0.702,1.7,0.19,0.0,0.0,0.0,85.56,1.777,350.0,,1200.0,645.0,1845.0,0.19,0.35,,,,,103.0,14.73%,29.75%,56%,15.17,30.64,57.19,41.0,10.17,8.0,27.88,13.12,0.16,2.512,0.072,1.209,35.0,0.0,120.1,0.34,,,,,1.0,65.0,,,,100.0,200.0,,,,,,,,42.8515,43.9518,49.4138,,,,42.0,43.0,48.0,,,,,,,,,,,,,,,,,,,,
301.0,[15],T1,50.5,26.57,13.77,2.13,1.54,0.45,0.77,0.41,0.1,1.0,0.0,0.0,0.0,2.1,90.84,1.901,498.46,,,,1752.0,0.285,0.0,,,,,89.72,14.70%,29.40%,56%,13.19,26.38,50.15,59.82,22.25,12.0,31.11,28.71,0.124,1.5,0.071,0.744,26.47,6.1,111.4,0.22,,,,,1.0,60.0,,24,,100.0,200.0,,,,,,,,,39.52,39.93,,,,,38.0,39.0,,,,,,,,,,,,,,,,,,8.86,,
302.0,[15],T2,50.5,26.57,13.77,2.13,1.54,0.45,0.77,0.41,0.1,1.0,0.0,0.0,0.0,2.1,90.84,1.901,480.0,,,,1752.0,0.274,0.0,,,,,112.0,14.70%,29.40%,56%,16.46,32.93,62.61,56.0,20.83,12.0,29.12,26.88,0.146,2.0,0.078,0.883,23.65,6.1,119.0,0.25,,,,,1.0,70.0,,24,,100.0,200.0,,,,,,,,,35.31,37.09,,,,,34.0,36.0,,,,,,,,,,,,,,,,,,9.54,,
303.0,[15],T3,50.5,26.57,13.77,2.13,1.54,0.45,0.77,0.41,0.1,1.0,0.0,0.0,0.0,2.1,90.84,1.901,462.86,,,,1752.0,0.264,0.0,,,,,132.24,14.70%,29.40%,56%,19.44,38.88,73.92,52.9,19.68,12.0,27.51,25.39,0.169,2.5,0.085,0.994,21.23,6.1,126.3,0.27,,,,,1.0,75.0,,24,,100.0,200.0,,,,,,,,,49.89,49.64,,,,,48.0,48.0,,,,,,,,,,,,,,,,,,9.87,,
304.0,[15],T4,50.5,26.57,13.77,2.13,1.54,0.45,0.77,0.41,0.1,1.0,0.0,0.0,0.0,2.1,90.84,1.901,461.54,,,,1800.0,0.256,0.0,,,,,92.31,14.70%,29.40%,56%,13.57,27.14,51.6,46.15,17.17,12.0,24.0,22.15,0.125,2.0,0.067,0.883,18.61,6.1,97.9,0.21,,,,,1.0,75.0,,24,,100.0,200.0,,,,,,,,,40.93,42.51,,,,,40.0,41.0,,,,,,,,,,,,,,,,,,8.33,,
305.0,[15],T5,50.5,26.57,13.77,2.13,1.54,0.45,0.77,0.41,0.1,1.0,0.0,0.0,0.0,2.1,90.84,1.901,444.44,,,,1800.0,0.247,0.0,,,,,111.11,14.70%,29.40%,56%,16.33,32.67,62.11,44.44,16.53,12.0,23.11,21.33,0.147,2.5,0.074,0.994,18.55,6.1,107.4,0.24,,,,,1.0,60.0,,24,,100.0,200.0,,,,,,,,,37.55,38.69,,,,,36.0,38.0,,,,,,,,,,,,,,,,,,9.09,,
306.0,[15],T6,50.5,26.57,13.77,2.13,1.54,0.45,0.77,0.41,0.1,1.0,0.0,0.0,0.0,2.1,90.84,1.901,428.57,,,,1800.0,0.238,0.0,,,,,102.86,14.70%,29.40%,56%,15.12,30.24,57.5,68.57,25.51,12.0,35.66,32.91,0.165,1.5,0.095,0.744,28.51,6.1,125.3,0.29,,,,,1.0,70.0,,24,,100.0,200.0,,,,,,,,,27.16,28.64,,,,,26.0,28.0,,,,,,,,,,,,,,,,,,9.95,,
307.0,[15],T7,50.5,26.57,13.77,2.13,1.54,0.45,0.77,0.41,0.1,1.0,0.0,0.0,0.0,2.1,90.84,1.901,424.62,,,,1800.0,0.236,0.0,,,,,90.99,14.70%,29.40%,56%,13.38,26.75,50.86,36.4,13.54,12.0,18.93,17.47,0.126,2.5,0.063,0.994,15.97,6.1,89.4,0.21,,,,,1.0,70.0,,24,,100.0,200.0,,,,,,,,,52.29,54.89,,,,,51.0,53.0,,,,,,,,,,,,,,,,,,7.42,,
308.0,[15],T8,50.5,26.57,13.77,2.13,1.54,0.45,0.77,0.41,0.1,1.0,0.0,0.0,0.0,2.1,90.84,1.901,408.89,,,,1800.0,0.227,0.0,,,,,85.87,14.70%,29.40%,56%,12.62,25.25,48.0,57.24,21.29,12.0,29.76,27.48,0.145,1.5,0.083,0.745,24.46,6.1,105.9,0.26,,,,,1.0,75.0,,24,,100.0,200.0,,,,,,,,,34.53,35.73,,,,,34.0,35.0,,,,,,,,,,,,,,,,,,8.96,,
309.0,[15],T9,50.5,26.57,13.77,2.13,1.54,0.45,0.77,0.41,0.1,1.0,0.0,0.0,0.0,2.1,90.84,1.901,394.29,,,,1848.0,0.213,0.0,,,,,105.14,14.70%,29.40%,56%,15.46,30.91,58.77,52.57,19.56,12.0,27.34,25.23,0.167,2.0,0.089,0.883,21.47,6.1,111.2,0.28,,,,,1.0,60.0,,24,,100.0,200.0,,,,,,,,,29.29,29.71,,,,,28.0,29.0,,,,,,,,,,,,,,,,,,10.6,,
310.0,[16],S1,51.3,30.1,4.57,8.73,0.0,0.0,1.56,1.4,0.0,1.6,0.0,0.0,0.0,0.0,85.97,1.704,400.0,2.2,950.0,850.0,1800.0,0.222,0.472,2.66,2.61,,,143.0,14.70%,29.40%,55.90%,21.02,42.04,79.94,57.0,21.2,12.0,29.64,27.36,0.211,2.509,0.106,0.996,48.0,12.0,164.8,0.41,,625.0,,,2.0,70.0,,Sealed outdoor,100.0,,,40.85,41.77,42.84,44.69,,,,,,,,,31.0,32.0,33.0,34.0,,,,,,,,,,,,,,,,,,,,
311.0,[16],S2,51.3,30.1,4.57,8.73,0.0,0.0,1.56,1.4,0.0,1.6,0.0,0.0,0.0,0.0,85.97,1.704,400.0,2.2,950.0,850.0,1800.0,0.222,0.472,2.66,2.61,,,143.0,14.70%,29.40%,55.90%,21.02,42.04,79.94,57.0,21.2,12.0,29.64,27.36,0.211,2.509,0.106,0.996,48.0,16.0,167.2,0.42,,640.0,,,2.0,70.0,,Sealed outdoor,100.0,,,42.02,42.68,44.17,46.86,,,,,,,,,32.0,33.0,34.0,36.0,,,,,,,,,,,,,,,,,,,,
312.0,[16],S3,51.3,30.1,4.57,8.73,0.0,0.0,1.56,1.4,0.0,1.6,0.0,0.0,0.0,0.0,85.97,1.704,400.0,2.2,950.0,850.0,1800.0,0.222,0.472,2.66,2.61,,,143.0,14.70%,29.40%,55.90%,21.02,42.04,79.94,57.0,21.2,12.0,29.64,27.36,0.211,2.509,0.106,0.996,48.0,20.0,169.6,0.42,,665.0,,,2.0,70.0,,Sealed outdoor,100.0,,,44.74,45.28,46.19,48.9,,,,,,,,,34.0,35.0,35.0,39.0,,,,,,,,,,,,,,,,,,,,
313.0,[16],S4,51.3,30.1,4.57,8.73,0.0,0.0,1.56,1.4,0.0,1.6,0.0,0.0,0.0,0.0,85.97,1.704,400.0,2.2,950.0,850.0,1800.0,0.222,0.472,2.66,2.61,,,143.0,14.70%,29.40%,55.90%,21.02,42.04,79.94,57.0,21.2,12.0,29.64,27.36,0.211,2.509,0.106,0.996,48.0,24.0,172.0,0.43,,690.0,,,2.0,70.0,,Sealed outdoor,100.0,,,47.83,48.52,49.44,51.52,,,,,,,,,38.0,38.0,39.0,41.0,,,,,,,,,,,,,,,,,,,,
314.0,[16],S5,51.3,30.1,4.57,8.73,0.0,0.0,1.56,1.4,0.0,1.6,0.0,0.0,0.0,0.0,85.97,1.704,400.0,2.2,950.0,850.0,1800.0,0.222,0.472,2.66,2.61,,,143.0,14.70%,29.40%,55.90%,21.02,42.04,79.94,57.0,21.2,12.0,29.64,27.36,0.211,2.509,0.106,0.996,48.0,28.0,174.4,0.44,,710.0,,,2.0,70.0,,Sealed outdoor,100.0,,,51.03,51.98,52.26,53.08,,,,,,,,,40.0,41.0,41.0,42.0,,,,,,,,,,,,,,,,,,,,
315.0,[17],Sl. 1,52.54,26.74,11.12,1.28,0.87,0.47,0.82,1.7,1.57,1.53,0.0,0.0,0.0,1.36,90.4,1.965,450.0,,1211.9,579.35,1791.25,0.251,0.323,,,,,128.63,14.70%,29.40%,56%,18.91,37.82,71.9,51.45,12.76,8.0,34.99,16.46,0.154,2.5,0.07,1.194,0.0,0.0,106.9,0.24,,,,,1.0,60.0,,24,100.0,,,,,49.5,,,,,,,,,,,,39.0,,,,,4.66,,,,,3.84,,,,,,,,,,,
316.0,[17],Sl. 1a,52.54,26.74,11.12,1.28,0.87,0.47,0.82,1.7,1.57,1.53,0.0,0.0,0.0,1.36,90.4,1.965,450.0,,1211.9,579.35,1791.25,0.251,0.323,,,,,128.63,14.70%,29.40%,56%,18.91,37.82,71.9,51.45,12.76,8.0,34.99,16.46,0.154,2.5,0.07,1.194,0.0,0.0,106.9,0.24,,,,,1.0,60.0,,24,,100.0,200.0,,,,,,,,,36.18,,,,,,35.0,,,,,4.66,,,,,4.2,,,,,,,,,,,
317.0,[17],Sl. 2,52.54,26.74,11.12,1.28,0.87,0.47,0.82,1.7,1.57,1.53,0.0,0.0,0.0,1.36,90.4,1.965,450.0,,1211.9,579.35,1791.25,0.251,0.323,,,,,128.63,14.70%,29.40%,56%,18.91,37.82,71.9,51.45,15.95,10.0,30.87,20.58,0.162,2.5,0.077,1.085,0.0,0.0,102.8,0.23,,,,,1.0,60.0,,24,100.0,,,,,48.33,,,,,,,,,,,,38.0,,,,,4.13,,,,,3.41,,,,,,,,,,,
318.0,[17],Sl. 2a,52.54,26.74,11.12,1.28,0.87,0.47,0.82,1.7,1.57,1.53,0.0,0.0,0.0,1.36,90.4,1.965,450.0,,1211.9,579.35,1791.25,0.251,0.323,,,,,128.63,14.70%,29.40%,56%,18.91,37.82,71.9,51.45,15.95,10.0,30.87,20.58,0.162,2.5,0.077,1.085,0.0,0.0,102.8,0.23,,,,,1.0,60.0,,24,,100.0,200.0,,,,,,,,,35.83,,,,,,35.0,,,,,4.13,,,,,3.72,,,,,,,,,,,
319.0,[17],Sl. 3,52.54,26.74,11.12,1.28,0.87,0.47,0.82,1.7,1.57,1.53,0.0,0.0,0.0,1.36,90.4,1.965,450.0,,1211.9,579.35,1791.25,0.251,0.323,,,,,128.63,14.70%,29.40%,56%,18.91,37.82,71.9,51.45,19.14,12.0,26.75,24.7,0.169,2.5,0.085,0.994,0.0,0.0,98.7,0.22,,,,,1.0,60.0,,24,100.0,,,,,46.72,,,,,,,,,,,,37.0,,,,,3.96,,,,,3.27,,,,,,,,,,,
320.0,[17],Sl. 3a,52.54,26.74,11.12,1.28,0.87,0.47,0.82,1.7,1.57,1.53,0.0,0.0,0.0,1.36,90.4,1.965,450.0,,1211.9,579.35,1791.25,0.251,0.323,,,,,128.63,14.70%,29.40%,56%,18.91,37.82,71.9,51.45,19.14,12.0,26.75,24.7,0.169,2.5,0.085,0.994,0.0,0.0,98.7,0.22,,,,,1.0,60.0,,24,,100.0,200.0,,,,,,,,,34.92,,,,,,34.0,,,,,3.96,,,,,3.57,,,,,,,,,,,
321.0,[17],Sl. 4,52.54,26.74,11.12,1.28,0.87,0.47,0.82,1.7,1.57,1.53,0.0,0.0,0.0,1.36,90.4,1.965,450.0,,1211.9,579.35,1791.25,0.251,0.323,,,,,144.68,14.70%,29.40%,56%,21.27,42.54,80.88,57.88,14.35,8.0,39.36,18.52,0.174,2.5,0.079,1.194,0.0,0.0,120.2,0.27,,,,,1.0,60.0,,24,100.0,,,,,50.02,,,,,,,,,,,,40.0,,,,,5.13,,,,,4.23,,,,,,,,,,,
322.0,[17],Sl. 4a,52.54,26.74,11.12,1.28,0.87,0.47,0.82,1.7,1.57,1.53,0.0,0.0,0.0,1.36,90.4,1.965,450.0,,1211.9,579.35,1791.25,0.251,0.323,,,,,144.68,14.70%,29.40%,56%,21.27,42.54,80.88,57.88,14.35,8.0,39.36,18.52,0.174,2.5,0.079,1.194,0.0,0.0,120.2,0.27,,,,,1.0,60.0,,24,,100.0,200.0,,,,,,,,,37.36,,,,,,36.0,,,,,5.13,,,,,4.62,,,,,,,,,,,
323.0,[17],Sl. 5,52.54,26.74,11.12,1.28,0.87,0.47,0.82,1.7,1.57,1.53,0.0,0.0,0.0,1.36,90.4,1.965,450.0,,1211.9,579.35,1791.25,0.251,0.323,,,,,144.68,14.70%,29.40%,56%,21.27,42.54,80.88,57.88,17.94,10.0,34.73,23.15,0.182,2.5,0.087,1.085,0.0,0.0,115.6,0.26,,,,,1.0,60.0,,24,100.0,,,,,49.13,,,,,,,,,,,,39.0,,,,,4.78,,,,,3.94,,,,,,,,,,,
324.0,[17],Sl. 5a,52.54,26.74,11.12,1.28,0.87,0.47,0.82,1.7,1.57,1.53,0.0,0.0,0.0,1.36,90.4,1.965,450.0,,1211.9,579.35,1791.25,0.251,0.323,,,,,144.68,14.70%,29.40%,56%,21.27,42.54,80.88,57.88,17.94,10.0,34.73,23.15,0.182,2.5,0.087,1.085,0.0,0.0,115.6,0.26,,,,,1.0,60.0,,24,,100.0,200.0,,,,,,,,,36.23,,,,,,35.0,,,,,4.78,,,,,4.31,,,,,,,,,,,
325.0,[17],Sl. 6,52.54,26.74,11.12,1.28,0.87,0.47,0.82,1.7,1.57,1.53,0.0,0.0,0.0,1.36,90.4,1.965,450.0,,1211.9,579.35,1791.25,0.251,0.323,,,,,144.68,14.70%,29.40%,56%,21.27,42.54,80.88,57.88,21.53,12.0,30.1,27.78,0.19,2.5,0.095,0.994,0.0,0.0,111.0,0.25,,,,,1.0,60.0,,24,100.0,,,,,47.24,,,,,,,,,,,,37.0,,,,,4.02,,,,,3.32,,,,,,,,,,,
326.0,[17],Sl. 6a,52.54,26.74,11.12,1.28,0.87,0.47,0.82,1.7,1.57,1.53,0.0,0.0,0.0,1.36,90.4,1.965,450.0,,1211.9,579.35,1791.25,0.251,0.323,,,,,144.68,14.70%,29.40%,56%,21.27,42.54,80.88,57.88,21.53,12.0,30.1,27.78,0.19,2.5,0.095,0.994,0.0,0.0,111.0,0.25,,,,,1.0,60.0,,24,,100.0,200.0,,,,,,,,,35.67,,,,,,35.0,,,,,4.02,,,,,3.62,,,,,,,,,,,
327.0,[17],Sl. 7,52.54,26.74,11.12,1.28,0.87,0.47,0.82,1.7,1.57,1.53,0.0,0.0,0.0,1.36,90.4,1.965,450.0,,1211.9,579.35,1791.25,0.251,0.323,,,,,160.78,14.70%,29.40%,56%,23.63,47.27,89.88,64.31,15.95,8.0,43.73,20.58,0.193,2.5,0.088,1.194,0.0,0.0,133.6,0.3,,,,,1.0,60.0,,24,100.0,,,,,52.08,,,,,,,,,,,,41.0,,,,,5.48,,,,,4.52,,,,,,,,,,,
328.0,[17],Sl. 7a,52.54,26.74,11.12,1.28,0.87,0.47,0.82,1.7,1.57,1.53,0.0,0.0,0.0,1.36,90.4,1.965,450.0,,1211.9,579.35,1791.25,0.251,0.323,,,,,160.78,14.70%,29.40%,56%,23.63,47.27,89.88,64.31,15.95,8.0,43.73,20.58,0.193,2.5,0.088,1.194,0.0,0.0,133.6,0.3,,,,,1.0,60.0,,24,,100.0,200.0,,,,,,,,,38.72,,,,,,38.0,,,,,5.48,,,,,4.94,,,,,,,,,,,
329.0,[17],Sl. 8,52.54,26.74,11.12,1.28,0.87,0.47,0.82,1.7,1.57,1.53,0.0,0.0,0.0,1.36,90.4,1.965,450.0,,1211.9,579.35,1791.25,0.251,0.323,,,,,160.78,14.70%,29.40%,56%,23.63,47.27,89.88,64.31,19.94,10.0,38.59,25.72,0.202,2.5,0.097,1.085,0.0,0.0,128.5,0.29,,,,,1.0,60.0,,24,100.0,,,,,50.73,,,,,,,,,,,,40.0,,,,,4.97,,,,,4.1,,,,,,,,,,,
330.0,[17],Sl. 8a,52.54,26.74,11.12,1.28,0.87,0.47,0.82,1.7,1.57,1.53,0.0,0.0,0.0,1.36,90.4,1.965,450.0,,1211.9,579.35,1791.25,0.251,0.323,,,,,160.78,14.70%,29.40%,56%,23.63,47.27,89.88,64.31,19.94,10.0,38.59,25.72,0.202,2.5,0.097,1.085,0.0,0.0,128.5,0.29,,,,,1.0,60.0,,24,,100.0,200.0,,,,,,,,,37.0,,,,,,36.0,,,,,4.97,,,,,4.48,,,,,,,,,,,
331.0,[17],Sl. 9,52.54,26.74,11.12,1.28,0.87,0.47,0.82,1.7,1.57,1.53,0.0,0.0,0.0,1.36,90.4,1.965,450.0,,1211.9,579.35,1791.25,0.251,0.323,,,,,160.78,14.70%,29.40%,56%,23.63,47.27,89.88,64.31,23.92,12.0,33.44,30.87,0.211,2.5,0.106,0.994,0.0,0.0,123.3,0.27,,,,,1.0,60.0,,24,100.0,,,,,49.26,,,,,,,,,,,,39.0,,,,,4.24,,,,,3.5,,,,,,,,,,,
332.0,[17],Sl. 9a,52.54,26.74,11.12,1.28,0.87,0.47,0.82,1.7,1.57,1.53,0.0,0.0,0.0,1.36,90.4,1.965,450.0,,1211.9,579.35,1791.25,0.251,0.323,,,,,160.78,14.70%,29.40%,56%,23.63,47.27,89.88,64.31,23.92,12.0,33.44,30.87,0.211,2.5,0.106,0.994,0.0,0.0,123.3,0.27,,,,,1.0,60.0,,24,,100.0,200.0,,,,,,,,,36.45,,,,,,35.0,,,,,4.24,,,,,3.82,,,,,,,,,,,
333.0,[17],Sl. 10,52.54,26.74,11.12,1.28,0.87,0.47,0.82,1.7,1.57,1.53,0.0,0.0,0.0,1.36,90.4,1.965,450.0,,1211.9,579.35,1791.25,0.251,0.323,,,,,176.85,14.70%,29.40%,56%,26.0,51.99,98.86,70.74,17.54,8.0,48.1,22.64,0.212,2.5,0.097,1.194,0.0,0.0,147.0,0.33,,,,,1.0,60.0,,24,100.0,,,,,49.75,,,,,,,,,,,,39.0,,,,,4.58,,,,,3.78,,,,,,,,,,,
334.0,[17],Sl. 10a,52.54,26.74,11.12,1.28,0.87,0.47,0.82,1.7,1.57,1.53,0.0,0.0,0.0,1.36,90.4,1.965,450.0,,1211.9,579.35,1791.25,0.251,0.323,,,,,176.85,14.70%,29.40%,56%,26.0,51.99,98.86,70.74,17.54,8.0,48.1,22.64,0.212,2.5,0.097,1.194,0.0,0.0,147.0,0.33,,,,,1.0,60.0,,24,,100.0,200.0,,,,,,,,,36.27,,,,,,35.0,,,,,4.58,,,,,4.13,,,,,,,,,,,
335.0,[17],Sl. 11,52.54,26.74,11.12,1.28,0.87,0.47,0.82,1.7,1.57,1.53,0.0,0.0,0.0,1.36,90.4,1.965,450.0,,1211.9,579.35,1791.25,0.251,0.323,,,,,176.85,14.70%,29.40%,56%,26.0,51.99,98.86,70.74,21.93,10.0,42.44,28.3,0.222,2.5,0.107,1.085,0.0,0.0,141.3,0.31,,,,,1.0,60.0,,24,100.0,,,,,48.63,,,,,,,,,,,,38.0,,,,,4.17,,,,,3.44,,,,,,,,,,,
336.0,[17],Sl. 11a,52.54,26.74,11.12,1.28,0.87,0.47,0.82,1.7,1.57,1.53,0.0,0.0,0.0,1.36,90.4,1.965,450.0,,1211.9,579.35,1791.25,0.251,0.323,,,,,176.85,14.70%,29.40%,56%,26.0,51.99,98.86,70.74,21.93,10.0,42.44,28.3,0.222,2.5,0.107,1.085,0.0,0.0,141.3,0.31,,,,,1.0,60.0,,24,,100.0,200.0,,,,,,,,,35.54,,,,,,35.0,,,,,4.17,,,,,3.76,,,,,,,,,,,
337.0,[17],Sl. 12,52.54,26.74,11.12,1.28,0.87,0.47,0.82,1.7,1.57,1.53,0.0,0.0,0.0,1.36,90.4,1.965,450.0,,1211.9,579.35,1791.25,0.251,0.323,,,,,176.85,14.70%,29.40%,56%,26.0,51.99,98.86,70.74,26.32,12.0,36.78,33.96,0.232,2.5,0.116,0.994,0.0,0.0,135.6,0.3,,,,,1.0,60.0,,24,100.0,,,,,47.84,,,,,,,,,,,,38.0,,,,,3.85,,,,,3.18,,,,,,,,,,,
338.0,[17],Sl. 12a,52.54,26.74,11.12,1.28,0.87,0.47,0.82,1.7,1.57,1.53,0.0,0.0,0.0,1.36,90.4,1.965,450.0,,1211.9,579.35,1791.25,0.251,0.323,,,,,176.85,14.70%,29.40%,56%,26.0,51.99,98.86,70.74,26.32,12.0,36.78,33.96,0.232,2.5,0.116,0.994,0.0,0.0,135.6,0.3,,,,,1.0,60.0,,24,,100.0,200.0,,,,,,,,,36.13,,,,,,35.0,,,,,3.85,,,,,3.47,,,,,,,,,,,
339.0,[18],MIX 1,62.1,27.44,4.57,0.83,0.55,0.04,1.17,0.4,1.09,0.0,0.0,0.04,0.0,0.76,94.11,2.263,388.0,2.2,1241.0,523.0,1764.0,0.22,0.296,,,,1.54,49.6,14.34%,32.23%,53%,7.11,15.99,26.5,24.8,6.15,8.0,16.86,7.94,0.075,2.0,0.034,1.206,0.0,0.0,43.4,0.11,,,,,1.0,60.0,,24,100.0,,,,,,16.0,,,,,,,,,,,,12.0,,,,,,,,,,,,,,,,,,,,
340.0,[18],MIX 2,62.1,27.44,4.57,0.83,0.55,0.04,1.17,0.4,1.09,0.0,0.0,0.04,0.0,0.76,94.11,2.263,388.0,2.2,1241.0,523.0,1764.0,0.22,0.296,,,,1.54,49.6,14.34%,32.23%,53%,7.11,15.99,26.5,24.8,7.69,10.0,14.88,9.92,0.079,2.0,0.038,1.081,0.0,0.0,41.4,0.11,,,,,1.0,60.0,,24,100.0,,,,,,20.0,,,,,,,,,,,,15.0,,,,,,,,,,,,,,,,,,,,
341.0,[19],M1,51.3,30.1,4.57,8.73,0.0,0.0,1.56,1.4,0.7,1.6,0.0,0.0,0.0,0.0,85.97,1.704,400.0,2.4,950.0,850.0,1800.0,0.222,0.472,2.66,2.61,,,143.0,14.36%,29.43%,56%,20.53,42.08,80.38,57.0,17.67,10.0,34.2,22.8,0.201,2.509,0.096,1.102,48.0,24.0,177.0,0.44,,695.0,,,2.0,70.0,,,100.0,,,41.45,42.14,43.62,44.87,,,,,,,,,32.0,32.0,33.0,34.0,,,,,,,,,,,,,,,,,,,,
342.0,[19],M2,51.3,30.1,4.57,8.73,0.0,0.0,1.56,1.4,0.7,1.6,0.0,0.0,0.0,0.0,85.97,1.704,380.0,2.4,950.0,850.0,1800.0,0.211,0.472,2.66,2.61,,,143.0,14.36%,29.43%,56%,20.53,42.08,80.38,57.0,17.67,10.0,34.2,22.8,0.211,2.509,0.101,1.102,48.0,24.0,177.0,0.47,,680.0,,,2.0,70.0,,,100.0,,,45.19,46.02,47.32,49.28,,,,,,,,,34.0,35.0,37.0,39.0,,,,,,,,,,,,,,,,,,,,
343.0,[19],M3,51.3,30.1,4.57,8.73,0.0,0.0,1.56,1.4,0.7,1.6,0.0,0.0,0.0,0.0,85.97,1.704,360.0,2.4,950.0,850.0,1800.0,0.2,0.472,2.66,2.61,,,143.0,14.36%,29.43%,56%,20.53,42.08,80.38,57.0,17.67,10.0,34.2,22.8,0.223,2.509,0.106,1.102,48.0,24.0,177.0,0.49,,665.0,,,2.0,70.0,,,100.0,,,47.83,48.52,49.44,51.52,,,,,,,,,38.0,38.0,39.0,41.0,,,,,,,,,,,,,,,,,,,,
344.0,[19],M4,51.3,30.1,4.57,8.73,0.0,0.0,1.56,1.4,0.7,1.6,0.0,0.0,0.0,0.0,85.97,1.704,340.0,2.4,950.0,850.0,1800.0,0.189,0.472,2.66,2.61,,,143.0,14.36%,29.43%,56%,20.53,42.08,80.38,57.0,17.67,10.0,34.2,22.8,0.236,2.509,0.112,1.102,48.0,24.0,177.0,0.52,,640.0,,,2.0,70.0,,,100.0,,,46.96,47.64,48.98,50.46,,,,,,,,,37.0,38.0,39.0,40.0,,,,,,,,,,,,,,,,,,,,
345.0,[20],M1,51.3,30.1,4.57,8.73,0.0,0.0,1.56,1.4,0.7,1.6,0.0,0.0,0.0,0.0,85.97,1.704,400.0,2.4,950.0,850.0,1800.0,0.222,0.472,2.66,2.61,,,143.0,14.36%,29.43%,56%,20.53,42.08,80.38,57.0,14.14,8.0,38.76,18.24,0.192,2.509,0.087,1.214,48.0,24.0,181.5,0.45,,700.0,,,2.0,70.0,,24,100.0,,,46.98,,49.25,51.43,,,,,,,,,37.0,,39.0,41.0,,,,,,,,,,,,,,,,,,,,
346.0,[21],w-0.20,77.1,17.71,1.21,0.62,0.9,0.8,0.0,2.2,0.0,0.0,0.0,0.0,0.0,0.0,96.02,4.353,334.0,,1329.09,632.75,1961.84,0.17,0.323,,,,,58.45,16.37%,34.35%,49%,9.57,20.08,28.8,58.45,23.56,13.0,28.06,30.39,0.159,1.0,0.099,0.606,18.74,0.0,75.6,0.23,0.0,,,,0.0,90.0,2.0,,150.0,,,,,47.11,,,,,,,,,,,,37.0,,,,,,,,,,,,,,,,,,,,,
347.0,[21],w-0.25,77.1,17.71,1.21,0.62,0.9,0.8,0.0,2.2,0.0,0.0,0.0,0.0,0.0,0.0,96.02,4.353,334.0,,1298.18,613.42,1911.6,0.175,0.321,,,,,58.45,16.37%,34.35%,49%,9.57,20.08,28.8,58.45,23.56,13.0,28.06,30.39,0.159,1.0,0.099,0.606,41.23,0.0,98.1,0.29,175.0,,,,0.0,90.0,2.0,,150.0,,,,,61.33,,,,,,,,,,,,50.0,,,,,,,,,,,,,,,,,,,,,
348.0,[21],w-0.30,77.1,17.71,1.21,0.62,0.9,0.8,0.0,2.2,0.0,0.0,0.0,0.0,0.0,0.0,96.02,4.353,334.0,,1256.96,593.95,1850.91,0.18,0.321,,,,,58.45,16.37%,34.35%,49%,9.57,20.08,28.8,58.45,23.56,13.0,28.06,30.39,0.159,1.0,0.099,0.606,63.74,0.0,120.6,0.36,190.0,,,,0.0,90.0,2.0,,150.0,,,,,41.78,,,,,,,,,,,,32.0,,,,,,,,,,,,,,,,,,,,,
349.0,[21],w-0.35,77.1,17.71,1.21,0.62,0.9,0.8,0.0,2.2,0.0,0.0,0.0,0.0,0.0,0.0,96.02,4.353,334.0,,1215.47,574.34,1789.81,0.187,0.321,,,,,58.45,16.37%,34.35%,49%,9.57,20.08,28.8,58.45,23.56,13.0,28.06,30.39,0.159,1.0,0.099,0.606,86.24,0.0,143.1,0.43,205.0,,,,0.0,90.0,2.0,,150.0,,,,,35.33,,,,,,,,,,,,27.0,,,,,,,,,,,,,,,,,,,,,
350.0,[21],w-0.40,77.1,17.71,1.21,0.62,0.9,0.8,0.0,2.2,0.0,0.0,0.0,0.0,0.0,0.0,96.02,4.353,334.0,,1174.98,555.21,1730.19,0.193,0.321,,,,,58.45,16.37%,34.35%,49%,9.57,20.08,28.8,58.45,23.56,13.0,28.06,30.39,0.159,1.0,0.099,0.606,108.84,0.0,65.7,0.2,235.0,,,,0.0,90.0,2.0,,150.0,,,,,17.56,,,,,,,,,,,,13.0,,,,,,,,,,,,,,,,,,,,,
351.0,[22],M1,60.0,22.7,4.6,4.5,1.0,0.7,2.0,0.5,0.0,0.0,0.0,0.0,0.0,4.0,87.3,2.643,480.0,2.4,960.0,720.0,1680.0,0.286,0.429,,,,,36.0,8.20%,27.00%,65%,2.95,9.72,23.33,204.0,77.15,12.2,104.45,99.55,0.187,0.176,0.167,0.121,0.0,0.0,127.8,0.27,188.0,,,,2.0,90.0,,24,150.0,,,,26.9411,43.3364,50.5723,,,,,,,,,,21.0,33.0,40.0,,,3.03,3.08,3.16,3.26,,2.78,2.82,2.89,2.98,,,,,,,,,
352.0,[23],GPC1,50.5,26.57,13.77,2.13,1.54,0.45,0.77,0.41,0.0,1.0,0.0,0.0,0.0,0.6,90.84,1.901,408.0,,1201.0,647.0,1848.0,0.221,0.35,,,,,93.0,9.10%,28.90%,62%,8.46,26.88,57.66,62.0,26.91,14.0,27.28,34.72,0.153,1.5,0.087,0.76,4.0,0.0,88.9,0.22,,,,,1.0,60.0,,24,,100.0,200.0,,,,,,,,,,32.0,,,,,,31.0,,,,,,,,,,,,,,,,,,,,
353.0,[23],GPC2,50.5,26.57,13.77,2.13,1.54,0.45,0.77,0.41,0.0,1.0,0.0,0.0,0.0,0.6,90.84,1.901,408.0,,1201.0,647.0,1848.0,0.221,0.35,,,,,93.0,9.10%,28.90%,62%,8.46,26.88,57.66,62.0,26.91,14.0,27.28,34.72,0.153,1.5,0.087,0.76,0.0,0.0,84.9,0.21,,,,,1.0,60.0,,24,,100.0,200.0,,,,,,,,,,36.0,,,,,,35.0,,,,,,,,,,,,,,,,,,,,
354.0,[23],GPC3,50.5,26.57,13.77,2.13,1.54,0.45,0.77,0.41,0.0,1.0,0.0,0.0,0.0,0.6,90.84,1.901,408.0,,1201.0,647.0,1848.0,0.221,0.35,,,,,103.0,9.10%,28.90%,62%,9.37,29.77,63.86,68.0,29.51,14.0,29.92,38.08,0.168,1.515,0.095,0.766,0.0,0.0,93.8,0.23,,,,,1.0,60.0,,24,,100.0,200.0,,,,,,,,,,48.0,,,,,,47.0,,,,,,,,,,,,,,,,,,,,
355.0,[24],A1,50.67,18.96,6.35,14.14,3.12,0.345,0.345,0.74,0.0,0.0,0.0,0.0,0.0,0.0,75.98,2.672,408.5,2.46,1041.2025,800.925,1842.1275,0.222,0.435,2.6,2.6,,1.39,104.12025,10.60%,26.50%,62.90%,11.04,27.59,65.49,41.65,18.08,14.0,18.33,23.32,0.139,2.5,0.071,0.948,16.0185,6.4074,103.7,0.25,,,,,1.0,46.11111111,0.0,24,,100.0,200.0,,,,,,,23.3732364,30.8885248,37.5074944,,,,23.0,30.0,36.0,,,,,,,,,,,,,,,,,,,,,
356.0,[24],A2,50.67,18.96,6.35,14.14,3.12,0.345,0.345,0.74,0.0,0.0,0.0,0.0,0.0,0.0,75.98,2.672,408.5,2.46,1041.2025,800.925,1842.1275,0.222,0.435,2.6,2.6,,1.39,104.12025,10.60%,26.50%,62.90%,11.04,27.59,65.49,41.65,18.08,14.0,18.33,23.32,0.139,2.5,0.071,0.948,16.0185,6.4074,103.7,0.25,,,,,1.0,55.0,0.0,24,,100.0,200.0,,,,,,,25.85535,29.9232584,32.6122148,,,,25.0,29.0,32.0,,,,,,,,,,,,,,,,,,,,,
357.0,[24],A3,50.67,18.96,6.35,14.14,3.12,0.345,0.345,0.74,0.0,0.0,0.0,0.0,0.0,0.0,75.98,2.672,408.5,2.46,1041.2025,800.925,1842.1275,0.222,0.435,2.6,2.6,,1.39,104.12025,10.60%,26.50%,62.90%,11.04,27.59,65.49,41.65,18.08,14.0,18.33,23.32,0.139,2.5,0.071,0.948,16.0185,6.4074,103.7,0.25,,,,,1.0,70.0,0.0,24,,100.0,200.0,,,,,,,12.4795156,14.3411008,16.6853192,,,,12.0,14.0,16.0,,,,,,,,,,,,,,,,,,,,,
358.0,[24],A4,50.67,18.96,6.35,14.14,3.12,0.345,0.345,0.74,0.0,0.0,0.0,0.0,0.0,0.0,75.98,2.672,408.5,2.46,1281.48,560.6475,1842.1275,0.222,0.304,2.6,2.6,,1.39,104.12025,10.60%,26.50%,62.90%,11.04,27.59,65.49,41.65,18.08,14.0,18.33,23.32,0.139,2.5,0.071,0.948,16.0185,6.4074,103.7,0.25,,,,,1.0,46.11111111,0.0,24,,100.0,200.0,,,,,,,29.0958872,29.7164156,30.8885248,,,,28.0,29.0,30.0,,,,,,,,,,,,,,,,,,,,,
359.0,[24],A5,50.67,18.96,6.35,14.14,3.12,0.345,0.345,0.74,0.0,0.0,0.0,0.0,0.0,0.0,75.98,2.672,408.47175,2.46,1281.48,560.6475,1842.1275,0.222,0.304,2.6,2.6,,1.39,104.12025,10.60%,26.50%,62.90%,11.04,27.59,65.49,41.65,18.08,14.0,18.33,23.32,0.139,2.5,0.071,0.948,16.0185,6.4074,103.7,0.25,,,,,1.0,55.0,0.0,24,,100.0,200.0,,,,,,,21.4427036,23.3732364,27.9927256,,,,21.0,23.0,27.0,,,,,,,,,,,,,,,,,,,,,
360.0,[24],A6,50.67,18.96,6.35,14.14,3.12,0.345,0.345,0.74,0.0,0.0,0.0,0.0,0.0,0.0,75.98,2.672,408.47175,2.46,1281.48,560.6475,1842.1275,0.222,0.304,2.6,2.6,,1.39,104.12025,10.60%,26.50%,62.90%,11.04,27.59,65.49,41.65,18.08,14.0,18.33,23.32,0.139,2.5,0.071,0.948,16.0185,6.4074,103.7,0.25,,,,,1.0,70.0,0.0,24,,100.0,200.0,,,,,,,16.1337384,19.0295376,19.650066,,,,16.0,18.0,19.0,,,,,,,,,,,,,,,,,,,,,
361.0,[24],A7,50.67,18.96,6.35,14.14,3.12,0.345,0.345,0.74,0.0,0.0,0.0,0.0,0.0,0.0,75.98,2.672,408.47175,2.46,961.11,881.0175,1842.1275,0.222,0.478,2.6,2.6,,1.39,104.12025,10.60%,26.50%,62.90%,11.04,27.59,65.49,41.65,18.08,14.0,18.33,23.32,0.139,2.5,0.071,0.948,16.0185,6.4074,103.7,0.25,,,,,1.0,46.11111111,0.0,24,,100.0,200.0,,,,,,,29.0269396,29.1648348,29.2337824,,,,28.0,28.0,28.0,,,,,,,,,,,,,,,,,,,,,
362.0,[24],A8,50.67,18.96,6.35,14.14,3.12,0.345,0.345,0.74,0.0,0.0,0.0,0.0,0.0,0.0,75.98,2.672,408.47175,2.46,961.11,881.0175,1842.1275,0.222,0.478,2.6,2.6,,1.39,104.12025,10.60%,26.50%,62.90%,11.04,27.59,65.49,41.65,18.08,14.0,18.33,23.32,0.139,2.5,0.071,0.948,16.0185,6.4074,103.7,0.25,,,,,1.0,55.0,0.0,24,,100.0,200.0,,,,,,,19.4432232,24.6142932,26.6137736,,,,19.0,24.0,26.0,,,,,,,,,,,,,,,,,,,,,
363.0,[24],A9,50.67,18.96,6.35,14.14,3.12,0.345,0.345,0.74,0.0,0.0,0.0,0.0,0.0,0.0,75.98,2.672,466.13835,2.46,1478.988105,633.211305,2112.19941,0.221,0.3,2.6,2.6,,1.39,118.5369,10.60%,26.50%,62.90%,12.56,31.41,74.56,47.25,20.51,14.0,20.79,26.46,0.138,2.508,0.071,0.95,7.849065,7.04814,107.4,0.23,,,,,1.0,46.11111111,0.0,24,,100.0,200.0,,,,,,,11.8589872,23.097446,24.476398,,,,12.0,22.0,24.0,,,,,,,,,,,,,,,,,,,,,
364.0,[24],A10,50.67,18.96,6.35,14.14,3.12,0.345,0.345,0.74,0.0,0.0,0.0,0.0,0.0,0.0,75.98,2.672,466.13835,2.46,1478.988105,633.211305,2112.19941,0.221,0.3,2.6,2.6,,1.39,118.5369,10.60%,26.50%,62.90%,12.56,31.41,74.56,47.25,20.51,14.0,20.79,26.46,0.138,2.508,0.071,0.95,7.849065,7.04814,107.4,0.23,,,,,1.0,55.0,0.0,24,,100.0,200.0,,,,,,,12.5484632,17.0990048,20.1326992,,,,12.0,17.0,20.0,,,,,,,,,,,,,,,,,,,,,
365.0,[24],A11,50.67,18.96,6.35,14.14,3.12,0.345,0.345,0.74,0.0,0.0,0.0,0.0,0.0,0.0,75.98,2.672,466.13835,2.46,1478.988105,633.211305,2112.19941,0.221,0.3,2.6,2.6,,1.39,118.5369,10.60%,26.50%,62.90%,12.56,31.41,74.56,47.25,20.51,14.0,20.79,26.46,0.138,2.508,0.071,0.95,7.849065,7.04814,107.4,0.23,,,,,1.0,70.0,0.0,24,,100.0,200.0,,,,,,,10.6179304,13.7205724,14.4100484,,,,10.0,13.0,14.0,,,,,,,,,,,,,,,,,,,,,
366.0,[24],B1,56.59,23.89,4.82,9.42,1.83,0.24,1.03,0.39,0.0,0.0,0.0,0.0,0.0,0.0,85.3,2.369,408.47175,2.29,1281.48,560.6475,1842.1275,0.222,0.304,2.6,2.6,,1.39,104.12025,10.60%,26.50%,62.90%,11.04,27.59,65.49,41.65,10.33,8.0,28.32,13.33,0.12,2.5,0.052,1.291,16.0185,6.4074,113.7,0.28,,,,,1.0,70.0,0.0,24,,100.0,200.0,,,,,,,,13.5826772,15.4442624,,,,,13.0,15.0,,,,,,,,,,,,,,,,,,,,,
367.0,[24],B2,56.59,23.89,4.82,9.42,1.83,0.24,1.03,0.39,0.0,0.0,0.0,0.0,0.0,0.0,85.3,2.369,466.13835,2.29,1479.308475,632.73075,2112.039225,0.221,0.3,2.6,2.6,,1.39,118.5369,10.60%,26.50%,62.90%,12.56,31.41,74.56,46.45,11.52,8.0,31.59,14.87,0.119,2.552,0.052,1.304,8.00925,6.4074,118.0,0.25,,,,,1.0,23.88888889,0.0,24,,100.0,200.0,,,,,,,,,7.8600264,,,,,,8.0,,,,,,,,,,,,,,,,,,,,,
368.0,[24],B3,56.59,23.89,4.82,9.42,1.83,0.24,1.03,0.39,0.0,0.0,0.0,0.0,0.0,0.0,85.3,2.369,466.13835,2.29,1479.308475,632.73075,2112.039225,0.221,0.3,2.6,2.6,,1.39,118.5369,10.60%,26.50%,62.90%,12.56,31.41,74.56,46.45,11.52,8.0,31.59,14.87,0.119,2.552,0.052,1.304,8.00925,6.4074,118.0,0.25,,,,,1.0,,0.0,24,,100.0,200.0,,,,,,,,,24.13166,,,,,,23.0,,,,,,,,,,,,,,,,,,,,,
369.0,[24],B4,56.59,23.89,4.82,9.42,1.83,0.24,1.03,0.39,0.0,0.0,0.0,0.0,0.0,0.0,85.3,2.369,466.13835,2.29,1479.308475,632.73075,2112.039225,0.221,0.3,2.6,2.6,,1.39,118.5369,10.60%,26.50%,62.90%,12.56,31.41,74.56,46.45,11.52,8.0,31.59,14.87,0.119,2.552,0.052,1.304,8.00925,6.4074,118.0,0.25,,,,,1.0,32.22222222,0.0,24,,100.0,200.0,,,,,,,10.6179304,13.7205724,14.4100484,,,,10.0,13.0,14.0,,,,,,,,,,,,,,,,,,,,,
370.0,[24],B5,56.59,23.89,4.82,9.42,1.83,0.24,1.03,0.39,0.0,0.0,0.0,0.0,0.0,0.0,85.3,2.369,466.13835,2.29,1479.308475,632.73075,2112.039225,0.221,0.3,2.6,2.6,,1.39,118.5369,10.60%,26.50%,62.90%,12.56,31.41,74.56,46.45,11.52,8.0,31.59,14.87,0.119,2.552,0.052,1.304,8.00925,6.4074,118.0,0.25,,,,,1.0,46.11111111,0.0,24,,100.0,200.0,,,,,,,11.8589872,23.097446,24.476398,,,,12.0,22.0,24.0,,,,,,,,,,,,,,,,,,,,,
371.0,[24],B6,56.59,23.89,4.82,9.42,1.83,0.24,1.03,0.39,0.0,0.0,0.0,0.0,0.0,0.0,85.3,2.369,466.13835,2.29,1479.308475,632.73075,2112.039225,0.221,0.3,2.6,2.6,,1.39,118.5369,10.60%,26.50%,62.90%,12.56,31.41,74.56,46.45,11.52,8.0,31.59,14.87,0.119,2.552,0.052,1.304,8.00925,6.4074,118.0,0.25,,,,,1.0,55.0,0.0,24,,100.0,200.0,,,,,,,12.5484632,17.0990048,20.1326992,,,,12.0,17.0,20.0,,,,,,,,,,,,,,,,,,,,,
372.0,[24],B7,56.59,23.89,4.82,9.42,1.83,0.24,1.03,0.39,0.0,0.0,0.0,0.0,0.0,0.0,85.3,2.369,466.13835,2.29,1479.308475,632.73075,2112.039225,0.221,0.3,2.6,2.6,,1.39,118.5369,10.60%,26.50%,62.90%,12.56,31.41,74.56,46.45,11.52,8.0,31.59,14.87,0.119,2.552,0.052,1.304,8.00925,6.4074,118.0,0.25,,,,,1.0,70.0,0.0,24,,100.0,200.0,,,,,,,22.8906032,23.9248172,28.268516,,,,22.0,23.0,27.0,,,,,,,,,,,,,,,,,,,,,
373.0,[24],B8,56.59,23.89,4.82,9.42,1.83,0.24,1.03,0.39,0.0,0.0,0.0,0.0,0.0,0.0,85.3,2.369,466.13835,2.29,1479.308475,632.73075,2112.039225,0.221,0.3,2.6,2.6,,1.39,118.5369,10.60%,26.50%,62.90%,12.56,31.41,74.56,46.45,11.52,8.0,31.59,14.87,0.119,2.552,0.052,1.304,8.00925,6.4074,118.0,0.25,,,,,1.0,76.66666667,0.0,24,,100.0,200.0,,,,,,,,15.51321,28.4064112,,,,,15.0,28.0,,,,,,,,,,,,,,,,,,,,,
374.0,[24],B9,56.59,23.89,4.82,9.42,1.83,0.24,1.03,0.39,0.0,0.0,0.0,0.0,0.0,0.0,85.3,2.369,408.47175,2.29,1041.2025,800.925,1842.1275,0.222,0.435,2.6,2.6,,1.39,104.12025,10.60%,26.50%,62.90%,11.04,27.59,65.49,41.65,15.49,12.0,21.66,19.99,0.133,2.5,0.065,1.04,16.0185,6.4074,107.0,0.26,,,,,1.0,46.11111111,0.0,24,,100.0,200.0,,,,,,,13.0310964,15.857948,16.6163716,,,,13.0,15.0,16.0,,,,,,,,,,,,,,,,,,,,,
375.0,[24],B10,56.59,23.89,4.82,9.42,1.83,0.24,1.03,0.39,0.0,0.0,0.0,0.0,0.0,0.0,85.3,2.369,408.47175,2.29,1041.2025,800.925,1842.1275,0.222,0.435,2.6,2.6,,1.39,104.12025,10.60%,26.50%,62.90%,11.04,27.59,65.49,41.65,15.49,12.0,21.66,19.99,0.133,2.5,0.065,1.04,16.0185,6.4074,107.0,0.26,,,,,1.0,55.0,0.0,24,,100.0,200.0,,,,,,,11.031616,12.3416204,17.7884808,,,,11.0,12.0,17.0,,,,,,,,,,,,,,,,,,,,,
376.0,[24],B11,56.59,23.89,4.82,9.42,1.83,0.24,1.03,0.39,0.0,0.0,0.0,0.0,0.0,0.0,85.3,2.369,408.47175,2.29,1041.2025,800.925,1842.1275,0.222,0.435,2.6,2.6,,1.39,104.12025,10.60%,26.50%,62.90%,11.04,27.59,65.49,41.65,15.49,12.0,21.66,19.99,0.133,2.5,0.065,1.04,16.0185,6.4074,107.0,0.26,,,,,2.0,55.0,0.0,24,,100.0,200.0,,,,,,,24.476398,33.6464288,37.5074944,,,,24.0,33.0,36.0,,,,,,,,,,,,,,,,,,,,,
377.0,[24],B12,56.59,23.89,4.82,9.42,1.83,0.24,1.03,0.39,0.0,0.0,0.0,0.0,0.0,0.0,85.3,2.369,408.47175,2.29,1281.48,560.6475,1842.1275,0.222,0.304,2.6,2.6,,1.39,104.12025,10.60%,26.50%,62.90%,11.04,27.59,65.49,41.65,15.49,12.0,21.66,19.99,0.133,2.5,0.065,1.04,16.0185,6.4074,107.0,0.26,,,,,1.0,70.0,0.0,24,,100.0,200.0,,,,,,,29.1648348,29.2337824,33.784324,,,,28.0,28.0,33.0,,,,,,,,,,,,,,,,,,,,,
378.0,[24],B13,56.59,23.89,4.82,9.42,1.83,0.24,1.03,0.39,0.0,0.0,0.0,0.0,0.0,0.0,85.3,2.369,408.47175,2.29,1041.2025,800.925,1842.1275,0.222,0.435,2.6,2.6,,1.39,104.12025,10.60%,26.50%,62.90%,11.04,27.59,65.49,41.65,15.49,12.0,21.66,19.99,0.133,2.5,0.065,1.04,16.0185,6.4074,107.0,0.26,,,,,2.0,70.0,0.0,24,,100.0,200.0,,,,,,,,10.686878,13.0310964,,,,,10.0,13.0,,,,,,,,,,,,,,,,,,,,,
379.0,[24],B14,56.59,23.89,4.82,9.42,1.83,0.24,1.03,0.39,0.0,0.0,0.0,0.0,0.0,0.0,85.3,2.369,397.2588,2.29,1246.2393,544.629,1790.8683,0.222,0.304,2.6,2.6,,1.39,100.91655,10.60%,26.50%,62.90%,10.7,26.74,63.48,41.65,18.08,14.0,18.33,23.32,0.14,2.423,0.072,0.929,98.35359,6.4074,184.0,0.46,,,,,1.0,23.88888889,0.0,24,,100.0,200.0,,,,,,,,6.89476,7.9979216,,,,,7.0,8.0,,,,,,,,,,,,,,,,,,,,,
380.0,[24],B15,56.59,23.89,4.82,9.42,1.83,0.24,1.03,0.39,0.0,0.0,0.0,0.0,0.0,0.0,85.3,2.369,397.2588,2.29,1246.2393,544.629,1790.8683,0.222,0.304,2.6,2.6,,1.39,100.91655,10.60%,26.50%,62.90%,10.7,26.74,63.48,41.65,18.08,14.0,18.33,23.32,0.14,2.423,0.072,0.929,35.2407,12.8148,124.7,0.31,,,,,1.0,32.22222222,0.0,24,,100.0,200.0,,,,,,,5.9984412,13.2379392,16.2716336,,,,6.0,13.0,16.0,,,,,,,,,,,,,,,,,,,,,
381.0,[24],B16,56.59,23.89,4.82,9.42,1.83,0.24,1.03,0.39,0.0,0.0,0.0,0.0,0.0,0.0,85.3,2.369,397.2588,2.29,1246.2393,544.629,1790.8683,0.222,0.304,2.6,2.6,,1.39,100.91655,10.60%,26.50%,62.90%,10.7,26.74,63.48,41.65,18.08,14.0,18.33,23.32,0.14,2.423,0.072,0.929,49.65735,9.6111,137.2,0.35,,,,,1.0,46.11111111,0.0,24,,100.0,200.0,,,,,,,17.581638,16.8232144,27.57904,,,,17.0,16.0,27.0,,,,,,,,,,,,,,,,,,,,,
382.0,[24],B17,56.59,23.89,4.82,9.42,1.83,0.24,1.03,0.39,0.0,0.0,0.0,0.0,0.0,0.0,85.3,2.369,397.2588,2.29,1246.2393,544.629,1790.8683,0.222,0.304,2.6,2.6,,1.39,100.91655,10.60%,26.50%,62.90%,10.7,26.74,63.48,41.65,18.08,14.0,18.33,23.32,0.14,2.423,0.072,0.929,49.65735,9.6111,137.2,0.35,,,,,1.0,46.11111111,0.0,24,,100.0,200.0,,,,,,,14.9616292,18.6847996,28.8200968,,,,15.0,18.0,28.0,,,,,,,,,,,,,,,,,,,,,
383.0,[24],B18,56.59,23.89,4.82,9.42,1.83,0.24,1.03,0.39,0.0,0.0,0.0,0.0,0.0,0.0,85.3,2.369,397.2588,2.29,1246.2393,544.629,1790.8683,0.222,0.304,2.6,2.6,,1.39,100.91655,10.60%,26.50%,62.90%,10.7,26.74,63.48,41.65,18.08,14.0,18.33,23.32,0.14,2.423,0.072,0.929,97.71285,0.0,179.5,0.45,,,,,1.0,70.0,0.0,24,,100.0,200.0,,,,,,,,13.0310964,13.9963628,,,,,13.0,14.0,,,,,,,,,,,,,,,,,,,,,
384.0,[24],B19,56.59,23.89,4.82,9.42,1.83,0.24,1.03,0.39,0.0,0.0,0.0,0.0,0.0,0.0,85.3,2.369,408.47175,2.29,1041.2025,800.925,1842.1275,0.222,0.435,2.6,2.6,,1.39,104.12025,10.60%,26.50%,62.90%,11.04,27.59,65.49,41.65,18.08,14.0,18.33,23.32,0.139,2.5,0.071,0.948,16.0185,6.4074,103.7,0.25,,,,,1.0,32.22222222,0.0,24,,100.0,200.0,,,,,,,12.4795156,14.3411008,16.6853192,,,,12.0,14.0,16.0,,,,,,,,,,,,,,,,,,,,,
385.0,[24],B20,56.59,23.89,4.82,9.42,1.83,0.24,1.03,0.39,0.0,0.0,0.0,0.0,0.0,0.0,85.3,2.369,408.47175,2.29,1041.2025,800.925,1842.1275,0.222,0.435,2.6,2.6,,1.39,104.12025,10.60%,26.50%,62.90%,11.04,27.59,65.49,41.65,18.08,14.0,18.33,23.32,0.139,2.5,0.071,0.948,16.0185,6.4074,103.7,0.25,,,,,1.0,46.11111111,0.0,24,,100.0,200.0,,,,,,,23.442184,30.8885248,32.6811624,,,,23.0,30.0,32.0,,,,,,,,,,,,,,,,,,,,,
386.0,[24],B21,56.59,23.89,4.82,9.42,1.83,0.24,1.03,0.39,0.0,0.0,0.0,0.0,0.0,0.0,85.3,2.369,408.47175,2.29,1041.2025,800.925,1842.1275,0.222,0.435,2.6,2.6,,1.39,104.12025,10.60%,26.50%,62.90%,11.04,27.59,65.49,41.65,18.08,14.0,18.33,23.32,0.139,2.5,0.071,0.948,16.0185,6.4074,103.7,0.25,,,,,1.0,55.0,0.0,24,,100.0,200.0,,,,,,,25.85535,29.992206,37.5074944,,,,25.0,29.0,36.0,,,,,,,,,,,,,,,,,,,,,
387.0,[24],B22,56.59,23.89,4.82,9.42,1.83,0.24,1.03,0.39,0.0,0.0,0.0,0.0,0.0,0.0,85.3,2.369,408.47175,2.29,1041.2025,800.925,1842.1275,0.222,0.435,2.6,2.6,,1.39,104.12025,10.60%,26.50%,62.90%,11.04,27.59,65.49,41.65,18.08,14.0,18.33,23.32,0.139,2.5,0.071,0.948,16.0185,6.4074,103.7,0.25,,,,,2.0,55.0,0.0,24,,100.0,200.0,,,,,,,,27.3721972,38.610656,,,,,27.0,37.0,,,,,,,,,,,,,,,,,,,,,
388.0,[24],B23,56.59,23.89,4.82,9.42,1.83,0.24,1.03,0.39,0.0,0.0,0.0,0.0,0.0,0.0,85.3,2.369,408.47175,2.29,1041.2025,800.925,1842.1275,0.222,0.435,2.6,2.6,,1.39,104.12025,10.60%,26.50%,62.90%,11.04,27.59,65.49,41.65,18.08,14.0,18.33,23.32,0.139,2.5,0.071,0.948,16.0185,6.4074,103.7,0.25,,,,,1.0,70.0,0.0,24,,100.0,200.0,,,,,,,39.1622368,46.194892,49.1596388,,,,38.0,45.0,48.0,,,,,,,,,,,,,,,,,,,,,
389.0,[24],B24,56.59,23.89,4.82,9.42,1.83,0.24,1.03,0.39,0.0,0.0,0.0,0.0,0.0,0.0,85.3,2.369,408.47175,2.29,1281.48,560.6475,1842.1275,0.222,0.304,2.6,2.6,,1.39,104.12025,10.60%,26.50%,62.90%,11.04,27.59,65.49,41.65,18.08,14.0,18.33,23.32,0.139,2.5,0.071,0.948,16.0185,6.4074,103.7,0.25,,,,,1.0,23.88888889,0.0,24,,100.0,200.0,,,,,,,,6.0673888,11.3074064,,,,,6.0,11.0,,,,,,,,,,,,,,,,,,,,,
390.0,[24],B25,56.59,23.89,4.82,9.42,1.83,0.24,1.03,0.39,0.0,0.0,0.0,0.0,0.0,0.0,85.3,2.369,408.47175,2.29,1281.48,560.6475,1842.1275,0.222,0.304,2.6,2.6,,1.39,104.12025,10.60%,26.50%,62.90%,11.04,27.59,65.49,41.65,18.08,14.0,18.33,23.32,0.139,2.5,0.071,0.948,16.0185,6.4074,103.7,0.25,,,,,1.0,32.22222222,0.0,24,,100.0,200.0,,,,,,,16.1337384,19.0295376,19.650066,,,,16.0,18.0,19.0,,,,,,,,,,,,,,,,,,,,,
391.0,[24],B26,56.59,23.89,4.82,9.42,1.83,0.24,1.03,0.39,0.0,0.0,0.0,0.0,0.0,0.0,85.3,2.369,408.47175,2.29,1281.48,560.6475,1842.1275,0.222,0.304,2.6,2.6,,1.39,104.12025,10.60%,26.50%,62.90%,11.04,27.59,65.49,41.65,18.08,14.0,18.33,23.32,0.139,2.5,0.071,0.948,16.0185,6.4074,103.7,0.25,,,,,1.0,46.11111111,0.0,24,,100.0,200.0,,,,,,,29.0958872,29.7164156,30.8885248,,,,28.0,29.0,30.0,,,,,,,,,,,,,,,,,,,,,
392.0,[24],B27,56.59,23.89,4.82,9.42,1.83,0.24,1.03,0.39,0.0,0.0,0.0,0.0,0.0,0.0,85.3,2.369,408.47175,2.29,1281.48,560.6475,1842.1275,0.222,0.304,2.6,2.6,,1.39,104.12025,10.60%,26.50%,62.90%,11.04,27.59,65.49,41.65,18.08,14.0,18.33,23.32,0.139,2.5,0.071,0.948,16.0185,6.4074,103.7,0.25,,,,,1.0,55.0,0.0,24,,100.0,200.0,,,,,,,21.4427036,23.3732364,27.9927256,,,,21.0,23.0,27.0,,,,,,,,,,,,,,,,,,,,,
393.0,[24],B28,56.59,23.89,4.82,9.42,1.83,0.24,1.03,0.39,0.0,0.0,0.0,0.0,0.0,0.0,85.3,2.369,408.47175,2.29,1281.48,560.6475,1842.1275,0.222,0.304,2.6,2.6,,1.39,104.12025,10.60%,26.50%,62.90%,11.04,27.59,65.49,41.65,18.08,14.0,18.33,23.32,0.139,2.5,0.071,0.948,16.0185,6.4074,103.7,0.25,,,,,1.0,70.0,0.0,24,,100.0,200.0,,,,,,,22.40797,34.6806428,38.955394,,,,22.0,34.0,38.0,,,,,,,,,,,,,,,,,,,,,
394.0,[24],B29,56.59,23.89,4.82,9.42,1.83,0.24,1.03,0.39,0.0,0.0,0.0,0.0,0.0,0.0,85.3,2.369,408.47175,2.29,961.11,881.0175,1842.1275,0.222,0.478,2.6,2.6,,1.39,104.12025,10.60%,26.50%,62.90%,11.04,27.59,65.49,41.65,18.08,14.0,18.33,23.32,0.139,2.5,0.071,0.948,16.0185,6.4074,103.7,0.25,,,,,1.0,46.11111111,0.0,24,,100.0,200.0,,,,,,,29.0269396,29.1648348,29.2337824,,,,28.0,28.0,28.0,,,,,,,,,,,,,,,,,,,,,
395.0,[24],B30,56.59,23.89,4.82,9.42,1.83,0.24,1.03,0.39,0.0,0.0,0.0,0.0,0.0,0.0,85.3,2.369,408.47175,2.29,961.11,881.0175,1842.1275,0.222,0.478,2.6,2.6,,1.39,104.12025,10.60%,26.50%,62.90%,11.04,27.59,65.49,41.65,18.08,14.0,18.33,23.32,0.139,2.5,0.071,0.948,16.0185,6.4074,103.7,0.25,,,,,1.0,55.0,0.0,24,,100.0,200.0,,,,,,,19.4432232,24.6142932,26.6137736,,,,19.0,24.0,26.0,,,,,,,,,,,,,,,,,,,,,
396.0,[24],B31,56.59,23.89,4.82,9.42,1.83,0.24,1.03,0.39,0.0,0.0,0.0,0.0,0.0,0.0,85.3,2.369,408.47175,2.29,961.11,881.0175,1842.1275,0.222,0.478,2.6,2.6,,1.39,104.12025,10.60%,26.50%,62.90%,11.04,27.59,65.49,41.65,18.08,14.0,18.33,23.32,0.139,2.5,0.071,0.948,16.0185,6.4074,103.7,0.25,,,,,1.0,70.0,0.0,24,,100.0,200.0,,,,,,,22.40797,32.1295816,35.2322236,,,,22.0,31.0,34.0,,,,,,,,,,,,,,,,,,,,,
397.0,[24],B32,56.59,23.89,4.82,9.42,1.83,0.24,1.03,0.39,0.0,0.0,0.0,0.0,0.0,0.0,85.3,2.369,408.47175,2.29,1041.2025,800.925,1842.1275,0.222,0.435,2.6,2.6,,1.39,104.12025,10.60%,26.50%,62.90%,11.04,27.59,65.49,41.65,21.95,17.0,13.33,28.32,0.148,2.5,0.081,0.836,16.0185,6.4074,98.7,0.24,,,,,1.0,23.88888889,0.0,24,,100.0,200.0,,,,,,,,8.4805548,12.2726728,,,,,8.0,12.0,,,,,,,,,,,,,,,,,,,,,
398.0,[24],B33,56.59,23.89,4.82,9.42,1.83,0.24,1.03,0.39,0.0,0.0,0.0,0.0,0.0,0.0,85.3,2.369,408.47175,2.29,1041.2025,800.925,1842.1275,0.222,0.435,2.6,2.6,,1.39,104.12025,10.60%,26.50%,62.90%,11.04,27.59,65.49,41.65,21.95,17.0,13.33,28.32,0.148,2.5,0.081,0.836,16.0185,6.4074,98.7,0.24,,,,,1.0,46.11111111,0.0,24,,100.0,200.0,,,,,,,7.0326552,11.376354,,,,,7.0,11.0,,,,,,,,,,,,,,,,,,,,,,
399.0,[24],B34,56.59,23.89,4.82,9.42,1.83,0.24,1.03,0.39,0.0,0.0,0.0,0.0,0.0,0.0,85.3,2.369,408.47175,2.29,1041.2025,800.925,1842.1275,0.222,0.435,2.6,2.6,,1.39,104.12025,10.60%,26.50%,62.90%,11.04,27.59,65.49,41.65,21.95,17.0,13.33,28.32,0.148,2.5,0.081,0.836,16.0185,6.4074,98.7,0.24,,,,,1.0,46.11111111,0.0,24,,100.0,200.0,,,,,,,35.7838044,40.7480316,,,,,35.0,40.0,,,,,,,,,,,,,,,,,,,,,,
400.0,[24],C1,54.7,29.0,6.74,1.29,0.8,1.88,2.47,0.1,0.0,0.0,0.0,0.0,0.0,0.0,90.44,1.886,408.47175,2.23,1041.2025,800.925,1842.1275,0.222,0.435,2.6,2.6,,1.39,104.12025,10.60%,26.50%,62.90%,11.04,27.59,65.49,41.65,15.49,12.0,21.66,19.99,0.133,2.5,0.065,1.04,16.0185,6.4074,107.0,0.26,,,,,2.0,55.0,0.0,24,,100.0,200.0,,,,,,,28.7511492,29.9232584,32.4743196,,,,28.0,29.0,32.0,,,,,,,,,,,,,,,,,,,,,
401.0,[24],C2,54.7,29.0,6.74,1.29,0.8,1.88,2.47,0.1,0.0,0.0,0.0,0.0,0.0,0.0,90.44,1.886,408.47175,2.23,1041.2025,800.925,1842.1275,0.222,0.435,2.6,2.6,,1.39,104.12025,10.60%,26.50%,62.90%,11.04,27.59,65.49,41.65,18.08,14.0,18.33,23.32,0.139,2.5,0.071,0.948,16.0185,6.4074,103.7,0.25,,,,,2.0,55.0,0.0,24,,100.0,200.0,,,,,,,27.3721972,32.3364244,41.5754028,,,,27.0,31.0,40.0,,,,,,,,,,,,,,,,,,,,,
402.0,[24],C3,54.7,29.0,6.74,1.29,0.8,1.88,2.47,0.1,0.0,0.0,0.0,0.0,0.0,0.0,90.44,1.886,408.47175,2.23,1281.48,560.6475,1842.1275,0.222,0.304,2.6,2.6,,1.39,104.12025,10.60%,26.50%,62.90%,11.04,27.59,65.49,41.65,10.33,8.0,28.32,13.33,0.12,2.5,0.052,1.291,0.0,6.4074,97.7,0.24,,,,,1.0,70.0,0.0,24,,100.0,200.0,,,,,,,30.681682,33.3016908,33.3016908,,,,30.0,32.0,32.0,,,,,,,,,,,,,,,,,,,,,
403.0,[24],C4,54.7,29.0,6.74,1.29,0.8,1.88,2.47,0.1,0.0,0.0,0.0,0.0,0.0,0.0,90.44,1.886,408.47175,2.23,1281.48,560.6475,1842.1275,0.222,0.304,2.6,2.6,,1.39,104.12025,10.60%,26.50%,62.90%,11.04,27.59,65.49,41.65,18.08,14.0,18.33,23.32,0.139,2.5,0.071,0.948,0.0,6.4074,87.7,0.21,,,,,1.0,70.0,0.0,24,,100.0,200.0,,,,,,,8.273712,9.2389784,10.34214,,,,8.0,9.0,10.0,,,,,,,,,,,,,,,,,,,,,
404.0,[25],Mix-1,57.3,27.13,8.06,0.03,2.13,0.73,0.0,1.06,0.0,0.0,0.0,0.0,0.0,1.6,92.49,2.112,428.0,,1170.0,630.0,1800.0,0.238,0.35,,,,,122.0,16.84%,35.01%,48%,20.54,42.71,58.74,49.0,21.27,14.0,21.56,27.44,0.197,2.49,0.098,1.022,43.0,8.5,128.4,0.3,,,,,1.0,75.0,,24,100.0,,,30.0,,,,,,,,,,,,23.0,,,,,,,,,,,,,,,,,,,,,,,
405.0,[25],Mix-2,57.3,27.13,8.06,0.03,2.13,0.73,0.0,1.06,0.0,0.0,0.0,0.0,0.0,1.6,92.49,2.112,444.0,,1170.0,630.0,1800.0,0.247,0.35,,,,,111.0,16.84%,35.01%,48%,18.69,38.86,53.45,44.0,19.1,14.0,19.36,24.64,0.173,2.523,0.085,1.028,43.0,9.0,121.2,0.27,,,,,1.0,75.0,,24,100.0,,,30.0,,,,,,,,,,,,23.0,,,,,,,,,,,,,,,,,,,,,,,
406.0,[25],Mix-3,57.3,27.13,8.06,0.03,2.13,0.73,0.0,1.06,0.0,0.0,0.0,0.0,0.0,1.6,92.49,2.112,428.0,,1170.0,630.0,1800.0,0.238,0.35,,,,,114.0,16.84%,35.01%,48%,19.2,39.91,54.89,57.0,24.74,14.0,25.08,31.92,0.196,2.0,0.103,0.908,43.0,8.5,128.1,0.3,,,,,1.0,75.0,,24,100.0,,,40.0,,,,,,,,,,,,30.0,,,,,,,,,,,,,,,,,,,,,,,
407.0,[25],Mix-4A,57.3,27.13,8.06,0.03,2.13,0.73,0.0,1.06,0.0,0.0,0.0,0.0,0.0,1.6,92.49,2.112,428.0,,1170.0,630.0,1800.0,0.238,0.35,,,,,122.0,16.84%,35.01%,48%,20.54,42.71,58.74,49.0,21.27,14.0,21.56,27.44,0.197,2.49,0.098,1.022,43.0,8.5,128.4,0.3,,,,,1.0,75.0,,24,100.0,,,28.0,,,,,,,,,,,,21.0,,,,,,,,,,,,,,,,,,,,,,,
408.0,[25],Mix-4B,57.3,27.13,8.06,0.03,2.13,0.73,0.0,1.06,0.0,0.0,0.0,0.0,0.0,1.6,92.49,2.112,428.0,,1170.0,630.0,1800.0,0.238,0.35,,,,,122.0,16.84%,35.01%,48%,20.54,42.71,58.74,49.0,21.27,14.0,21.56,27.44,0.197,2.49,0.098,1.022,43.0,8.5,128.4,0.3,,,,,2.0,75.0,,24,100.0,,,32.0,,,,,,,,,,,,24.0,,,,,,,,,,,,,,,,,,,,,,,
409.0,[25],Mix-5A,57.3,27.13,8.06,0.03,2.13,0.73,0.0,1.06,0.0,0.0,0.0,0.0,0.0,1.6,92.49,2.112,428.0,,1170.0,630.0,1800.0,0.238,0.35,,,,,122.0,16.84%,35.01%,48%,20.54,42.71,58.74,49.0,21.27,14.0,21.56,27.44,0.197,2.49,0.098,1.022,43.0,8.5,128.4,0.3,170.0,,,,2.0,75.0,,24,100.0,,,32.0,,,,,,,,,,,,24.0,,,,,,,,,,,,,,,,,,,,,,,
410.0,[25],Mix-5B,57.3,27.13,8.06,0.03,2.13,0.73,0.0,1.06,0.0,0.0,0.0,0.0,0.0,1.6,92.49,2.112,428.0,,1170.0,630.0,1800.0,0.238,0.35,,,,,122.0,16.84%,35.01%,48%,20.54,42.71,58.74,49.0,21.27,14.0,21.56,27.44,0.197,2.49,0.098,1.022,43.0,13.0,131.1,0.31,220.0,,,,2.0,75.0,,24,100.0,,,30.0,,,,,,,,,,,,23.0,,,,,,,,,,,,,,,,,,,,,,,
411.0,[25],Mix-5C,57.3,27.13,8.06,0.03,2.13,0.73,0.0,1.06,0.0,0.0,0.0,0.0,0.0,1.6,92.49,2.112,428.0,,1170.0,630.0,1800.0,0.238,0.35,,,,,122.0,16.84%,35.01%,48%,20.54,42.71,58.74,49.0,21.27,14.0,21.56,27.44,0.197,2.49,0.098,1.022,43.0,17.0,133.5,0.31,240.0,,,,2.0,75.0,,24,100.0,,,29.0,,,,,,,,,,,,22.0,,,,,,,,,,,,,,,,,,,,,,,
412.0,[25],Mix-6A,57.3,27.13,8.06,0.03,2.13,0.73,0.0,1.06,0.0,0.0,0.0,0.0,0.0,1.6,92.49,2.112,428.0,,1170.0,630.0,1800.0,0.238,0.35,,,,,122.0,16.84%,35.01%,48%,20.54,42.71,58.74,49.0,21.27,14.0,21.56,27.44,0.197,2.49,0.098,1.022,43.0,8.5,128.4,0.3,,,,,2.0,75.0,,24,100.0,,,36.0,,,,,,,,,,,,27.0,,,,,,,,,,,,,,,,,,,,,,,
413.0,[25],Mix-6B,57.3,27.13,8.06,0.03,2.13,0.73,0.0,1.06,0.0,0.0,0.0,0.0,0.0,1.6,92.49,2.112,428.0,,1170.0,630.0,1800.0,0.238,0.35,,,,,122.0,16.84%,35.01%,48%,20.54,42.71,58.74,49.0,21.27,14.0,21.56,27.44,0.197,2.49,0.098,1.022,43.0,8.5,128.4,0.3,,,,,2.0,75.0,,24,100.0,,,45.0,,,,,,,,,,,,34.0,,,,,,,,,,,,,,,,,,,,,,,
414.0,[25],Mix-8A,57.3,27.13,8.06,0.03,2.13,0.73,0.0,1.06,0.0,0.0,0.0,0.0,0.0,1.6,92.49,2.112,428.0,,1170.0,630.0,1800.0,0.238,0.35,,,,,114.0,16.84%,35.01%,48%,19.2,39.91,54.89,57.0,14.14,8.0,38.76,18.24,0.171,2.0,0.078,1.197,43.0,4.3,139.2,0.33,,,,,1.0,75.0,,24,100.0,,,32.0,,,,,,,,,,,,24.0,,,,,,,,,,,,,,,,,,,,,,,
415.0,[25],Mix-8B,57.3,27.13,8.06,0.03,2.13,0.73,0.0,1.06,0.0,0.0,0.0,0.0,0.0,1.6,92.49,2.112,428.0,,1170.0,630.0,1800.0,0.238,0.35,,,,,114.0,16.84%,35.01%,48%,19.2,39.91,54.89,57.0,17.67,10.0,34.2,22.8,0.179,2.0,0.086,1.082,43.0,4.3,134.7,0.31,,,,,1.0,75.0,,24,100.0,,,35.0,,,,,,,,,,,,27.0,,,,,,,,,,,,,,,,,,,,,,,
416.0,[25],Mix-8C,57.3,27.13,8.06,0.03,2.13,0.73,0.0,1.06,0.0,0.0,0.0,0.0,0.0,1.6,92.49,2.112,428.0,,1170.0,630.0,1800.0,0.238,0.35,,,,,114.0,16.84%,35.01%,48%,19.2,39.91,54.89,57.0,21.2,12.0,29.64,27.36,0.188,2.0,0.094,0.988,43.0,4.3,130.1,0.3,,,,,1.0,75.0,,24,100.0,,,43.0,,,,,,,,,,,,33.0,,,,,,,,,,,,,,,,,,,,,,,
417.0,[25],Mix-8D,57.3,27.13,8.06,0.03,2.13,0.73,0.0,1.06,0.0,0.0,0.0,0.0,0.0,1.6,92.49,2.112,428.0,,1170.0,630.0,1800.0,0.238,0.35,,,,,114.0,16.84%,35.01%,48%,19.2,39.91,54.89,57.0,24.74,14.0,25.08,31.92,0.196,2.0,0.103,0.908,43.0,4.3,125.6,0.29,,,,,1.0,75.0,,24,100.0,,,46.0,,,,,,,,,,,,35.0,,,,,,,,,,,,,,,,,,,,,,,
418.0,[25],Mix-9A,57.3,27.13,8.06,0.03,2.13,0.73,0.0,1.06,0.0,0.0,0.0,0.0,0.0,1.6,92.49,2.112,428.0,,1170.0,630.0,1800.0,0.238,0.35,,,,,114.0,16.84%,35.01%,48%,19.2,39.91,54.89,57.0,24.74,14.0,25.08,31.92,0.196,2.0,0.103,0.908,43.0,4.3,125.6,0.29,,,,,1.0,60.0,,24,100.0,,,38.0,,,,,,,,,,,,29.0,,,,,,,,,,,,,,,,,,,,,,,
419.0,[25],Mix-9B,57.3,27.13,8.06,0.03,2.13,0.73,0.0,1.06,0.0,0.0,0.0,0.0,0.0,1.6,92.49,2.112,428.0,,1170.0,630.0,1800.0,0.238,0.35,,,,,114.0,16.84%,35.01%,48%,19.2,39.91,54.89,57.0,24.74,14.0,25.08,31.92,0.196,2.0,0.103,0.908,43.0,4.3,125.6,0.29,,,,,1.0,75.0,,24,100.0,,,46.0,,,,,,,,,,,,35.0,,,,,,,,,,,,,,,,,,,,,,,
420.0,[25],Mix-9C,57.3,27.13,8.06,0.03,2.13,0.73,0.0,1.06,0.0,0.0,0.0,0.0,0.0,1.6,92.49,2.112,428.0,,1170.0,630.0,1800.0,0.238,0.35,,,,,114.0,16.84%,35.01%,48%,19.2,39.91,54.89,57.0,24.74,14.0,25.08,31.92,0.196,2.0,0.103,0.908,43.0,4.3,125.6,0.29,,,,,1.0,90.0,,24,100.0,,,49.0,,,,,,,,,,,,39.0,,,,,,,,,,,,,,,,,,,,,,,
421.0,[26],Mix 4A,54.1,31.83,3.22,4.86,1.23,0.24,0.77,0.0,1.66,0.41,0.0,0.0,0.0,0.65,89.15,1.7,465.0,2.37,1176.0,504.0,1680.0,0.277,0.3,2.79,2.63,1.13,1.4,182.0,8.93%,29.80%,61%,16.25,54.24,111.51,73.0,13.58,6.0,55.48,17.52,0.181,2.493,0.064,1.818,0.0,0.0,167.0,0.36,,,,,,25.0,,24,100.0,,,,,,31.2766,,,,,,,,,,,,24.0,,,,,,,,,,,,,,,,,,,,
422.0,[27],M2,54.0,22.0,8.5,6.0,1.6,1.0,1.6,0.0,1.2,0.0,0.0,0.0,0.0,0.0,84.5,2.455,500.0,,,,1600.8,0.312,0.0,,,,,45.0,8.40%,27.80%,63.80%,3.78,12.51,28.71,180.0,66.96,12.0,93.6,86.4,0.167,0.25,0.141,0.177,0.0,0.0,122.3,0.24,10.0,,,,,24.0,,24,100.0,,,,,,26.95,,,,,,,,,,,,21.0,,,,,,,,,,,,,,,,,,,,
423.0,[27],M3,54.0,22.0,8.5,6.0,1.6,1.0,1.6,0.0,1.2,0.0,0.0,0.0,0.0,0.0,84.5,2.455,500.0,,,,1603.6,0.312,0.0,,,,,90.0,8.40%,27.80%,63.80%,7.56,25.02,57.42,135.0,50.22,12.0,70.2,64.8,0.166,0.667,0.116,0.433,0.0,0.0,127.6,0.26,70.0,,,,,24.0,,24,100.0,,,,,,40.36,,,,,,,,,,,,31.0,,,,,,,,,,,,,,,,,,,,
424.0,[27],M5,54.0,22.0,8.5,6.0,1.6,1.0,1.6,0.0,1.2,0.0,0.0,0.0,0.0,0.0,84.5,2.455,500.0,,,,1551.1,0.322,0.0,,,,,50.0,8.40%,27.80%,63.80%,4.2,13.9,31.9,200.0,74.4,12.0,104.0,96.0,0.185,0.25,0.157,0.177,0.0,0.0,135.9,0.27,50.0,,,,,24.0,,24,100.0,,,,,,15.77,,,,,,,,,,,,12.0,,,,,,,,,,,,,,,,,,,,
425.0,[27],M6,54.0,22.0,8.5,6.0,1.6,1.0,1.6,0.0,1.2,0.0,0.0,0.0,0.0,0.0,84.5,2.455,500.0,,,,1554.2,0.322,0.0,,,,,100.0,8.40%,27.80%,63.80%,8.4,27.8,63.8,150.0,55.8,12.0,78.0,72.0,0.184,0.667,0.128,0.433,0.0,0.0,141.8,0.28,110.0,,,,,24.0,,24,100.0,,,,,,32.34,,,,,,,,,,,,25.0,,,,,,,,,,,,,,,,,,,,
426.0,[27],M7,54.0,22.0,8.5,6.0,1.6,1.0,1.6,0.0,1.2,0.0,0.0,0.0,0.0,0.0,84.5,2.455,500.0,,,,1501.4,0.333,0.0,,,,,55.0,8.40%,27.80%,63.80%,4.62,15.29,35.09,220.0,81.84,12.0,114.4,105.6,0.204,0.25,0.173,0.177,0.0,0.0,149.5,0.3,140.0,,,,,24.0,,24,100.0,,,,,,19.47,,,,,,,,,,,,15.0,,,,,,,,,,,,,,,,,,,,
427.0,[27],M8,54.0,22.0,8.5,6.0,1.6,1.0,1.6,0.0,1.2,0.0,0.0,0.0,0.0,0.0,84.5,2.455,500.0,,,,1504.8,0.332,0.0,,,,,110.0,8.40%,27.80%,63.80%,9.24,30.58,70.18,165.0,61.38,12.0,85.8,79.2,0.202,0.667,0.141,0.433,0.0,0.0,156.0,0.31,240.0,,,,,24.0,,24,100.0,,,,,,37.44,,,,,,,,,,,,29.0,,,,,,,,,,,,,,,,,,,,
428.0,[27],M9,54.0,22.0,8.5,6.0,1.6,1.0,1.6,0.0,1.2,0.0,0.0,0.0,0.0,0.0,84.5,2.455,500.0,,,,1508.2,0.332,0.0,,,,,165.0,8.40%,27.80%,63.80%,13.86,45.87,105.27,110.0,40.92,12.0,57.2,52.8,0.201,1.5,0.11,0.837,0.0,0.0,162.5,0.32,230.0,,,,,24.0,,24,100.0,,,,,,47.09,,,,,,,,,,,,36.0,,,,,,,,,,,,,,,,,,,,
429.0,[28],M2,54.3,29.7,10.98,1.91,0.89,0.45,0.53,0.38,0.0,0.0,0.0,0.0,0.0,0.86,94.98,1.828,350.0,,1081.0,483.0,1564.0,0.224,0.309,,,,,100.0,14.70%,29.40%,55.90%,14.7,29.4,55.9,40.0,17.36,14.0,17.6,22.4,0.176,2.5,0.092,0.917,0.0,0.0,73.5,0.21,,,,,,24.0,1.0,24,150.0,150.0,300.0,,,3.76,23.4,,,,,3.76,23.4,,,,,4.0,23.0,,,,,2.41,,,,,2.41,,,,,,,,,,
430.0,[29],Mix 1 (S00),50.0,28.25,13.5,1.79,0.89,0.32,0.46,0.38,1.54,0.98,0.0,0.0,0.0,0.64,91.75,1.77,400.0,,1209.0,651.0,1860.0,0.215,0.35,,,,,114.3,11.40%,30.70%,58%,13.03,35.09,66.18,45.7,19.83,14.0,20.11,25.59,0.17,2.501,0.082,1.068,0.0,0.0,86.3,0.22,249.753,,,,,25.0,,24,,100.0,200.0,,,,,,,,4.65116,15.814,26.5116,,,,5.0,15.0,26.0,,,,,,,,,,,,,,,,,,,,
431.0,[30],Mix 1,49.0,31.0,2.8,5.4,2.5,3.76,1.17,0.3,2.1,0.9,0.1,0.1,0.0,0.3,82.8,1.581,424.8,,1200.0,600.0,1800.0,0.236,0.333,,,,,95.04,14.70%,29.40%,56%,13.97,27.94,53.13,63.36,27.5,14.0,27.88,35.48,0.163,1.5,0.098,0.674,0.0,8.64,230.2,0.54,4.0,,,,,25.0,,24,,100.0,200.0,,,,,,,,53.8,,,,,,52.0,,,,,,,,,,,,,,,,,,,,,,
432.0,[30],Mix 2,49.0,31.0,2.8,5.4,2.5,3.76,1.17,0.3,2.1,0.9,0.1,0.1,0.0,0.3,82.8,1.581,424.8,,1197.12,598.56,1795.68,0.237,0.333,,,,,95.04,14.70%,29.40%,56%,13.97,27.94,53.13,63.36,27.5,14.0,27.88,35.48,0.163,1.5,0.098,0.674,0.0,13.92,179.4,0.42,6.0,,,,1.0,70.0,,24,,100.0,200.0,,,,,,,,34.8,,,,,,34.0,,,,,,,,,,,,,,,,,,,,,,
433.0,[30],Mix 3,49.0,31.0,2.8,5.4,2.5,3.76,1.17,0.3,2.1,0.9,0.1,0.1,0.0,0.3,82.8,1.581,424.8,,1179.84,589.92,1769.76,0.24,0.333,,,,,95.04,14.70%,29.40%,56%,13.97,27.94,53.13,63.36,27.5,14.0,27.88,35.48,0.163,1.5,0.098,0.674,0.0,48.0,199.8,0.47,70.0,,,,1.0,70.0,,24,,100.0,200.0,,,,,,,,29.4,,,,,,29.0,,,,,,,,,,,,,,,,,,,,,,
434.0,[30],Mix 4,49.0,31.0,2.8,5.4,2.5,3.76,1.17,0.3,2.1,0.9,0.1,0.1,0.0,0.3,82.8,1.581,424.8,,1168.8,584.4,1753.2,0.242,0.333,,,,,95.04,14.70%,29.40%,56%,13.97,27.94,53.13,63.36,27.5,14.0,27.88,35.48,0.163,1.5,0.098,0.674,22.32,48.0,132.1,0.31,210.0,,,,1.0,70.0,,24,,100.0,200.0,,,,,,,,36.3,,,,,,35.0,,,,,,,,,,,,,,,,,,,,,,
435.0,[30],Mix 5,49.0,31.0,2.8,5.4,2.5,3.76,1.17,0.3,2.1,0.9,0.1,0.1,0.0,0.3,82.8,1.581,424.8,,1192.8,594.48,1787.28,0.238,0.333,,,,,95.04,14.70%,29.40%,56%,13.97,27.94,53.13,63.36,27.5,14.0,27.88,35.48,0.163,1.5,0.098,0.674,3.36,24.0,188.8,0.44,5.0,,,,1.0,70.0,,24,,100.0,200.0,,,,,,,,74.5,,,,,,72.0,,,,,,,,,,,,,,,,,,,,,,
436.0,[30],Mix 6,49.0,31.0,2.8,5.4,2.5,3.76,1.17,0.3,2.1,0.9,0.1,0.1,0.0,0.3,82.8,1.581,424.8,,1192.8,587.52,1780.32,0.239,0.33,,,,,95.04,14.70%,29.40%,56%,13.97,27.94,53.13,63.36,27.5,14.0,27.88,35.48,0.163,1.5,0.098,0.674,7.2,24.0,192.6,0.45,15.0,,,,1.0,70.0,,24,,100.0,200.0,,,,,,,,67.6,,,,,,66.0,,,,,,,,,,,,,,,,,,,,,,
437.0,[30],Mix 7,49.0,31.0,2.8,5.4,2.5,3.76,1.17,0.3,2.1,0.9,0.1,0.1,0.0,0.3,82.8,1.581,424.8,,1192.8,584.16,1776.96,0.239,0.329,,,,,95.04,14.70%,29.40%,56%,13.97,27.94,53.13,63.36,27.5,14.0,27.88,35.48,0.163,1.5,0.098,0.674,9.6,24.0,195.0,0.46,25.0,,,,1.0,70.0,,24,,100.0,200.0,,,,,,,,64.4,,,,,,63.0,,,,,,,,,,,,,,,,,,,,,,
438.0,[30],Mix 8,49.0,31.0,2.8,5.4,2.5,3.76,1.17,0.3,2.1,0.9,0.1,0.1,0.0,0.3,82.8,1.581,424.8,,1180.8,580.8,1761.6,0.241,0.33,,,,,95.04,14.70%,29.40%,56%,13.97,27.94,53.13,63.36,27.5,14.0,27.88,35.48,0.163,1.5,0.098,0.674,40.8,0.0,175.8,0.41,125.0,,,,1.0,70.0,,24,,100.0,200.0,,,,,,,,55.6,,,,,,54.0,,,,,,,,,,,,,,,,,,,,,,
439.0,[30],Mix 9,49.0,31.0,2.8,5.4,2.5,3.76,1.17,0.3,2.1,0.9,0.1,0.1,0.0,0.3,82.8,1.581,424.8,,1185.6,585.6,1771.2,0.24,0.331,,,,,95.04,14.70%,29.40%,56%,13.97,27.94,53.13,63.36,27.5,14.0,27.88,35.48,0.163,1.5,0.098,0.674,35.28,0.84,170.8,0.4,200.0,,,,1.0,70.0,,24,,100.0,200.0,,,,,,,,44.4,,,,,,43.0,,,,,,,,,,,,,,,,,,,,,,
440.0,[30],Mix 10,49.0,31.0,2.8,5.4,2.5,3.76,1.17,0.3,2.1,0.9,0.1,0.1,0.0,0.3,82.8,1.581,424.8,,1183.2,585.6,1768.8,0.24,0.331,,,,,95.04,14.70%,29.40%,56%,13.97,27.94,53.13,63.36,27.5,14.0,27.88,35.48,0.163,1.5,0.098,0.674,9.6,31.68,199.6,0.47,65.0,,,,1.0,70.0,,24,,100.0,200.0,,,,,,,,66.9,,,,,,65.0,,,,,,,,,,,,,,,,,,,,,,
441.0,[30],Mix 11,49.0,31.0,2.8,5.4,2.5,3.76,1.17,0.3,2.1,0.9,0.1,0.1,0.0,0.3,82.8,1.581,424.8,,1183.2,585.6,1768.8,0.24,0.331,,,,,95.04,14.70%,29.40%,56%,13.97,27.94,53.13,63.36,27.5,14.0,27.88,35.48,0.163,1.5,0.098,0.674,9.6,36.48,202.5,0.48,85.0,,,,1.0,70.0,,24,,100.0,200.0,,,,,,,,62.4,,,,,,61.0,,,,,,,,,,,,,,,,,,,,,,
442.0,[30],Mix 12,49.0,31.0,2.8,5.4,2.5,3.76,1.17,0.3,2.1,0.9,0.1,0.1,0.0,0.3,82.8,1.581,424.8,,1183.2,585.6,1768.8,0.24,0.331,,,,,95.04,14.70%,29.40%,56%,13.97,27.94,53.13,63.36,27.5,14.0,27.88,35.48,0.163,1.5,0.098,0.674,9.6,41.28,205.4,0.48,125.0,,,,1.0,70.0,,24,,100.0,200.0,,,,,,,,57.1,,,,,,55.0,,,,,,,,,,,,,,,,,,,,,,
443.0,[30],Mix 13,49.0,31.0,2.8,5.4,2.5,3.76,1.17,0.3,2.1,0.9,0.1,0.1,0.0,0.3,82.8,1.581,424.8,,1183.2,585.6,1768.8,0.24,0.331,,,,,95.04,14.70%,29.40%,56%,13.97,27.94,53.13,63.36,27.5,14.0,27.88,35.48,0.163,1.5,0.098,0.674,9.6,48.0,209.4,0.49,165.0,,,,1.0,70.0,,24,,100.0,200.0,,,,,,,,40.9,48.7868,52.0882,,,,40.0,47.0,51.0,,,,,,,,,,,,,,,,,,,,
444.0,[30],Mix 14,49.0,31.0,2.8,5.4,2.5,3.76,1.17,0.3,2.1,0.9,0.1,0.1,0.0,0.3,82.8,1.581,424.8,,1183.2,585.6,1768.8,0.24,0.331,,,,,95.04,14.70%,29.40%,56%,13.97,27.94,53.13,63.36,27.5,14.0,27.88,35.48,0.163,1.5,0.098,0.674,45.6,0.0,180.6,0.43,165.0,,,,1.0,70.0,,24,,100.0,200.0,,,,,,,,46.2,,,,,,45.0,,,,,,,,,,,,,,,,,,,,,,
445.0,[30],Mix 15,49.0,31.0,2.8,5.4,2.5,3.76,1.17,0.3,2.1,0.9,0.1,0.1,0.0,0.3,82.8,1.581,424.8,,1183.2,585.6,1768.8,0.24,0.331,,,,,95.04,14.70%,29.40%,56%,13.97,27.94,53.13,63.36,27.5,14.0,27.88,35.48,0.163,1.5,0.098,0.674,60.0,0.0,195.0,0.46,230.0,,,,1.0,70.0,,24,,100.0,200.0,,,,,,,,27.2,,,,,,26.0,,,,,,,,,,,,,,,,,,,,,,
446.0,[31],M20-8M,64.11,18.58,4.32,1.21,0.24,0.21,1.02,0.0,0.0,0.0,0.0,0.0,0.0,0.64,87.01,3.45,383.0,,1188.0,546.0,1734.0,0.221,0.315,2.66,2.61,,,120.0,14.26%,29.43%,56%,17.11,35.32,67.57,80.0,19.84,8.0,54.4,25.6,0.189,1.5,0.096,0.956,0.0,0.0,122.0,0.32,,,,,1.0,90.0,1.0,24,150.0,,,,13.48,,29.62,,,,,,,,,,11.0,,24.0,,,,,,,,,,,,,,,,,,,,
447.0,[31],M20-10M,64.11,18.58,4.32,1.21,0.24,0.21,1.02,0.0,0.0,0.0,0.0,0.0,0.0,0.64,87.01,3.45,383.0,,1188.0,546.0,1734.0,0.221,0.315,2.66,2.61,,,120.0,14.26%,29.43%,56%,17.11,35.32,67.57,80.0,24.8,10.0,48.0,32.0,0.202,1.5,0.109,0.843,0.0,0.0,115.6,0.3,,,,,1.0,90.0,1.0,24,150.0,,,,15.26,,31.39,,,,,,,,,,12.0,,25.0,,,,,,,,,,,,,,,,,,,,
448.0,[31],M20-12M,64.11,18.58,4.32,1.21,0.24,0.21,1.02,0.0,0.0,0.0,0.0,0.0,0.0,0.64,87.01,3.45,383.0,,1188.0,546.0,1734.0,0.221,0.315,2.66,2.61,,,120.0,14.26%,29.43%,56%,17.11,35.32,67.57,80.0,29.76,12.0,41.6,38.4,0.215,1.5,0.122,0.754,0.0,0.0,109.2,0.29,,,,,1.0,90.0,1.0,24,150.0,,,,17.03,,33.17,,,,,,,,,,14.0,,27.0,,,,,,,,,,,,,,,,,,,,
449.0,[31],M25-8M,64.11,18.58,4.32,1.21,0.24,0.21,1.02,0.0,0.0,0.0,0.0,0.0,0.0,0.64,87.01,3.45,463.5,,1154.06,530.7,1684.76,0.275,0.315,2.66,2.61,,,120.0,14.26%,29.43%,56%,17.11,35.32,67.57,80.0,19.84,8.0,54.4,25.6,0.156,1.5,0.08,0.956,0.0,0.0,122.0,0.26,,,,,1.0,90.0,1.0,24,150.0,,,,16.8,,32.43,,,,,,,,,,13.0,,26.0,,,,,,,,,,,,,,,,,,,,
450.0,[31],M25-10M,64.11,18.58,4.32,1.21,0.24,0.21,1.02,0.0,0.0,0.0,0.0,0.0,0.0,0.64,87.01,3.45,463.5,,1154.06,530.7,1684.76,0.275,0.315,2.66,2.61,,,120.0,14.26%,29.43%,56%,17.11,35.32,67.57,80.0,24.8,10.0,48.0,32.0,0.167,1.5,0.09,0.843,0.0,0.0,115.6,0.25,,,,,1.0,90.0,1.0,24,150.0,,,,18.57,,34.21,,,,,,,,,,15.0,,27.0,,,,,,,,,,,,,,,,,,,,
451.0,[31],M25-12M,64.11,18.58,4.32,1.21,0.24,0.21,1.02,0.0,0.0,0.0,0.0,0.0,0.0,0.64,87.01,3.45,463.5,,1154.06,530.7,1684.76,0.275,0.315,2.66,2.61,,,120.0,14.26%,29.43%,56%,17.11,35.32,67.57,80.0,29.76,12.0,41.6,38.4,0.177,1.5,0.101,0.754,0.0,0.0,109.2,0.24,,,,,1.0,90.0,1.0,24,150.0,,,,20.35,,35.98,,,,,,,,,,16.0,,29.0,,,,,,,,,,,,,,,,,,,,
452.0,[31],M30-8M,64.11,18.58,4.32,1.21,0.24,0.21,1.02,0.0,0.0,0.0,0.0,0.0,0.0,0.64,87.01,3.45,530.0,,1117.0,514.0,1631.0,0.325,0.315,2.66,2.61,,,120.0,14.26%,29.43%,56%,17.11,35.32,67.57,80.0,19.84,8.0,54.4,25.6,0.136,1.5,0.07,0.956,0.0,0.0,122.0,0.23,,,,,1.0,90.0,1.0,24,150.0,,,,20.41,,42.8,,,,,,,,,,16.0,,34.0,,,,,,,,,,,,,,,,,,,,
453.0,[31],M30-10M,64.11,18.58,4.32,1.21,0.24,0.21,1.02,0.0,0.0,0.0,0.0,0.0,0.0,0.64,87.01,3.45,530.0,,1117.0,514.0,1631.0,0.325,0.315,2.66,2.61,,,120.0,14.26%,29.43%,56%,17.11,35.32,67.57,80.0,24.8,10.0,48.0,32.0,0.146,1.5,0.079,0.843,0.0,0.0,115.6,0.22,,,,,1.0,90.0,1.0,24,150.0,,,,22.19,,45.02,,,,,,,,,,18.0,,36.0,,,,,,,,,,,,,,,,,,,,
454.0,[31],M30-12M,64.11,18.58,4.32,1.21,0.24,0.21,1.02,0.0,0.0,0.0,0.0,0.0,0.0,0.64,87.01,3.45,530.0,,1117.0,514.0,1631.0,0.325,0.315,2.66,2.61,,,120.0,14.26%,29.43%,56%,17.11,35.32,67.57,80.0,29.76,12.0,41.6,38.4,0.155,1.5,0.088,0.754,0.0,0.0,109.2,0.21,,,,,1.0,90.0,1.0,24,150.0,,,,23.97,,47.24,,,,,,,,,,19.0,,39.0,,,,,,,,,,,,,,,,,,,,
455.0,[32],G1.125,47.88,25.1,15.54,4.66,0.96,0.0,0.86,0.38,1.76,2.2,0.0,0.0,0.19,0.0,88.52,1.908,420.0,,936.0,706.0,1642.0,0.256,0.43,2.58,2.5,,,241.0,14.70%,29.40%,56%,35.43,70.85,134.72,92.0,42.78,15.0,36.8,55.2,0.355,2.62,0.186,0.906,15.0,0.0,186.5,0.44,,,,,1.0,80.0,,,,100.0,200.0,,,,,,,,,,39.8,,,,,,39.0,,,,,,,,,,,,,,,,,,,,
456.0,[32],G1.25,47.88,25.1,15.54,4.66,0.96,0.0,0.86,0.38,1.76,2.2,0.0,0.0,0.19,0.0,88.52,1.908,418.0,,931.0,702.0,1633.0,0.256,0.43,2.58,2.5,,,266.0,14.70%,29.40%,56%,39.1,78.2,148.69,78.0,36.27,15.0,31.2,46.8,0.367,3.41,0.18,1.038,12.0,0.0,191.9,0.46,,,,,1.0,80.0,,,,100.0,200.0,,,,,,,,,,47.9,,,,,,47.0,,,,,,,,,,,,,,,,,,,,
457.0,[32],G1.375,47.88,25.1,15.54,4.66,0.96,0.0,0.86,0.38,1.76,2.2,0.0,0.0,0.19,0.0,88.52,1.908,416.0,,927.0,699.0,1626.0,0.256,0.43,2.58,2.5,,,292.0,14.70%,29.40%,56%,42.92,85.85,163.23,65.0,30.23,15.0,26.0,39.0,0.382,4.492,0.176,1.174,8.0,0.0,197.2,0.47,,665.0,,,1.0,80.0,,,,100.0,200.0,,,,,,,,,,48.7,,,,,,47.0,,,,,,,,,,,,,,,,,,,,
458.0,[32],G1.5,47.88,25.1,15.54,4.66,0.96,0.0,0.86,0.38,1.76,2.2,0.0,0.0,0.19,0.0,88.52,1.908,414.0,,924.0,697.0,1621.0,0.255,0.43,2.58,2.5,,,317.0,14.70%,29.40%,56%,46.6,93.2,177.2,52.0,24.18,15.0,20.8,31.2,0.396,6.096,0.171,1.317,3.0,0.0,201.0,0.49,,,,,1.0,80.0,,,,100.0,200.0,,,,,,,,,,36.5,,,,,,35.0,,,,,,,,,,,,,,,,,,,,
459.0,[32],PA1.125,49.37,31.25,4.47,4.8,1.28,1.3,2.21,0.24,2.94,1.65,0.0,0.0,0.04,0.0,85.09,1.58,420.0,,936.0,706.0,1642.0,0.256,0.43,2.58,2.5,,,241.0,14.70%,29.40%,56%,35.43,70.85,134.72,92.0,42.78,15.0,36.8,55.2,0.355,2.62,0.186,0.906,15.0,0.0,186.5,0.44,,,,,1.0,80.0,,,,100.0,200.0,,,,,,,,,,35.3,,,,,,34.0,,,,,,,,,,,,,,,,,,,,
460.0,[32],PA1.25,49.37,31.25,4.47,4.8,1.28,1.3,2.21,0.24,2.94,1.65,0.0,0.0,0.04,0.0,85.09,1.58,418.0,,931.0,702.0,1633.0,0.256,0.43,2.58,2.5,,,266.0,14.70%,29.40%,56%,39.1,78.2,148.69,78.0,36.27,15.0,31.2,46.8,0.367,3.41,0.18,1.038,12.0,0.0,191.9,0.46,,,,,1.0,80.0,,,,100.0,200.0,,,,,,,,,,33.1,,,,,,32.0,,,,,,,,,,,,,,,,,,,,
461.0,[32],PA1.375,49.37,31.25,4.47,4.8,1.28,1.3,2.21,0.24,2.94,1.65,0.0,0.0,0.04,0.0,85.09,1.58,416.0,,927.0,699.0,1626.0,0.256,0.43,2.58,2.5,,,292.0,14.70%,29.40%,56%,42.92,85.85,163.23,65.0,30.23,15.0,26.0,39.0,0.382,4.492,0.176,1.174,8.0,0.0,197.2,0.47,,645.0,,,1.0,80.0,,,,100.0,200.0,,,,,,,,,,42.9,,,,,,42.0,,,,,,,,,,,,,,,,,,,,
462.0,[32],PA1.5,49.37,31.25,4.47,4.8,1.28,1.3,2.21,0.24,2.94,1.65,0.0,0.0,0.04,0.0,85.09,1.58,414.0,,924.0,697.0,1621.0,0.255,0.43,2.58,2.5,,,317.0,14.70%,29.40%,56%,46.6,93.2,177.2,52.0,24.18,15.0,20.8,31.2,0.396,6.096,0.171,1.317,3.0,0.0,201.0,0.49,,,,,1.0,80.0,,,,100.0,200.0,,,,,,,,,,42.0,,,,,,41.0,,,,,,,,,,,,,,,,,,,,
463.0,[32],C1.0,56.75,27.39,7.83,1.34,0.67,0.0,0.68,0.55,2.12,1.58,0.0,0.0,0.02,0.0,91.97,2.072,421.0,,939.0,708.0,1647.0,0.256,0.43,2.58,2.5,,,217.0,14.70%,29.40%,56%,31.9,63.8,121.3,104.0,48.36,15.0,41.6,62.4,0.342,2.087,0.191,0.795,20.0,0.0,182.9,0.43,,,,,1.0,80.0,,,,100.0,200.0,,,,,,,,,,17.7,,,,,,17.0,,,,,,,,,,,,,,,,,,,,
464.0,[32],C1.125,56.75,27.39,7.83,1.34,0.67,0.0,0.68,0.55,2.12,1.58,0.0,0.0,0.02,0.0,91.97,2.072,420.0,,936.0,706.0,1642.0,0.256,0.43,2.58,2.5,,,241.0,14.70%,29.40%,56%,35.43,70.85,134.72,92.0,42.78,15.0,36.8,55.2,0.355,2.62,0.186,0.906,15.0,0.0,186.5,0.44,,365.0,,,1.0,80.0,,,,100.0,200.0,,,,,,,,,,24.3,,,,,,24.0,,,,,,,,,,,,,,,,,,,,
465.0,[32],C1.25,56.75,27.39,7.83,1.34,0.67,0.0,0.68,0.55,2.12,1.58,0.0,0.0,0.02,0.0,91.97,2.072,418.0,,931.0,702.0,1633.0,0.256,0.43,2.58,2.5,,,266.0,14.70%,29.40%,56%,39.1,78.2,148.69,78.0,36.27,15.0,31.2,46.8,0.367,3.41,0.18,1.038,12.0,0.0,191.9,0.46,,,,,1.0,80.0,,,,100.0,200.0,,,,,,,,,,22.0,,,,,,21.0,,,,,,,,,,,,,,,,,,,,
466.0,[32],C1.375,56.75,27.39,7.83,1.34,0.67,0.0,0.68,0.55,2.12,1.58,0.0,0.0,0.02,0.0,91.97,2.072,416.0,,927.0,699.0,1626.0,0.256,0.43,2.58,2.5,,,292.0,14.70%,29.40%,56%,42.92,85.85,163.23,65.0,30.23,15.0,26.0,39.0,0.382,4.492,0.176,1.174,8.0,0.0,197.2,0.47,,,,,1.0,80.0,,,,100.0,200.0,,,,,,,,,,19.3,,,,,,19.0,,,,,,,,,,,,,,,,,,,,
467.0,[32],C1.5,56.75,27.39,7.83,1.34,0.67,0.0,0.68,0.55,2.12,1.58,0.0,0.0,0.02,0.0,91.97,2.072,414.0,,924.0,697.0,1621.0,0.255,0.43,2.58,2.5,,,317.0,14.70%,29.40%,56%,46.6,93.2,177.2,52.0,24.18,15.0,20.8,31.2,0.396,6.096,0.171,1.317,3.0,0.0,201.0,0.49,,,,,1.0,80.0,,,,100.0,200.0,,,,,,,,,,15.0,,,,,,15.0,,,,,,,,,,,,,,,,,,,,
468.0,[32],MP0.625,65.24,25.2,1.12,0.83,0.0,0.0,4.21,0.25,1.74,1.16,0.0,0.0,0.0,0.0,91.56,2.589,427.0,,951.0,718.0,1669.0,0.256,0.43,2.58,2.5,,,136.0,14.70%,29.40%,56%,19.99,39.98,76.02,147.0,68.36,15.0,58.8,88.2,0.301,0.925,0.207,0.453,33.0,0.0,167.8,0.39,,,,,1.0,80.0,,,,100.0,200.0,,,,,,,,,,16.2,,,,,,16.0,,,,,,,,,,,,,,,,,,,,
469.0,[32],MP0.75,65.24,25.2,1.12,0.83,0.0,0.0,4.21,0.25,1.74,1.16,0.0,0.0,0.0,0.0,91.56,2.589,425.0,,946.0,714.0,1660.0,0.256,0.43,2.58,2.5,,,163.0,14.70%,29.40%,56%,23.96,47.92,91.12,132.0,61.38,15.0,52.8,79.2,0.314,1.235,0.201,0.562,30.0,0.0,173.9,0.41,,,,,1.0,80.0,,,,100.0,200.0,,,,,,,,,,24.1,,,,,,23.0,,,,,,,,,,,,,,,,,,,,
470.0,[32],MP1.0,65.24,25.2,1.12,0.83,0.0,0.0,4.21,0.25,1.74,1.16,0.0,0.0,0.0,0.0,91.56,2.589,421.0,,939.0,708.0,1647.0,0.256,0.43,2.58,2.5,,,217.0,14.70%,29.40%,56%,31.9,63.8,121.3,104.0,48.36,15.0,41.6,62.4,0.342,2.087,0.191,0.795,20.0,0.0,182.9,0.43,,,,,1.0,80.0,,,,100.0,200.0,,,,,,,,,,22.5,,,,,,22.0,,,,,,,,,,,,,,,,,,,,
471.0,[32],T1.5,69.21,24.6,1.03,0.38,0.0,0.0,0.6,0.15,2.54,1.28,0.0,0.0,0.0,0.0,94.84,2.813,414.0,,924.0,697.0,1621.0,0.255,0.43,2.58,2.5,,,317.0,14.70%,29.40%,56%,46.6,93.2,177.2,52.0,24.18,15.0,20.8,31.2,0.396,6.096,0.171,1.317,3.0,0.0,201.0,0.49,,,,,1.0,80.0,,,,100.0,200.0,,,,,,,,,,31.2,,,,,,30.0,,,,,,,,,,,,,,,,,,,,
472.0,[32],T1.625,69.21,24.6,1.03,0.38,0.0,0.0,0.6,0.15,2.54,1.28,0.0,0.0,0.0,0.0,94.84,2.813,412.0,,918.0,693.0,1611.0,0.256,0.43,2.58,2.5,,,342.0,14.70%,29.40%,56%,50.27,100.55,191.18,39.0,18.14,15.0,15.6,23.4,0.41,8.769,0.166,1.47,0.0,0.0,206.8,0.5,,560.0,,,1.0,80.0,,,,100.0,200.0,,,,,,,,,,33.1,,,,,,32.0,,,,,,,,,,,,,,,,,,,,
473.0,[32],T1.75,69.21,24.6,1.03,0.38,0.0,0.0,0.6,0.15,2.54,1.28,0.0,0.0,0.0,0.0,94.84,2.813,409.0,,911.0,687.0,1598.0,0.256,0.43,2.58,2.5,,,365.0,14.70%,29.40%,56%,53.66,107.31,204.04,26.0,12.09,15.0,10.4,15.6,0.423,14.038,0.161,1.632,0.0,0.0,214.4,0.52,,,,,1.0,80.0,,,,100.0,200.0,,,,,,,,,,25.7,,,,,,25.0,,,,,,,,,,,,,,,,,,,,
474.0,[33],P0,53.72,27.2,11.17,1.9,0.0,0.36,0.54,0.3,0.71,1.62,0.0,0.0,0.0,0.68,92.09,1.975,400.0,,1209.0,651.0,1860.0,0.215,0.35,,,,,114.3,11.40%,30.10%,59%,13.03,34.4,66.87,45.7,19.83,14.0,20.11,25.59,0.168,2.501,0.082,1.047,0.0,0.0,87.0,0.22,,,,,,25.0,,24,,100.0,200.0,,,,,,,,4.28571,15.5357,26.25,32.9464,,,4.0,15.0,25.0,32.0,,,,,,,,,,,,,,,,,,,
475.0,[34],Mix 1,50.7,28.8,8.8,2.38,1.39,0.84,2.4,0.0,0.0,0.0,0.0,0.0,0.0,3.79,88.3,1.76,388.0,,1293.0,554.0,1847.0,0.21,0.3,2.5,2.6,,,112.9,11.40%,28.50%,60%,12.87,32.18,67.85,45.2,19.62,14.0,19.89,25.31,0.167,2.498,0.084,0.991,0.0,4.0,90.1,0.23,,,,,3.0,100.0,2.0,24,100.0,,,,29.0947,29.8019,36.5904,,,,,,,,,,22.0,23.0,28.0,,,,,,,,,,,,,,,,,,,,
476.0,[35],D.M10-350-1:1,61.3,29.4,3.27,1.21,0.75,0.73,1.2,0.003,0.01,0.0,0.0,0.0,0.0,0.45,93.97,2.085,350.0,2.5,1167.0,777.0,1944.0,0.18,0.4,2.65,2.63,,1.53,88.39,13.70%,29.40%,57%,12.11,25.99,50.29,88.39,27.4,10.0,53.03,35.36,0.187,1.0,0.113,0.658,0.0,0.0,103.3,0.3,180.0,,,,1.0,60.0,,24,100.0,,,,15.4,21.3,22.5,,,,,,,,,,12.0,16.0,17.0,,,,,,,,,,,,,,,,,,,,
477.0,[35],D.M10-350-1:2,61.3,29.4,3.27,1.21,0.75,0.73,1.2,0.003,0.01,0.0,0.0,0.0,0.0,0.45,93.97,2.085,350.0,2.5,1167.0,777.0,1944.0,0.18,0.4,2.65,2.63,,1.53,118.09,13.70%,29.40%,57%,8.11,17.41,33.7,118.09,36.61,10.0,70.85,47.24,0.178,1.0,0.128,0.389,0.0,0.0,104.6,0.3,175.0,,,,1.0,60.0,,24,100.0,,,12.7,22.2,30.3,31.1,33.9,,,,,,,,10.0,17.0,23.0,24.0,26.0,,,,3.8,,,,,3.14,,,,,30.0,,,10.35,,
478.0,[35],D.M10-350-1:3,61.3,29.4,3.27,1.21,0.75,0.73,1.2,0.003,0.01,0.0,0.0,0.0,0.0,0.45,93.97,2.085,350.0,2.5,1167.0,777.0,1944.0,0.18,0.4,2.65,2.63,,1.53,133.18,13.70%,29.40%,57%,6.08,13.05,25.26,133.18,41.29,10.0,79.91,53.27,0.173,1.0,0.135,0.276,0.0,0.0,105.2,0.3,160.0,,,,1.0,60.0,,24,100.0,,,,23.8,31.1,32.6,,,,,,,,,,18.0,24.0,25.0,,,,,,,,,,,,,,,,,,,,
479.0,[35],D.M14-350-1:1,61.3,29.4,3.27,1.21,0.75,0.73,1.2,0.003,0.01,0.0,0.0,0.0,0.0,0.45,93.97,2.085,350.0,2.5,1167.0,777.0,1944.0,0.18,0.4,2.65,2.63,,1.53,88.39,13.70%,29.40%,57%,12.11,25.99,50.29,88.39,38.36,14.0,38.89,49.5,0.218,1.0,0.144,0.515,0.0,0.0,89.2,0.25,160.0,,,,1.0,60.0,,24,100.0,,,,20.5,27.3,29.2,,,,,,,,,,16.0,21.0,22.0,,,,,,,,,,,,,,,,,,,,
480.0,[35],D.M14-350-1:2,61.3,29.4,3.27,1.21,0.75,0.73,1.2,0.003,0.01,0.0,0.0,0.0,0.0,0.45,93.97,2.085,350.0,2.5,1167.0,777.0,1944.0,0.18,0.4,2.65,2.63,,1.53,118.09,13.70%,29.40%,57%,8.11,17.41,33.7,118.09,51.25,14.0,51.96,66.13,0.219,1.0,0.17,0.293,0.0,0.0,85.7,0.24,155.0,,,,1.0,60.0,,24,100.0,,,14.6,27.8,33.2,35.2,36.2,,,,,,,,11.0,21.0,25.0,27.0,28.0,,,,4.7,,,,,3.88,,,,,31.53,,,10.1,,
481.0,[35],D.M14-350-1:3,61.3,29.4,3.27,1.21,0.75,0.73,1.2,0.003,0.01,0.0,0.0,0.0,0.0,0.45,93.97,2.085,350.0,2.5,1167.0,777.0,1944.0,0.18,0.4,2.65,2.63,,1.53,133.18,13.70%,29.40%,57%,6.08,13.05,25.26,133.18,57.8,14.0,58.6,74.58,0.22,1.0,0.183,0.204,0.0,0.0,83.9,0.24,140.0,,,,1.0,60.0,,24,100.0,,,,28.2,34.9,36.8,,,,,,,,,,21.0,27.0,28.0,,,,,,,,,,,,,,,,,,,,
482.0,[35],D.M16-350-1:1,61.3,29.4,3.27,1.21,0.75,0.73,1.2,0.003,0.01,0.0,0.0,0.0,0.0,0.45,93.97,2.085,350.0,2.5,1167.0,777.0,1944.0,0.18,0.4,2.65,2.63,,1.53,88.39,13.70%,29.40%,57%,12.11,25.99,50.29,88.39,43.84,16.0,31.82,56.57,0.234,1.0,0.16,0.465,0.0,0.0,82.1,0.23,155.0,,,,1.0,60.0,,24,100.0,,,,21.2,28.2,29.9,,,,,,,,,,16.0,21.0,23.0,,,,,,,,,,,,,,,,,,,,
483.0,[35],D.M16-350-1:2,61.3,29.4,3.27,1.21,0.75,0.73,1.2,0.003,0.01,0.0,0.0,0.0,0.0,0.45,93.97,2.085,350.0,2.5,1167.0,777.0,1944.0,0.18,0.4,2.65,2.63,,1.53,118.09,13.70%,29.40%,57%,8.11,17.41,33.7,118.09,58.57,16.0,42.51,75.58,0.24,1.0,0.191,0.261,0.0,0.0,76.2,0.22,150.0,,,,1.0,60.0,,24,100.0,,,13.5,28.1,34.3,36.1,37.5,,,,,,,,10.0,21.0,26.0,28.0,29.0,,,,5.2,,,,,4.29,,,,,29.81,,,9.99,,
484.0,[35],D.M16-350-1:3,61.3,29.4,3.27,1.21,0.75,0.73,1.2,0.003,0.01,0.0,0.0,0.0,0.0,0.45,93.97,2.085,350.0,2.5,1167.0,777.0,1944.0,0.18,0.4,2.65,2.63,,1.53,133.18,13.70%,29.40%,57%,6.08,13.05,25.26,133.18,66.06,16.0,47.94,85.24,0.243,1.0,0.206,0.181,0.0,0.0,73.2,0.21,140.0,,,,1.0,60.0,,24,100.0,,,,29.4,35.2,36.8,,,,,,,,,,22.0,27.0,28.0,,,,,,,,,,,,,,,,,,,,
485.0,[35],D.M10-450-1:1,61.3,29.4,3.27,1.21,0.75,0.73,1.2,0.003,0.01,0.0,0.0,0.0,0.0,0.45,93.97,2.085,450.0,2.5,1051.0,700.0,1751.0,0.257,0.4,2.65,2.63,,1.53,112.58,13.70%,29.40%,57%,12.11,25.99,50.29,88.39,27.4,10.0,53.03,35.36,0.146,1.274,0.088,0.658,0.0,0.0,103.3,0.23,170.0,,,,1.0,60.0,,24,100.0,,,,23.1,30.1,31.2,,,,,,,,,,18.0,23.0,24.0,,,,,,,,,,,,,,,,,,,,
486.0,[35],D.M10-450-1:2,61.3,29.4,3.27,1.21,0.75,0.73,1.2,0.003,0.01,0.0,0.0,0.0,0.0,0.45,93.97,2.085,450.0,2.5,1051.0,700.0,1751.0,0.257,0.4,2.65,2.63,,1.53,150.52,13.70%,29.40%,57%,8.11,17.41,33.7,118.09,36.61,10.0,70.85,47.24,0.138,1.275,0.099,0.389,0.0,0.0,104.6,0.23,170.0,,,,1.0,60.0,,24,100.0,,,14.3,29.2,36.1,38.3,41.1,,,,,,,,11.0,22.0,28.0,29.0,31.0,,,,5.1,,,,,4.21,,,,,31.29,,,9.94,,
487.0,[35],D.M10-450-1:3,61.3,29.4,3.27,1.21,0.75,0.73,1.2,0.003,0.01,0.0,0.0,0.0,0.0,0.45,93.97,2.085,450.0,2.5,1051.0,700.0,1751.0,0.257,0.4,2.65,2.63,,1.53,169.83,13.70%,29.40%,57%,6.08,13.05,25.26,133.18,41.29,10.0,79.91,53.27,0.134,1.275,0.105,0.276,0.0,0.0,105.2,0.23,160.0,,,,1.0,60.0,,24,100.0,,,,30.9,37.3,38.9,,,,,,,,,,24.0,28.0,30.0,,,,,,,,,,,,,,,,,,,,
488.0,[35],D.M14-450-1:1,61.3,29.4,3.27,1.21,0.75,0.73,1.2,0.003,0.01,0.0,0.0,0.0,0.0,0.45,93.97,2.085,450.0,2.5,1051.0,700.0,1751.0,0.257,0.4,2.65,2.63,,1.53,112.58,13.70%,29.40%,57%,12.11,25.99,50.29,88.39,38.36,14.0,38.89,49.5,0.17,1.274,0.112,0.515,0.0,0.0,89.2,0.2,155.0,,,,1.0,60.0,,24,100.0,,,,28.6,33.8,34.5,,,,,,,,,,22.0,26.0,26.0,,,,,,,,,,,,,,,,,,,,
489.0,[35],D.M14-450-1:2,61.3,29.4,3.27,1.21,0.75,0.73,1.2,0.003,0.01,0.0,0.0,0.0,0.0,0.45,93.97,2.085,450.0,2.5,1051.0,700.0,1751.0,0.257,0.4,2.65,2.63,,1.53,150.52,13.70%,29.40%,57%,8.11,17.41,33.7,118.09,51.25,14.0,51.96,66.13,0.171,1.275,0.132,0.293,0.0,0.0,85.7,0.19,165.0,,,,1.0,60.0,,24,100.0,,,15.9,34.1,40.5,41.5,42.8,,,,,,,,12.0,26.0,31.0,32.0,33.0,,,,5.7,,,,,4.7,,,,,33.0,,,9.46,,
490.0,[35],D.M14-450-1:3,61.3,29.4,3.27,1.21,0.75,0.73,1.2,0.003,0.01,0.0,0.0,0.0,0.0,0.45,93.97,2.085,450.0,2.5,1051.0,700.0,1751.0,0.257,0.4,2.65,2.63,,1.53,169.83,13.70%,29.40%,57%,6.08,13.05,25.26,133.18,57.8,14.0,58.6,74.58,0.171,1.275,0.142,0.204,0.0,0.0,83.9,0.19,150.0,,,,1.0,60.0,,24,100.0,,,,35.9,40.9,42.5,,,,,,,,,,27.0,31.0,32.0,,,,,,,,,,,,,,,,,,,,
491.0,[35],D.M16-450-1:1,61.3,29.4,3.27,1.21,0.75,0.73,1.2,0.003,0.01,0.0,0.0,0.0,0.0,0.45,93.97,2.085,450.0,2.5,1051.0,700.0,1751.0,0.257,0.4,2.65,2.63,,1.53,112.58,13.70%,29.40%,57%,12.11,25.99,50.29,88.39,43.84,16.0,31.82,56.57,0.182,1.274,0.124,0.465,0.0,0.0,82.1,0.18,165.0,,,,1.0,60.0,,24,100.0,,,,30.1,35.1,36.7,,,,,,,,,,23.0,27.0,28.0,,,,,,,,,,,,,,,,,,,,
492.0,[35],D.M16-450-1:2,61.3,29.4,3.27,1.21,0.75,0.73,1.2,0.003,0.01,0.0,0.0,0.0,0.0,0.45,93.97,2.085,450.0,2.5,1051.0,700.0,1751.0,0.257,0.4,2.65,2.63,,1.53,150.52,13.70%,29.40%,57%,8.11,17.41,33.7,118.09,58.57,16.0,42.51,75.58,0.187,1.275,0.148,0.261,0.0,0.0,76.2,0.17,150.0,,,,1.0,60.0,,24,100.0,,,16.6,35.2,41.1,42.1,43.5,,,,,,,,13.0,27.0,31.0,32.0,33.0,,,,5.4,,,,,4.46,,,,,30.96,,,9.24,,
493.0,[35],D.M16-450-1:3,61.3,29.4,3.27,1.21,0.75,0.73,1.2,0.003,0.01,0.0,0.0,0.0,0.0,0.45,93.97,2.085,450.0,2.5,1051.0,700.0,1751.0,0.257,0.4,2.65,2.63,,1.53,169.83,13.70%,29.40%,57%,6.08,13.05,25.26,133.18,66.06,16.0,47.94,85.24,0.189,1.275,0.16,0.181,0.0,0.0,73.2,0.16,145.0,,,,1.0,60.0,,24,100.0,,,,36.8,42.1,43.9,,,,,,,,,,28.0,32.0,33.0,,,,,,,,,,,,,,,,,,,,
494.0,[35],D.M10-350-1:2,61.3,29.4,3.27,1.21,0.75,0.73,1.2,0.003,0.01,0.0,0.0,0.0,0.0,0.45,93.97,2.085,350.0,2.5,1167.0,777.0,1944.0,0.18,0.4,2.65,2.63,,1.53,118.09,13.70%,29.40%,57%,8.11,17.41,33.7,118.09,36.61,10.0,70.85,47.24,0.178,1.0,0.128,0.389,0.0,0.0,104.6,0.3,175.0,,,,0.0,60.0,,24,100.0,,,,8.1,13.8,17.3,,,,,,,,,,6.0,11.0,13.0,,,,,,,,,,,,,,,,,,,,
495.0,[35],D.M14-350-1:2,61.3,29.4,3.27,1.21,0.75,0.73,1.2,0.003,0.01,0.0,0.0,0.0,0.0,0.45,93.97,2.085,350.0,2.5,1167.0,777.0,1944.0,0.18,0.4,2.65,2.63,,1.53,118.09,13.70%,29.40%,57%,8.11,17.41,33.7,118.09,51.25,14.0,51.96,66.13,0.219,1.0,0.17,0.293,0.0,0.0,85.7,0.24,155.0,,,,0.0,60.0,,24,100.0,,,,14.3,19.6,24.1,,,,,,,,,,11.0,15.0,18.0,,,,,,,,,,,,,,,,,,,,
496.0,[35],D.M16-350-1:2,61.3,29.4,3.27,1.21,0.75,0.73,1.2,0.003,0.01,0.0,0.0,0.0,0.0,0.45,93.97,2.085,350.0,2.5,1167.0,777.0,1944.0,0.18,0.4,2.65,2.63,,1.53,118.09,13.70%,29.40%,57%,8.11,17.41,33.7,118.09,58.57,16.0,42.51,75.58,0.24,1.0,0.191,0.261,0.0,0.0,76.2,0.22,150.0,,,,0.0,60.0,,24,100.0,,,,13.5,19.2,24.8,,,,,,,,,,10.0,15.0,19.0,,,,,,,,,,,,,,,,,,,,
497.0,[35],D.M10-450-1:2,61.3,29.4,3.27,1.21,0.75,0.73,1.2,0.003,0.01,0.0,0.0,0.0,0.0,0.45,93.97,2.085,450.0,2.5,1051.0,700.0,1751.0,0.257,0.4,2.65,2.63,,1.53,150.52,13.70%,29.40%,57%,8.11,17.41,33.7,118.09,36.61,10.0,70.85,47.24,0.138,1.275,0.099,0.389,0.0,0.0,104.6,0.23,170.0,,,,0.0,60.0,,24,100.0,,,,16.2,22.4,25.1,,,,,,,,,,12.0,17.0,19.0,,,,,,,,,,,,,,,,,,,,
498.0,[35],D.M14-450-1:2,61.3,29.4,3.27,1.21,0.75,0.73,1.2,0.003,0.01,0.0,0.0,0.0,0.0,0.45,93.97,2.085,450.0,2.5,1051.0,700.0,1751.0,0.257,0.4,2.65,2.63,,1.53,150.52,13.70%,29.40%,57%,8.11,17.41,33.7,118.09,51.25,14.0,51.96,66.13,0.171,1.275,0.132,0.293,0.0,0.0,85.7,0.19,165.0,,,,0.0,60.0,,24,100.0,,,,18.5,23.5,28.5,,,,,,,,,,14.0,18.0,22.0,,,,,,,,,,,,,,,,,,,,
499.0,[35],D.M16-450-1:2,61.3,29.4,3.27,1.21,0.75,0.73,1.2,0.003,0.01,0.0,0.0,0.0,0.0,0.45,93.97,2.085,450.0,2.5,1051.0,700.0,1751.0,0.257,0.4,2.65,2.63,,1.53,150.52,13.70%,29.40%,57%,8.11,17.41,33.7,118.09,58.57,16.0,42.51,75.58,0.187,1.275,0.148,0.261,0.0,0.0,76.2,0.17,150.0,,,,0.0,60.0,,24,100.0,,,,20.4,24.6,29.2,,,,,,,,,,16.0,19.0,22.0,,,,,,,,,,,,,,,,,,,,
500.0,[36],S/H 1-10M Room,45.23,19.95,13.15,15.51,3.2,0.0,0.0,0.0,0.0,0.0,0.0,0.0,0.0,0.0,78.33,2.267,414.0,2.3,1091.0,588.0,1679.0,0.247,0.35,2.65,2.58,,,104.0,15.32%,32.87%,52%,15.93,34.18,53.88,104.0,32.24,10.0,62.4,41.6,0.199,1.0,0.116,0.71,0.0,0.0,116.3,0.28,,580.0,50.0,,,25.0,,24,,100.0,200.0,,,,,,,,,19.89,39.67,,,,,19.0,39.0,,,,2.11,3.87,,,,1.9,3.49,,,,,30.4,,,,,
501.0,[36],S/H 1-15M Room,45.23,19.95,13.15,15.51,3.2,0.0,0.0,0.0,0.0,0.0,0.0,0.0,0.0,0.0,78.33,2.267,414.0,2.3,1091.0,588.0,1679.0,0.247,0.35,2.65,2.58,,,104.0,15.32%,32.87%,52%,15.93,34.18,53.88,104.0,48.36,15.0,41.6,62.4,0.238,1.0,0.155,0.532,0.0,0.0,95.5,0.23,,560.0,36.0,,,25.0,,24,,100.0,200.0,,,,,,,,,22.3,45.34,,,,,22.0,44.0,,,,2.77,4.36,,,,2.5,3.93,,,,,34.8,,,,,
502.0,[36],S/H 1-20M Room,45.23,19.95,13.15,15.51,3.2,0.0,0.0,0.0,0.0,0.0,0.0,0.0,0.0,0.0,78.33,2.267,414.0,2.3,1091.0,588.0,1679.0,0.247,0.35,2.65,2.58,,,104.0,15.32%,32.87%,52%,15.93,34.18,53.88,104.0,64.48,20.0,20.8,83.2,0.277,1.0,0.194,0.425,0.0,0.0,74.7,0.18,,470.0,28.0,,,25.0,,24,,100.0,200.0,,,,,,,,,20.5,37.64,,,,,20.0,37.0,,,,2.48,3.96,,,,2.23,3.57,,,,,38.4,,,,,
503.0,[36],S/H 2-10M Room,45.23,19.95,13.15,15.51,3.2,0.0,0.0,0.0,0.0,0.0,0.0,0.0,0.0,0.0,78.33,2.267,414.0,2.3,1091.0,588.0,1679.0,0.247,0.35,2.65,2.58,,,138.0,15.32%,32.87%,52%,21.14,45.36,71.5,69.0,21.39,10.0,41.4,27.6,0.212,2.0,0.103,1.067,0.0,0.0,112.9,0.27,,500.0,52.0,,,25.0,,24,,100.0,200.0,,,,,,,,,21.27,33.8,,,,,21.0,33.0,,,,2.55,3.07,,,,2.3,2.77,,,,,23.4,,,,,
504.0,[36],S/H 2-15M Room,45.23,19.95,13.15,15.51,3.2,0.0,0.0,0.0,0.0,0.0,0.0,0.0,0.0,0.0,78.33,2.267,414.0,2.3,1091.0,588.0,1679.0,0.247,0.35,2.65,2.58,,,138.0,15.32%,32.87%,52%,21.14,45.36,71.5,69.0,32.09,15.0,27.6,41.4,0.238,2.0,0.129,0.852,0.0,0.0,99.1,0.24,,550.0,68.0,,,25.0,,24,,100.0,200.0,,,,,,,,,22.99,39.02,,,,,22.0,38.0,,,,3.02,3.47,,,,2.72,3.13,,,,,26.8,,,,,
505.0,[36],S/H 2-20M Room,45.23,19.95,13.15,15.51,3.2,0.0,0.0,0.0,0.0,0.0,0.0,0.0,0.0,0.0,78.33,2.267,414.0,2.3,1091.0,588.0,1679.0,0.247,0.35,2.65,2.58,,,138.0,15.32%,32.87%,52%,21.14,45.36,71.5,69.0,42.78,20.0,13.8,55.2,0.264,2.0,0.154,0.71,0.0,0.0,85.3,0.21,,530.0,58.0,,,25.0,,24,,100.0,200.0,,,,,,,,,23.06,46.69,,,,,22.0,45.0,,,,3.15,3.84,,,,2.84,3.46,,,,,35.4,,,,,
506.0,[36],S/H 1-10M Oven,45.23,19.95,13.15,15.51,3.2,0.0,0.0,0.0,0.0,0.0,0.0,0.0,0.0,0.0,78.33,2.267,414.0,2.3,1091.0,588.0,1679.0,0.247,0.35,2.65,2.58,,,104.0,15.32%,32.87%,52%,15.93,34.18,53.88,104.0,32.24,10.0,62.4,41.6,0.199,1.0,0.116,0.71,0.0,0.0,116.3,0.28,,580.0,50.0,,1.0,60.0,,24,,100.0,200.0,,,,,,,,,40.73,46.67,,,,,40.0,45.0,,,,2.8,4.15,,,,2.52,3.74,,,,,31.0,,,,,
507.0,[36],S/H 1-15M Oven,45.23,19.95,13.15,15.51,3.2,0.0,0.0,0.0,0.0,0.0,0.0,0.0,0.0,0.0,78.33,2.267,414.0,2.3,1091.0,588.0,1679.0,0.247,0.35,2.65,2.58,,,104.0,15.32%,32.87%,52%,15.93,34.18,53.88,104.0,48.36,15.0,41.6,62.4,0.238,1.0,0.155,0.532,0.0,0.0,95.5,0.23,,560.0,36.0,,1.0,60.0,,24,,100.0,200.0,,,,,,,,,42.91,54.4,,,,,42.0,53.0,,,,3.59,4.91,,,,3.23,4.42,,,,,37.8,,,,,
508.0,[36],S/H 1-20M Oven,45.23,19.95,13.15,15.51,3.2,0.0,0.0,0.0,0.0,0.0,0.0,0.0,0.0,0.0,78.33,2.267,414.0,2.3,1091.0,588.0,1679.0,0.247,0.35,2.65,2.58,,,104.0,15.32%,32.87%,52%,15.93,34.18,53.88,104.0,64.48,20.0,20.8,83.2,0.277,1.0,0.194,0.425,0.0,0.0,74.7,0.18,,470.0,28.0,,1.0,60.0,,24,,100.0,200.0,,,,,,,,,41.2,43.42,,,,,40.0,42.0,,,,3.73,4.43,,,,3.36,3.99,,,,,38.0,,,,,
509.0,[36],S/H 2-10M Oven,45.23,19.95,13.15,15.51,3.2,0.0,0.0,0.0,0.0,0.0,0.0,0.0,0.0,0.0,78.33,2.267,414.0,2.3,1091.0,588.0,1679.0,0.247,0.35,2.65,2.58,,,138.0,15.32%,32.87%,52%,21.14,45.36,71.5,69.0,21.39,10.0,41.4,27.6,0.212,2.0,0.103,1.067,0.0,0.0,112.9,0.27,,500.0,52.0,,1.0,60.0,,24,,100.0,200.0,,,,,,,,,37.69,40.09,,,,,37.0,39.0,,,,3.52,3.62,,,,3.17,3.26,,,,,24.2,,,,,
510.0,[36],S/H 2-15M Oven,45.23,19.95,13.15,15.51,3.2,0.0,0.0,0.0,0.0,0.0,0.0,0.0,0.0,0.0,78.33,2.267,414.0,2.3,1091.0,588.0,1679.0,0.247,0.35,2.65,2.58,,,138.0,15.32%,32.87%,52%,21.14,45.36,71.5,69.0,32.09,15.0,27.6,41.4,0.238,2.0,0.129,0.852,0.0,0.0,99.1,0.24,,550.0,68.0,,1.0,60.0,,24,,100.0,200.0,,,,,,,,,38.85,48.18,,,,,38.0,47.0,,,,3.59,4.03,,,,3.23,3.63,,,,,31.0,,,,,
511.0,[36],S/H 2-20M Oven,45.23,19.95,13.15,15.51,3.2,0.0,0.0,0.0,0.0,0.0,0.0,0.0,0.0,0.0,78.33,2.267,414.0,2.3,1091.0,588.0,1679.0,0.247,0.35,2.65,2.58,,,138.0,15.32%,32.87%,52%,21.14,45.36,71.5,69.0,42.78,20.0,13.8,55.2,0.264,2.0,0.154,0.71,0.0,0.0,85.3,0.21,,530.0,58.0,,1.0,60.0,,24,,100.0,200.0,,,,,,,,,39.27,49.5,,,,,38.0,48.0,,,,3.92,3.99,,,,3.53,3.59,,,,,31.8,,,,,
512.0,[37],M1,52.0,33.9,4.0,1.2,0.81,0.27,0.83,0.28,0.0,0.0,0.0,0.0,0.0,6.23,89.9,1.534,408.0,,1294.0,554.0,1848.0,0.221,0.3,,,,,103.0,8.00%,28.00%,64%,8.24,28.84,65.92,41.0,10.17,8.0,27.88,13.12,0.116,2.512,0.045,1.567,0.0,6.12,97.5,0.24,,,,,,25.0,,24,150.0,,,,,12.88,16.3,,,,,,,,,,,10.0,13.0,,,,,1.92,,,,,1.73,,,,,,,,,,
513.0,[38],G15-1.00,70.3,23.1,1.4,0.18,0.56,0.35,0.91,0.26,2.6,0.22,0.0,0.0,0.0,2.0,94.8,3.043,467.0,,1039.0,693.0,1732.0,0.27,0.4,,,,,234.0,14.70%,29.40%,56%,34.4,68.8,130.81,147.0,68.36,15.0,58.8,88.2,0.367,1.592,0.22,0.67,10.0,0.0,199.6,0.43,180.0,,,,1.0,80.0,,24,,100.0,200.0,,,,,,,,,,22.37,27.01,33.23,,,,22.0,26.0,32.0,,,,,,,,,,,,,,,,,,
514.0,[39],F100-0.5A,49.0,31.0,2.8,5.0,2.5,3.8,1.2,0.3,2.1,0.9,0.1,0.1,0.0,0.3,82.8,1.581,400.0,,1280.0,547.0,1827.0,0.219,0.299,,,,,130.53,9.00%,29.00%,62%,11.75,37.85,80.93,69.47,30.15,14.0,30.57,38.91,0.199,1.879,0.105,0.903,0.0,0.0,111.5,0.28,250.0,,,,,25.0,,,,100.0,200.0,,,,,,,,,7.1,19.5,,,,,7.0,19.0,,,,,,,,,,,,,,,,,,,,
515.0,[39],F100-0.25,49.0,31.0,2.8,5.0,2.5,3.8,1.2,0.3,2.1,0.9,0.1,0.1,0.0,0.3,82.8,1.581,475.0,,1253.0,539.0,1787.0,0.266,0.302,,,,,77.66,9.00%,29.00%,62%,6.99,22.52,48.15,41.34,17.94,14.0,18.19,23.15,0.1,1.879,0.052,0.903,0.0,0.0,66.3,0.14,60.0,,,,,25.0,,,,100.0,200.0,,,,,,,,,11.0,30.4,,,,,11.0,30.0,,,,,,,,,,,,,,,,,,,,
516.0,[39],F100-0.3,49.0,31.0,2.8,5.0,2.5,3.8,1.2,0.3,2.1,0.9,0.1,0.1,0.0,0.3,82.8,1.581,475.0,,1248.0,535.0,1770.0,0.268,0.302,,,,,91.37,9.00%,29.00%,62%,8.23,26.49,56.65,48.63,21.11,14.0,21.4,27.23,0.118,1.879,0.062,0.903,0.0,0.0,78.0,0.16,140.0,,,,,25.0,,,,100.0,200.0,,,,,,,,,12.6,34.3,,,,,12.0,33.0,,,,,,,,,,,,,,,,,,,,
517.0,[39],F100-0.35,49.0,31.0,2.8,5.0,2.5,3.8,1.2,0.3,2.1,0.9,0.1,0.1,0.0,0.3,82.8,1.581,475.0,,1235.0,529.0,1794.0,0.265,0.295,,,,,108.34,9.00%,29.00%,62%,9.76,31.41,67.17,57.66,25.03,14.0,25.37,32.29,0.139,1.879,0.073,0.903,0.0,0.0,92.5,0.19,235.0,,,,,25.0,,,,100.0,200.0,,,,,,,,,9.4,27.2,,,,,9.0,26.0,,,,,,,,,,,,,,,,,,,,
518.0,[40],FA 100-GGBS0,65.6,28.0,3.0,1.0,1.0,0.0,0.0,0.2,0.5,0.0,0.0,0.0,0.0,0.29,96.6,2.343,409.0,2.24,1290.0,549.0,1839.0,0.222,0.299,2.58,2.62,,,102.0,13.70%,29.40%,57%,13.97,29.99,58.04,41.0,12.71,10.0,24.6,16.4,0.139,2.488,0.065,1.124,55.0,0.0,137.6,0.34,,,,,,25.0,,24,100.0,,,,,10.1,24.5,,,,,,,,,,,8.0,19.0,,,,,,,,,,,,,,,,,,,,
519.0,[41],Mix no.4,62.3,28.1,2.1,0.5,1.0,0.5,1.0,0.4,0.0,0.0,0.0,0.0,0.0,2.5,92.5,2.217,350.0,2.2,920.0,920.0,1840.0,0.19,0.5,2.5,2.67,,1.5,86.43,11.40%,30.10%,59%,9.85,26.02,50.56,34.57,17.15,16.0,12.45,22.13,0.151,2.5,0.077,0.964,35.0,10.5,104.3,0.3,80.2174,,,,2.0,50.0,1.0,24,100.0,,,,,18.3529,22.1614,,,,,,,,,,,14.0,17.0,,,,,2.45059,,,,,2.02,,,,,18.8839,,,10.45,,
520.0,[41],Mix no.5,62.3,28.1,2.1,0.5,1.0,0.5,1.0,0.4,0.0,0.0,0.0,0.0,0.0,2.5,92.5,2.217,400.0,2.2,875.0,875.0,1750.0,0.229,0.5,2.5,2.67,,1.5,100.0,11.40%,30.10%,59%,11.4,30.1,58.5,40.0,19.84,16.0,14.4,25.6,0.153,2.5,0.078,0.964,35.0,10.5,114.2,0.29,90.0,,,,2.0,50.0,1.0,24,100.0,,,,,25.4146,27.3115,,,,,,,,,,,19.0,21.0,,,,,2.75099,,,,,2.27,,,,,20.3571,,,9.6,,
521.0,[41],Mix no.6,62.3,28.1,2.1,0.5,1.0,0.5,1.0,0.4,0.0,0.0,0.0,0.0,0.0,2.5,92.5,2.217,450.0,2.2,830.0,830.0,1660.0,0.271,0.5,2.5,2.67,,1.5,112.5,11.40%,30.10%,59%,12.83,33.86,65.81,45.0,22.32,16.0,16.2,28.8,0.153,2.5,0.078,0.963,35.0,10.5,123.3,0.27,99.7826,,,,2.0,50.0,1.0,24,100.0,,,,,33.0189,38.1929,,,,,,,,,,,25.0,29.0,,,,,3.06719,,,,,2.53,,,,,23.4375,,,9.2,,
522.0,[41],Mix no.7,62.3,28.1,2.1,0.5,1.0,0.5,1.0,0.4,0.0,0.0,0.0,0.0,0.0,2.5,92.5,2.217,400.0,2.2,875.0,875.0,1750.0,0.229,0.5,2.5,2.67,,1.5,100.0,11.40%,30.10%,59%,11.4,30.1,58.5,40.0,19.84,16.0,14.4,25.6,0.153,2.5,0.078,0.964,35.0,10.5,114.2,0.29,171.25,,,,2.0,50.0,1.0,24,100.0,,,,,32.2222,35.2859,,,,,,,,,,,25.0,27.0,,,,,,,,,,,,,,,,,,,,
523.0,[41],Mix no.8,62.3,28.1,2.1,0.5,1.0,0.5,1.0,0.4,0.0,0.0,0.0,0.0,0.0,2.5,92.5,2.217,450.0,2.2,830.0,830.0,1660.0,0.271,0.5,2.5,2.67,,1.5,112.5,11.40%,30.10%,59%,12.83,33.86,65.81,45.0,22.32,16.0,16.2,28.8,0.153,2.5,0.078,0.963,35.0,10.5,123.3,0.27,190.0,,,,2.0,50.0,1.0,24,100.0,,,,,39.7222,43.5984,,,,,,,,,,,30.0,33.0,,,,,,,,,,,,,,,,,,,,
524.0,[41],,62.3,28.1,2.1,0.5,1.0,0.5,1.0,0.4,0.0,0.0,0.0,0.0,0.0,2.5,92.5,2.217,400.0,2.2,875.0,875.0,1750.0,0.229,0.5,2.5,2.67,,1.5,100.0,11.40%,30.10%,59%,11.4,30.1,58.5,40.0,19.84,16.0,14.4,25.6,0.153,2.5,0.078,0.964,35.0,10.5,114.2,0.29,90.0,,,,2.0,50.0,1.0,24,100.0,,,,,25.2778,27.2937,,,,,,,,,,,19.0,21.0,,,,,,,,,,,,,,,,,,,,
525.0,[41],,62.3,28.1,2.1,0.5,1.0,0.5,1.0,0.4,0.0,0.0,0.0,0.0,0.0,2.5,92.5,2.217,450.0,2.2,830.0,830.0,1660.0,0.271,0.5,2.5,2.67,,1.5,100.0,11.40%,30.10%,59%,11.4,30.1,58.5,40.0,19.84,16.0,14.4,25.6,0.136,2.5,0.069,0.964,35.0,10.5,114.2,0.25,100.0,,,,2.0,50.0,1.0,24,100.0,,,,,33.3333,38.3569,,,,,,,,,,,25.0,29.0,,,,,,,,,,,,,,,,,,,,
526.0,[41],Mix no.10,62.3,28.1,2.1,0.5,1.0,0.5,1.0,0.4,0.0,0.0,0.0,0.0,0.0,2.5,92.5,2.217,400.0,2.2,875.0,875.0,1750.0,0.229,0.5,2.5,2.67,,1.5,100.0,11.40%,30.10%,59%,11.4,30.1,58.5,40.0,19.84,16.0,14.4,25.6,0.153,2.5,0.078,0.964,35.0,10.5,114.2,0.29,171.25,,,,2.0,28.0,1.0,24,100.0,,,,,9.83321,13.3626,,,,,,,,,,,7.0,10.0,,,,,5.95,,,,,4.91,,,,,12.11,,,,,
527.0,[41],Mix no.11,62.3,28.1,2.1,0.5,1.0,0.5,1.0,0.4,0.0,0.0,0.0,0.0,0.0,2.5,92.5,2.217,400.0,2.2,875.0,875.0,1750.0,0.229,0.5,2.5,2.67,,1.5,100.0,11.40%,30.10%,59%,11.4,30.1,58.5,40.0,19.84,16.0,14.4,25.6,0.153,2.5,0.078,0.964,35.0,10.5,114.2,0.29,171.25,,,,2.0,70.0,1.0,24,100.0,,,,,35.7548,37.4018,,,,,,,,,,,27.0,29.0,,,,,4.72,,,,,3.89,,,,,9.75,,,,,
528.0,[41],Mix no.12,62.3,28.1,2.1,0.5,1.0,0.5,1.0,0.4,0.0,0.0,0.0,0.0,0.0,2.5,92.5,2.217,400.0,2.2,875.0,875.0,1750.0,0.229,0.5,2.5,2.67,,1.5,100.0,11.40%,30.10%,59%,11.4,30.1,58.5,40.0,19.84,16.0,14.4,25.6,0.153,2.5,0.078,0.964,35.0,10.5,114.2,0.29,171.25,,,,2.0,90.0,1.0,24,100.0,,,,,30.1276,32.7158,,,,,,,,,,,23.0,25.0,,,,,5.07,,,,,4.18,,,,,10.5,,,,,
529.0,[41],Mix no.13,62.3,28.1,2.1,0.5,1.0,0.5,1.0,0.4,0.0,0.0,0.0,0.0,0.0,2.5,92.5,2.217,400.0,2.2,875.0,875.0,1750.0,0.229,0.5,2.5,2.67,,1.5,100.0,11.40%,30.10%,59%,11.4,30.1,58.5,40.0,19.84,16.0,14.4,25.6,0.153,2.5,0.078,0.964,35.0,10.5,114.2,0.29,171.25,,,,1.0,50.0,1.0,24,100.0,,,,,22.7857,25.2143,,,,,,,,,,,17.0,19.0,,,,,5.5,,,,,4.54,,,,,11.5,,,,,
530.0,[41],Mix no.14,62.3,28.1,2.1,0.5,1.0,0.5,1.0,0.4,0.0,0.0,0.0,0.0,0.0,2.5,92.5,2.217,400.0,2.2,875.0,875.0,1750.0,0.229,0.5,2.5,2.67,,1.5,100.0,11.40%,30.10%,59%,11.4,30.1,58.5,40.0,19.84,16.0,14.4,25.6,0.153,2.5,0.078,0.964,35.0,10.5,114.2,0.29,171.25,,,,3.0,50.0,1.0,24,100.0,,,,,28.7857,31.0,,,,,,,,,,,22.0,24.0,,,,,5.1,,,,,4.21,,,,,10.55,,,,,
531.0,[42],Mix no.1,62.3,28.1,2.1,0.5,1.0,0.5,1.0,0.4,0.0,0.0,0.0,0.0,0.0,2.5,92.5,2.217,400.0,2.2,875.0,875.0,1750.0,0.229,0.5,2.5,2.67,,1.5,100.0,11.40%,30.10%,59%,11.4,30.1,58.5,40.0,19.84,16.0,14.4,25.6,0.153,2.5,0.078,0.964,35.0,10.5,114.2,0.29,90.1478,,,,2.0,50.0,1.0,24,100.0,,,,,25.5208,27.526,,,,,,,,,,,19.0,21.0,,,,,2.74809,,,,,2.27,,,,,20.2869,,,11.5,,
532.0,[42],Mix no.2,62.3,28.1,2.1,0.5,1.0,0.5,1.0,0.4,0.0,0.0,0.0,0.0,0.0,2.5,92.5,2.217,400.0,2.2,880.0,880.0,1760.0,0.227,0.5,2.5,2.67,,1.5,100.0,11.40%,30.10%,59%,11.4,30.1,58.5,40.0,19.84,16.0,14.4,25.6,0.153,2.5,0.078,0.964,30.0,10.5,109.2,0.27,80.2956,,,,2.0,50.0,1.0,24,100.0,,,,,30.625,32.8125,,,,,,,,,,,23.0,25.0,,,,,3.00763,,,,,2.48,,,,,21.8238,,,10.4,,
533.0,[42],Mix no.3,62.3,28.1,2.1,0.5,1.0,0.5,1.0,0.4,0.0,0.0,0.0,0.0,0.0,2.5,92.5,2.217,400.0,2.2,895.0,895.0,1790.0,0.223,0.5,2.5,2.67,,1.5,100.0,11.40%,30.10%,59%,11.4,30.1,58.5,40.0,19.84,16.0,14.4,25.6,0.153,2.5,0.078,0.964,20.0,10.5,99.2,0.25,50.2463,,,,2.0,50.0,1.0,24,100.0,,,,,31.5365,34.6354,,,,,,,,,,,24.0,26.0,,,,,3.49618,,,,,2.88,,,,,22.2336,,,10.22,,
534.0,[42],Mix no.4,62.3,28.1,2.1,0.5,1.0,0.5,1.0,0.4,0.0,0.0,0.0,0.0,0.0,2.5,92.5,2.217,400.0,2.2,910.0,910.0,1820.0,0.22,0.5,2.5,2.67,,1.5,100.0,11.40%,30.10%,59%,11.4,30.1,58.5,40.0,19.84,16.0,14.4,25.6,0.153,2.5,0.078,0.964,10.0,10.5,89.2,0.22,30.0493,,,,2.0,50.0,1.0,24,100.0,,,,,33.1771,36.0938,,,,,,,,,,,25.0,28.0,,,,,3.80153,,,,,3.14,,,,,22.7459,,,9.8,,
535.0,[42],Mix no.5,62.3,28.1,2.1,0.5,1.0,0.5,1.0,0.4,0.0,0.0,0.0,0.0,0.0,2.5,92.5,2.217,400.0,2.2,880.0,880.0,1760.0,0.227,0.5,2.5,2.67,,1.5,100.0,11.40%,30.10%,59%,11.4,30.1,58.5,40.0,19.84,16.0,14.4,25.6,0.153,2.5,0.078,0.964,35.0,7.5,112.4,0.28,80.0,,,,2.0,50.0,1.0,24,100.0,,,,,27.377,30.3279,,,,,,,,,,,21.0,23.0,,,,,2.95131,,,,,2.43,,,,,21.0784,,,11.03,,
536.0,[42],Mix no.6,62.3,28.1,2.1,0.5,1.0,0.5,1.0,0.4,0.0,0.0,0.0,0.0,0.0,2.5,92.5,2.217,400.0,2.2,885.0,885.0,1770.0,0.226,0.5,2.5,2.67,,1.5,100.0,11.40%,30.10%,59%,11.4,30.1,58.5,40.0,19.84,16.0,14.4,25.6,0.153,2.5,0.078,0.964,35.0,5.0,110.9,0.28,62.8571,,,,2.0,50.0,1.0,24,100.0,,,,,29.6721,32.1311,,,,,,,,,,,23.0,24.0,,,,,3.20599,,,,,2.64,,,,,21.7647,,,10.45,,
537.0,[42],Mix no.7,62.3,28.1,2.1,0.5,1.0,0.5,1.0,0.4,0.0,0.0,0.0,0.0,0.0,2.5,92.5,2.217,400.0,2.2,887.0,887.0,1774.0,0.225,0.5,2.5,2.67,,1.5,100.0,11.40%,30.10%,59%,11.4,30.1,58.5,40.0,19.84,16.0,14.4,25.6,0.153,2.5,0.078,0.964,35.0,2.5,109.4,0.27,41.9048,,,,2.0,50.0,1.0,24,100.0,,,,,30.4918,32.9508,,,,,,,,,,,23.0,25.0,,,,,3.50562,,,,,2.89,,,,,21.8627,,,10.4,,
538.0,[42],Mix no.8,62.3,28.1,2.1,0.5,1.0,0.5,1.0,0.4,0.0,0.0,0.0,0.0,0.0,2.5,92.5,2.217,400.0,2.2,875.0,875.0,1750.0,0.229,0.5,2.5,2.67,,1.5,100.0,11.40%,30.10%,59%,11.4,30.1,58.5,40.0,22.32,18.0,11.2,28.8,0.16,2.5,0.084,0.893,35.0,10.5,111.0,0.28,80.0,,,,2.0,50.0,1.0,24,100.0,,,,,18.5537,20.3184,,,,,,,,,,,14.0,15.0,,,,,1.86614,,,,,1.54,,,,,18.0664,,,11.4,,
539.0,[42],Mix no.9,62.3,28.1,2.1,0.5,1.0,0.5,1.0,0.4,0.0,0.0,0.0,0.0,0.0,2.5,92.5,2.217,400.0,2.2,875.0,875.0,1750.0,0.229,0.5,2.5,2.67,,1.5,100.0,11.40%,30.10%,59%,11.4,30.1,58.5,40.0,14.88,12.0,20.8,19.2,0.141,2.5,0.066,1.145,35.0,10.5,120.6,0.3,100.0,,,,2.0,50.0,1.0,24,100.0,,,,,16.0047,18.7985,,,,,,,,,,,12.0,14.0,,,,,1.88976,,,,,1.56,,,,,17.7734,,,11.6,,
540.0,[42],Mix no.10,62.3,28.1,2.1,0.5,1.0,0.5,1.0,0.4,0.0,0.0,0.0,0.0,0.0,2.5,92.5,2.217,400.0,2.2,840.0,840.0,1680.0,0.238,0.5,2.5,2.67,,1.5,128.5,11.40%,30.10%,59%,14.65,38.68,75.17,51.5,25.54,16.0,18.54,32.96,0.197,2.495,0.1,0.962,35.0,10.5,135.0,0.34,150.244,,,,2.0,50.0,1.0,24,100.0,,,,,27.9032,30.0,,,,,,,,,,,21.0,23.0,,,,,2.80273,,,,,2.31,,,,,21.0638,,,10.65,,
541.0,[42],Mix no.11,62.3,28.1,2.1,0.5,1.0,0.5,1.0,0.4,0.0,0.0,0.0,0.0,0.0,2.5,92.5,2.217,400.0,2.2,860.0,860.0,1720.0,0.233,0.5,2.5,2.67,,1.5,114.0,11.40%,30.10%,59%,13.0,34.31,66.69,46.0,22.82,16.0,16.56,29.44,0.175,2.478,0.09,0.958,35.0,10.5,124.6,0.31,120.325,,,,2.0,50.0,1.0,24,100.0,,,,,29.5161,31.9355,,,,,,,,,,,22.0,24.0,,,,,2.74805,,,,,2.27,,,,,20.2128,,,11.15,,
542.0,[42],Mix no.12,62.3,28.1,2.1,0.5,1.0,0.5,1.0,0.4,0.0,0.0,0.0,0.0,0.0,2.5,92.5,2.217,400.0,2.2,895.0,895.0,1790.0,0.223,0.5,2.5,2.67,,1.5,85.5,11.40%,30.10%,59%,9.75,25.74,50.02,34.5,17.11,16.0,12.42,22.08,0.132,2.478,0.067,0.958,35.0,10.5,103.7,0.26,70.2439,,,,2.0,50.0,1.0,24,100.0,,,,,16.129,17.9032,,,,,,,,,,,12.0,14.0,,,,,1.83203,,,,,1.51,,,,,17.234,,,12.0,,
543.0,[42],Mix no.13,62.3,28.1,2.1,0.5,1.0,0.5,1.0,0.4,0.0,0.0,0.0,0.0,0.0,2.5,92.5,2.217,400.0,2.2,875.0,875.0,1750.0,0.229,0.5,2.5,2.67,,1.5,107.5,11.40%,30.10%,59%,12.26,32.36,62.89,32.5,16.12,16.0,11.7,20.8,0.152,3.308,0.071,1.14,35.0,10.5,115.9,0.29,69.8592,,,,2.0,50.0,1.0,24,100.0,,,,,31.9719,35.5177,,,,,,,,,,,24.0,27.0,,,,,3.06579,,,,,2.53,,,,,21.73,,,10.02,,
544.0,[42],Mix no.14,62.3,28.1,2.1,0.5,1.0,0.5,1.0,0.4,0.0,0.0,0.0,0.0,0.0,2.5,92.5,2.217,400.0,2.2,875.0,875.0,1750.0,0.229,0.5,2.5,2.67,,1.5,93.0,11.40%,30.10%,59%,10.6,27.99,54.41,47.0,23.31,16.0,16.92,30.08,0.155,1.979,0.085,0.825,35.0,47.0,134.5,0.34,109.859,,,,2.0,50.0,1.0,24,100.0,,,,,23.0777,25.1063,,,,,,,,,,,18.0,19.0,,,,,2.43421,,,,,2.01,,,,,20.2532,,,11.3,,
545.0,[43],,32.62,31.23,8.48,17.12,3.49,0.91,0.1,0.0,1.65,0.0,0.0,0.0,0.0,0.93,72.33,1.045,444.0,2.53,1260.0,540.0,1800.0,0.247,0.3,2.69,2.6,,,111.0,14.70%,29.40%,56%,16.32,32.63,62.05,45.0,11.16,8.0,30.6,14.4,0.135,2.467,0.062,1.187,36.0,5.8,132.1,0.3,35.0,,,,,25.0,,24,100.0,,,,,6.4726,15.1027,,,,,,,,,,,5.0,12.0,,,,,,,,,,,,,,,,,,,,
546.0,[43],,32.62,31.23,8.48,17.12,3.49,0.91,0.1,0.0,1.65,0.0,0.0,0.0,0.0,0.93,72.33,1.045,414.0,2.53,1260.0,540.0,1800.0,0.23,0.3,2.69,2.6,,,133.0,14.70%,29.40%,56%,19.55,39.1,74.35,53.0,13.14,8.0,36.04,16.96,0.173,2.509,0.079,1.196,14.0,5.8,127.9,0.31,60.0,,,,,25.0,,24,100.0,,,,,19.3007,26.2238,,,,,,,,,,,15.0,20.0,,,,,,,,,,,,,,,,,,,,
547.0,[43],,32.62,31.23,8.48,17.12,3.49,0.91,0.1,0.0,1.65,0.0,0.0,0.0,0.0,0.93,72.33,1.045,444.0,2.53,1260.0,540.0,1800.0,0.247,0.3,2.69,2.6,,,111.0,14.70%,29.40%,56%,16.32,32.63,62.05,45.0,16.74,12.0,23.4,21.6,0.148,2.467,0.074,0.987,36.0,5.8,124.9,0.28,80.0,,,,,25.0,,24,100.0,,,,,14.863,31.1644,,,,,,,,,,,11.0,24.0,,,,,,,,,,,,,,,,,,,,
548.0,[43],,32.62,31.23,8.48,17.12,3.49,0.91,0.1,0.0,1.65,0.0,0.0,0.0,0.0,0.93,72.33,1.045,414.0,2.53,1260.0,540.0,1800.0,0.23,0.3,2.69,2.6,,,133.0,14.70%,29.40%,56%,19.55,39.1,74.35,53.0,19.72,12.0,27.56,25.44,0.189,2.509,0.095,0.996,14.0,5.8,119.4,0.29,90.0,,,,,25.0,,24,100.0,,,,,17.8322,24.3357,,,,,,,,,,,14.0,19.0,,,,,,,,,,,,,,,,,,,,
549.0,[43],,32.62,31.23,8.48,17.12,3.49,0.91,0.1,0.0,1.65,0.0,0.0,0.0,0.0,0.93,72.33,1.045,414.0,2.53,1260.0,540.0,1800.0,0.23,0.3,2.69,2.6,,,133.0,14.70%,29.40%,56%,19.55,39.1,74.35,53.0,13.14,8.0,36.04,16.96,0.173,2.509,0.079,1.196,14.0,5.8,127.9,0.31,110.0,,,,1.0,60.0,,24,100.0,,,,,13.6525,14.6454,,,,,,,,,,,10.0,11.0,,,,,,,,,,,,,,,,,,,,
550.0,[44],18 Class C,58.05,21.59,5.1,9.42,1.86,0.92,0.0,0.39,0.0,0.0,0.0,0.0,0.0,0.0,84.74,2.689,408.0,,1320.0,590.0,1910.0,0.214,0.309,,,,,83.2,10.60%,26.50%,63%,8.82,22.05,52.33,41.6,18.05,14.0,18.3,23.3,0.12,2.0,0.066,0.82,0.0,0.0,70.6,0.17,,,,,1.0,46.0,0.0,24,,100.0,200.0,,,,,,,33.7,37.3,38.1,,,,33.0,36.0,37.0,,,,,,,,,,,,,,,,,,,,,
551.0,[44],13 Class C,58.05,21.59,5.1,9.42,1.86,0.92,0.0,0.39,0.0,0.0,0.0,0.0,0.0,0.0,84.74,2.689,408.0,,1320.0,590.0,1910.0,0.214,0.309,,,,,83.2,10.60%,26.50%,63%,8.82,22.05,52.33,41.6,10.32,8.0,28.29,13.31,0.101,2.0,0.047,1.152,0.0,0.0,80.6,0.2,,,,,1.0,46.0,0.0,24,,100.0,200.0,,,,,,,,,30.7,,,,,,30.0,,,,,,,,,,,,,,,,,,,,,
552.0,[44],14 Class C,58.05,21.59,5.1,9.42,1.86,0.92,0.0,0.39,0.0,0.0,0.0,0.0,0.0,0.0,84.74,2.689,408.0,,1320.0,590.0,1910.0,0.214,0.309,,,,,83.2,10.60%,26.50%,63%,8.82,22.05,52.33,41.6,18.05,14.0,18.3,23.3,0.12,2.0,0.066,0.82,0.0,0.0,70.6,0.17,,,,,1.0,46.0,0.0,24,,100.0,200.0,,,,,,,,,39.0,,,,,,38.0,,,,,,,,,,,,,,,,,,,,,
553.0,[44],15 Class F,54.7,29.0,6.74,1.29,0.8,1.88,0.0,0.1,0.0,0.0,0.0,0.0,0.0,0.0,90.44,1.886,408.0,,1320.0,590.0,1910.0,0.214,0.309,,,,,83.2,10.60%,26.50%,63%,8.82,22.05,52.33,41.6,10.32,8.0,28.29,13.31,0.101,2.0,0.047,1.152,0.0,0.0,80.6,0.2,,,,,1.0,46.0,0.0,24,,100.0,200.0,,,,,,,,,33.3,,,,,,32.0,,,,,,,,,,,,,,,,,,,,,
554.0,[44],16 Class F,54.7,29.0,6.74,1.29,0.8,1.88,0.0,0.1,0.0,0.0,0.0,0.0,0.0,0.0,90.44,1.886,408.0,,1320.0,590.0,1910.0,0.214,0.309,,,,,83.2,10.60%,26.50%,63%,8.82,22.05,52.33,41.6,18.05,14.0,18.3,23.3,0.12,2.0,0.066,0.82,0.0,0.0,70.6,0.17,,,,,1.0,46.0,0.0,24,,100.0,200.0,,,,,,,,,10.3,,,,,,10.0,,,,,,,,,,,,,,,,,,,,,
555.0,[44],17 Class C,58.05,21.59,5.1,9.42,1.86,0.92,0.0,0.39,0.0,0.0,0.0,0.0,0.0,0.0,84.74,2.689,408.0,,1080.0,830.0,1910.0,0.214,0.435,,,,,83.2,10.60%,26.50%,63%,8.82,22.05,52.33,41.6,18.05,14.0,18.3,23.3,0.12,2.0,0.066,0.82,0.0,0.0,70.6,0.17,,,,,1.0,46.0,0.0,24,,100.0,200.0,,,,,,,,,39.7,,,,,,39.0,,,,,,,,,,,,,,,,,,,,,
556.0,[44],19 Class C,58.05,21.59,5.1,9.42,1.86,0.92,0.0,0.39,0.0,0.0,0.0,0.0,0.0,0.0,84.74,2.689,408.0,,990.0,920.0,1910.0,0.214,0.482,,,,,83.2,10.60%,26.50%,63%,8.82,22.05,52.33,41.6,18.05,14.0,18.3,23.3,0.12,2.0,0.066,0.82,0.0,0.0,70.6,0.17,,,,,1.0,46.0,0.0,24,,100.0,200.0,,,,,,,,,26.6,,,,,,26.0,,,,,,,,,,,,,,,,,,,,,
557.0,[44],20 Class  F,54.7,29.0,6.74,1.29,0.8,1.88,0.0,0.1,0.0,0.0,0.0,0.0,0.0,0.0,90.44,1.886,408.0,,1080.0,830.0,1910.0,0.214,0.435,,,,,83.2,10.60%,26.50%,63%,8.82,22.05,52.33,41.6,18.05,14.0,18.3,23.3,0.12,2.0,0.066,0.82,0.0,0.0,70.6,0.17,,,,,1.0,46.0,0.0,24,,100.0,200.0,,,,,,,,,7.9,,,,,,8.0,,,,,,,,,,,,,,,,,,,,,
558.0,[44],21 Class  F,54.7,29.0,6.74,1.29,0.8,1.88,0.0,0.1,0.0,0.0,0.0,0.0,0.0,0.0,90.44,1.886,408.0,,1320.0,590.0,1910.0,0.214,0.309,,,,,83.2,10.60%,26.50%,63%,8.82,22.05,52.33,41.6,18.05,14.0,18.3,23.3,0.12,2.0,0.066,0.82,0.0,0.0,70.6,0.17,,,,,1.0,46.0,0.0,24,,100.0,200.0,,,,,,,,,5.9,,,,,,6.0,,,,,,,,,,,,,,,,,,,,,
559.0,[44],22 Class  F,54.7,29.0,6.74,1.29,0.8,1.88,0.0,0.1,0.0,0.0,0.0,0.0,0.0,0.0,90.44,1.886,408.0,,990.0,920.0,1910.0,0.214,0.482,,,,,83.2,10.60%,26.50%,63%,8.82,22.05,52.33,41.6,18.05,14.0,18.3,23.3,0.12,2.0,0.066,0.82,0.0,0.0,70.6,0.17,,,,,1.0,46.0,0.0,24,,100.0,200.0,,,,,,,,,5.4,,,,,,5.0,,,,,,,,,,,,,,,,,,,,,
560.0,[44],23 Class C,58.05,21.59,5.1,9.42,1.86,0.92,0.0,0.39,0.0,0.0,0.0,0.0,0.0,0.0,84.74,2.689,408.0,,1320.0,590.0,1910.0,0.214,0.309,,,,,83.2,10.60%,26.50%,63%,8.82,22.05,52.33,41.6,10.32,8.0,28.29,13.31,0.101,2.0,0.047,1.152,0.0,0.0,80.6,0.2,,,,,1.0,46.0,0.0,24,,100.0,200.0,,,,,,,,,11.2,,,,,,11.0,,,,,,,,,,,,,,,,,,,,,
561.0,[44],24 Class C,58.05,21.59,5.1,9.42,1.86,0.92,0.0,0.39,0.0,0.0,0.0,0.0,0.0,0.0,84.74,2.689,408.0,,1320.0,590.0,1910.0,0.214,0.309,,,,,83.2,10.60%,26.50%,63%,8.82,22.05,52.33,41.6,10.32,8.0,28.29,13.31,0.101,2.0,0.047,1.152,0.0,0.0,80.6,0.2,,,,,1.0,55.0,0.0,24,,100.0,200.0,,,,,,,,,17.8,,,,,,17.0,,,,,,,,,,,,,,,,,,,,,
562.0,[44],25 Class C,58.05,21.59,5.1,9.42,1.86,0.92,0.0,0.39,0.0,0.0,0.0,0.0,0.0,0.0,84.74,2.689,408.0,,1320.0,590.0,1910.0,0.214,0.309,,,,,83.2,10.60%,26.50%,63%,8.82,22.05,52.33,41.6,10.32,8.0,28.29,13.31,0.101,2.0,0.047,1.152,0.0,0.0,80.6,0.2,,,,,1.0,70.0,0.0,24,,100.0,200.0,,,,,,,,,19.7,,,,,,19.0,,,,,,,,,,,,,,,,,,,,,
563.0,[44],26 Class C,58.05,21.59,5.1,9.42,1.86,0.92,0.0,0.39,0.0,0.0,0.0,0.0,0.0,0.0,84.74,2.689,408.0,,1320.0,590.0,1910.0,0.214,0.309,,,,,83.2,10.60%,26.50%,63%,8.82,22.05,52.33,41.6,10.32,14.0,28.29,13.31,0.101,2.0,0.047,1.152,0.0,0.0,80.6,0.2,,,,,1.0,46.0,0.0,24,,100.0,200.0,,,,,,,,,33.3,,,,,,32.0,,,,,,,,,,,,,,,,,,,,,
564.0,[44],27 Class C,58.05,21.59,5.1,9.42,1.86,0.92,0.0,0.39,0.0,0.0,0.0,0.0,0.0,0.0,84.74,2.689,408.0,,1320.0,590.0,1910.0,0.214,0.309,,,,,83.2,10.60%,26.50%,63%,8.82,22.05,52.33,41.6,10.32,14.0,28.29,13.31,0.101,2.0,0.047,1.152,0.0,0.0,80.6,0.2,,,,,1.0,55.0,0.0,24,,100.0,200.0,,,,,,,,,37.5,,,,,,36.0,,,,,,,,,,,,,,,,,,,,,
565.0,[44],28 Class C,58.05,21.59,5.1,9.42,1.86,0.92,0.0,0.39,0.0,0.0,0.0,0.0,0.0,0.0,84.74,2.689,408.0,,1320.0,590.0,1910.0,0.214,0.309,,,,,83.2,10.60%,26.50%,63%,8.82,22.05,52.33,41.6,10.32,14.0,28.29,13.31,0.101,2.0,0.047,1.152,0.0,0.0,80.6,0.2,,,,,1.0,70.0,0.0,24,,100.0,200.0,,,,,,,,,49.2,,,,,,48.0,,,,,,,,,,,,,,,,,,,,,
566.0,[44],30 Class C,58.05,21.59,5.1,9.42,1.86,0.92,0.0,0.39,0.0,0.0,0.0,0.0,0.0,0.0,84.74,2.689,408.0,,1320.0,590.0,1910.0,0.214,0.309,,,,,83.2,10.60%,26.50%,63%,8.82,22.05,52.33,41.6,10.32,8.0,28.29,13.31,0.101,2.0,0.047,1.152,0.0,0.0,80.6,0.2,,,,,2.0,55.0,0.0,24,,100.0,200.0,,,,,,,,,34.0,,,,,,33.0,,,,,,,,,,,,,,,,,,,,,
567.0,[44],32 Class C,58.05,21.59,5.1,9.42,1.86,0.92,0.0,0.39,0.0,0.0,0.0,0.0,0.0,0.0,84.74,2.689,408.0,,1320.0,590.0,1910.0,0.214,0.309,,,,,83.2,10.60%,26.50%,63%,8.82,22.05,52.33,41.6,18.05,14.0,18.3,23.3,0.12,2.0,0.066,0.82,0.0,0.0,70.6,0.17,,,,,2.0,55.0,0.0,24,,100.0,200.0,,,,,,,,,38.6,,,,,,37.0,,,,,,,,,,,,,,,,,,,,,
568.0,[45],GPC1-60,51.7,31.9,3.48,1.21,0.81,0.51,0.51,0.25,0.0,0.0,0.0,0.0,0.0,9.63,87.08,1.621,418.0,2.5,1079.0,593.0,1672.0,0.25,0.355,2.7,2.65,,,179.0,12.80%,25.50%,62%,22.91,45.65,110.44,72.0,17.86,8.0,48.96,23.04,0.207,2.486,0.098,1.12,0.0,0.0,159.4,0.38,,,,,0.0,60.0,,65,,150.0,300.0,,,,,,,,,50.8,,,,,,49.0,,,,,,,,,,,,,,,25.1,,,,,,
569.0,[45],GPC2-60,51.7,31.9,3.48,1.21,0.81,0.51,0.51,0.25,0.0,0.0,0.0,0.0,0.0,9.63,87.08,1.621,431.0,2.5,1113.0,612.0,1725.0,0.25,0.355,2.7,2.65,,,154.0,12.80%,25.50%,62%,19.71,39.27,95.02,62.0,15.38,8.0,42.16,19.84,0.173,2.484,0.081,1.119,0.0,0.0,137.2,0.32,,,,,0.0,60.0,,65,,150.0,300.0,,,,,,,,,52.04,,,,,,51.0,,,,,,,,,,,,,,,21.9,,,,,,
570.0,[45],GPC3-60,51.7,31.9,3.48,1.21,0.81,0.51,0.51,0.25,0.0,0.0,0.0,0.0,0.0,9.63,87.08,1.621,445.0,2.5,1149.0,632.0,1781.0,0.25,0.355,2.7,2.65,,,127.0,12.80%,25.50%,62%,16.26,32.39,78.36,51.0,12.65,8.0,34.68,16.32,0.138,2.49,0.065,1.12,0.0,0.0,113.0,0.25,,,,,0.0,60.0,,65,,150.0,300.0,,,,,,,,,46.34,,,,,,45.0,,,,,,,,,,,,,,,22.8,,,,,,
571.0,[45],GPC1-90,51.7,31.9,3.48,1.21,0.81,0.51,0.51,0.25,0.0,0.0,0.0,0.0,0.0,9.63,87.08,1.621,418.0,2.5,1079.0,593.0,1672.0,0.25,0.355,2.7,2.65,,,179.0,12.80%,25.50%,62%,22.91,45.65,110.44,72.0,17.86,8.0,48.96,23.04,0.207,2.486,0.098,1.12,0.0,0.0,159.4,0.38,,,,,0.0,90.0,,65,,150.0,300.0,,,,,,,,,54.4,,,,,,53.0,,,,,,,,,,,,,,,25.4,,,,,,
572.0,[45],GPC2-90,51.7,31.9,3.48,1.21,0.81,0.51,0.51,0.25,0.0,0.0,0.0,0.0,0.0,9.63,87.08,1.621,431.0,2.5,1113.0,612.0,1725.0,0.25,0.355,2.7,2.65,,,154.0,12.80%,25.50%,62%,19.71,39.27,95.02,62.0,15.38,8.0,42.16,19.84,0.173,2.484,0.081,1.119,0.0,0.0,137.2,0.32,,,,,0.0,90.0,,65,,150.0,300.0,,,,,,,,,53.6,,,,,,52.0,,,,,,,,,,,,,,,25.5,,,,,,
573.0,[45],GPC3-90,51.7,31.9,3.48,1.21,0.81,0.51,0.51,0.25,0.0,0.0,0.0,0.0,0.0,9.63,87.08,1.621,445.0,2.5,1149.0,632.0,1781.0,0.25,0.355,2.7,2.65,,,127.0,12.80%,25.50%,62%,16.26,32.39,78.36,51.0,12.65,8.0,34.68,16.32,0.138,2.49,0.065,1.12,0.0,0.0,113.0,0.25,,,,,0.0,90.0,,65,,150.0,300.0,,,,,,,,,49.73,,,,,,48.0,,,,,,,,,,,,,,,22.6,,,,,,
574.0,[45],GPC1-120,51.7,31.9,3.48,1.21,0.81,0.51,0.51,0.25,0.0,0.0,0.0,0.0,0.0,9.63,87.08,1.621,418.0,2.5,1079.0,593.0,1672.0,0.25,0.355,2.7,2.65,,,179.0,12.80%,25.50%,62%,22.91,45.65,110.44,72.0,17.86,8.0,48.96,23.04,0.207,2.486,0.098,1.12,0.0,0.0,159.4,0.38,,,,,0.0,120.0,,65,,150.0,300.0,,,,,,,,,57.24,,,,,,56.0,,,,,,,,,,,,,,,24.2,,,,,,
575.0,[45],GPC2-120,51.7,31.9,3.48,1.21,0.81,0.51,0.51,0.25,0.0,0.0,0.0,0.0,0.0,9.63,87.08,1.621,431.0,2.5,1113.0,612.0,1725.0,0.25,0.355,2.7,2.65,,,154.0,12.80%,25.50%,62%,19.71,39.27,95.02,62.0,15.38,8.0,42.16,19.84,0.173,2.484,0.081,1.119,0.0,0.0,137.2,0.32,,,,,0.0,120.0,,65,,150.0,300.0,,,,,,,,,55.01,,,,,,53.0,,,,,,,,,,,,,,,24.9,,,,,,
576.0,[45],GPC3-120,51.7,31.9,3.48,1.21,0.81,0.51,0.51,0.25,0.0,0.0,0.0,0.0,0.0,9.63,87.08,1.621,445.0,2.5,1149.0,632.0,1781.0,0.25,0.355,2.7,2.65,,,127.0,12.80%,25.50%,62%,16.26,32.39,78.36,51.0,12.65,8.0,34.68,16.32,0.138,2.49,0.065,1.12,0.0,0.0,113.0,0.25,,,,,0.0,120.0,,65,,150.0,300.0,,,,,,,,,52.43,,,,,,51.0,,,,,,,,,,,,,,,28.0,,,,,,
577.0,[46],GPF,50.7,28.8,8.8,2.38,1.39,0.84,2.4,0.3,0.0,0.0,0.0,0.0,0.0,3.79,88.3,1.76,400.0,,1293.0,554.0,1847.0,0.217,0.3,2.5,2.6,,,112.9,11.40%,28.50%,60%,12.87,32.18,67.85,45.2,19.62,14.0,19.89,25.31,0.162,2.498,0.081,0.991,0.0,4.0,90.1,0.23,30.0,,,,3.0,100.0,2.0,24,100.0,,,,30.1851,35.9312,45.7323,,,,,,,,,,23.0,27.0,35.0,,,,,5.62864,,,,,4.64,,,,,,,,,,
578.0,[47],Mix 1,61.89,28.05,4.11,0.87,0.38,0.4,0.82,1.32,0.0,0.0,0.0,0.0,0.0,0.49,94.05,2.206,500.0,2.2,1321.0,320.0,1641.0,0.305,0.195,2.745,2.62,1.451,1.35,120.0,9.00%,28.00%,63%,10.8,33.6,75.6,80.0,39.68,16.0,28.8,51.2,0.168,1.5,0.101,0.666,0.0,6.0,108.0,0.22,35.0,,,,1.0,60.0,,24,100.0,,,,,,53.56,55.33,,,,,,,,,,,42.0,44.0,,,,,,,,,,,,,,,,,,,
579.0,[47],Mix 2,61.89,28.05,4.11,0.87,0.38,0.4,0.82,1.32,0.0,0.0,0.0,0.0,0.0,0.49,94.05,2.206,400.0,2.2,1419.0,344.0,1763.0,0.227,0.195,2.745,2.62,1.451,1.35,120.0,9.00%,28.00%,63%,10.8,33.6,75.6,80.0,39.68,16.0,28.8,51.2,0.21,1.5,0.126,0.666,0.0,4.0,106.8,0.27,60.0,,,,1.0,60.0,,24,100.0,,,,,,45.95,47.49,,,,,,,,,,,35.0,38.0,,,,,,,,,,,,,,,,,,,
580.0,[47],Mix 3,61.89,28.05,4.11,0.87,0.38,0.4,0.82,1.32,0.0,0.0,0.0,0.0,0.0,0.49,94.05,2.206,333.0,2.2,1485.0,360.0,1845.0,0.18,0.195,2.745,2.62,1.451,1.35,120.0,9.00%,28.00%,63%,10.8,33.6,75.6,80.0,39.68,16.0,28.8,51.2,0.252,1.5,0.152,0.666,0.0,3.2,106.3,0.32,80.0,,,,1.0,60.0,,24,100.0,,,,,,37.12,39.96,,,,,,,,,,,28.0,30.0,,,,,,,,,,,,,,,,,,,
581.0,[47],Mix 4,61.89,28.05,4.11,0.87,0.38,0.4,0.82,1.32,0.0,0.0,0.0,0.0,0.0,0.49,94.05,2.206,286.0,2.2,1533.0,371.0,1904.0,0.15,0.195,2.745,2.62,1.451,1.35,120.0,9.00%,28.00%,63%,10.8,33.6,75.6,80.0,39.68,16.0,28.8,51.2,0.294,1.5,0.177,0.666,0.0,0.0,104.4,0.37,110.0,,,,1.0,60.0,,24,100.0,,,,,,33.41,36.85,,,,,,,,,,,25.0,28.0,,,,,,,,,,,,,,,,,,,
582.0,[47],Mix 5,61.89,28.05,4.11,0.87,0.38,0.4,0.82,1.32,0.0,0.0,0.0,0.0,0.0,0.49,94.05,2.206,250.0,2.2,1567.0,380.0,1947.0,0.128,0.195,2.745,2.62,1.451,1.35,120.0,9.00%,28.00%,63%,10.8,33.6,75.6,80.0,39.68,16.0,28.8,51.2,0.336,1.5,0.202,0.666,0.0,0.0,104.4,0.42,300.0,,,,1.0,60.0,,24,100.0,,,,,,23.45,28.26,,,,,,,,,,,18.0,22.0,,,,,,,,,,,,,,,,,,,
583.0,[48],G1100,57.9,31.11,5.07,1.29,0.97,0.09,1.0,0.05,0.0,0.0,0.0,0.0,0.0,0.04,94.08,1.861,300.0,2.13,1128.44,752.29,1880.73,0.16,0.4,,,,,117.86,16.27%,34.64%,49%,19.18,40.83,57.86,47.14,14.61,10.0,28.28,18.86,0.249,2.5,0.113,1.208,50.76,0.0,136.9,0.46,,,,,1.0,100.0,1.0,40,100.0,,,,,28.439285,31.38128,,,,,,,,,,,22.0,24.0,,,,,4.14036763,,,,,3.42,,,,,,,,,,
584.0,[48],G2100,57.9,31.11,5.07,1.29,0.97,0.09,1.0,0.05,0.0,0.0,0.0,0.0,0.0,0.04,94.08,1.861,300.0,2.13,1130.74,753.83,1884.57,0.159,0.4,,,,,96.43,16.27%,34.64%,49%,15.69,33.4,47.34,38.57,11.96,10.0,23.14,15.43,0.203,2.5,0.092,1.208,68.81,0.0,139.3,0.46,,,,,1.0,100.0,1.0,40,100.0,,,,,23.928226,26.3798885,,,,,,,,,,,18.0,20.0,,,,,3.464689445,,,,,2.86,,,,,,,,,,
585.0,[48],G3100,57.9,31.11,5.07,1.29,0.97,0.09,1.0,0.05,0.0,0.0,0.0,0.0,0.0,0.04,94.08,1.861,350.0,2.13,1048.3,698.87,1747.17,0.2,0.4,,,,,137.5,16.27%,34.64%,49%,22.37,47.63,67.5,55.0,17.05,10.0,33.0,22.0,0.249,2.5,0.113,1.208,59.23,0.0,159.7,0.46,,,,,1.0,100.0,1.0,40,100.0,,,,,32.361945,35.500073,,,,,,,,,,,25.0,27.0,,,,,4.306100015,,,,,3.55,,,,,,,,,,
586.0,[48],G4100,57.9,31.11,5.07,1.29,0.97,0.09,1.0,0.05,0.0,0.0,0.0,0.0,0.0,0.04,94.08,1.861,350.0,2.13,1051.0,700.67,1751.67,0.2,0.4,,,,,112.5,16.27%,34.64%,49%,18.3,38.97,55.23,45.0,13.95,10.0,27.0,18.0,0.203,2.5,0.092,1.208,80.28,0.0,162.5,0.46,,,,,1.0,100.0,1.0,40,100.0,,,,,27.1644205,29.812216,,,,,,,,,,,21.0,23.0,,,,,4.08741172,,,,,3.37,,,,,,,,,,
587.0,[49],GRS1,61.85,27.36,5.18,1.47,1.0,0.08,0.63,0.05,1.84,0.54,0.0,0.0,0.0,1.0,94.39,2.261,330.0,2.22,1350.0,727.0,2077.0,0.159,0.35,2.71,2.67,,1.58,88.0,14.30%,32.90%,53%,12.58,28.95,46.46,44.0,10.91,8.0,29.92,14.08,0.159,2.0,0.071,1.232,0.0,0.0,76.4,0.23,,,,,1.0,60.0,1.0,24,100.0,,,,,,18.2,,,,,,,,,,,,14.0,,,,,,,,,,,,,,,,,,,,
588.0,[49],GTS1,61.85,27.36,5.18,1.47,1.0,0.08,0.63,0.05,1.84,0.54,0.0,0.0,0.0,1.0,94.39,2.261,330.0,2.22,1350.0,727.0,2077.0,0.159,0.35,2.71,2.67,,1.58,88.0,14.30%,32.90%,53%,12.58,28.95,46.46,44.0,10.91,8.0,29.92,14.08,0.159,2.0,0.071,1.232,0.0,0.0,76.4,0.23,,,,,1.0,60.0,1.0,24,100.0,,,,,,18.98,,,,,,,,,,,,14.0,,,,,,,,,,,,,,,,,,,,
589.0,[49],GUS1,61.85,27.36,5.18,1.47,1.0,0.08,0.63,0.05,1.84,0.54,0.0,0.0,0.0,1.0,94.39,2.261,330.0,2.22,1350.0,727.0,2077.0,0.159,0.35,2.71,2.67,,1.58,88.0,14.30%,32.90%,53%,12.58,28.95,46.46,44.0,10.91,8.0,29.92,14.08,0.159,2.0,0.071,1.232,0.0,0.0,76.4,0.23,,,,,1.0,60.0,1.0,24,100.0,,,,,,16.5,,,,,,,,,,,,13.0,,,,,,,,,,,,,,,,,,,,
590.0,[49],GRS2,61.85,27.36,5.18,1.47,1.0,0.08,0.63,0.05,1.84,0.54,0.0,0.0,0.0,1.0,94.39,2.261,330.0,2.22,1350.0,727.0,2077.0,0.159,0.35,2.71,2.67,,1.58,88.0,14.30%,32.90%,53%,12.58,28.95,46.46,44.0,13.64,10.0,26.4,17.6,0.167,2.0,0.079,1.104,0.0,0.0,72.9,0.22,,,,,1.0,60.0,1.0,24,100.0,,,,,,20.6,,,,,,,,,,,,16.0,,,,,,,,,,,,,,,,,,,,
591.0,[49],GTS2,61.85,27.36,5.18,1.47,1.0,0.08,0.63,0.05,1.84,0.54,0.0,0.0,0.0,1.0,94.39,2.261,330.0,2.22,1350.0,727.0,2077.0,0.159,0.35,2.71,2.67,,1.58,88.0,14.30%,32.90%,53%,12.58,28.95,46.46,44.0,13.64,10.0,26.4,17.6,0.167,2.0,0.079,1.104,0.0,0.0,72.9,0.22,,,,,1.0,60.0,1.0,24,100.0,,,,,,20.8,,,,,,,,,,,,16.0,,,,,,,,,,,,,,,,,,,,
592.0,[49],GUS2,61.85,27.36,5.18,1.47,1.0,0.08,0.63,0.05,1.84,0.54,0.0,0.0,0.0,1.0,94.39,2.261,330.0,2.22,1350.0,727.0,2077.0,0.159,0.35,2.71,2.67,,1.58,88.0,14.30%,32.90%,53%,12.58,28.95,46.46,44.0,13.64,10.0,26.4,17.6,0.167,2.0,0.079,1.104,0.0,0.0,72.9,0.22,,,,,1.0,60.0,1.0,24,100.0,,,,,,17.2,,,,,,,,,,,,13.0,,,,,,,,,,,,,,,,,,,,
593.0,[49],GRS3,61.85,27.36,5.18,1.47,1.0,0.08,0.63,0.05,1.84,0.54,0.0,0.0,0.0,1.0,94.39,2.261,330.0,2.22,1350.0,727.0,2077.0,0.159,0.35,2.71,2.67,,1.58,88.0,14.30%,32.90%,53%,12.58,28.95,46.46,44.0,16.37,12.0,22.88,21.12,0.175,2.0,0.088,1.0,0.0,0.0,69.3,0.21,,,,,1.0,60.0,1.0,24,100.0,,,,,,24.9,,,,,,,,,,,,19.0,,,,,,,,,,,,,,,,,,,,
594.0,[49],GTS3,61.85,27.36,5.18,1.47,1.0,0.08,0.63,0.05,1.84,0.54,0.0,0.0,0.0,1.0,94.39,2.261,330.0,2.22,1350.0,727.0,2077.0,0.159,0.35,2.71,2.67,,1.58,88.0,14.30%,32.90%,53%,12.58,28.95,46.46,44.0,16.37,12.0,22.88,21.12,0.175,2.0,0.088,1.0,0.0,0.0,69.3,0.21,,,,,1.0,60.0,1.0,24,100.0,,,,,,24.4,,,,,,,,,,,,19.0,,,,,,,,,,,,,,,,,,,,
595.0,[49],GUS3,61.85,27.36,5.18,1.47,1.0,0.08,0.63,0.05,1.84,0.54,0.0,0.0,0.0,1.0,94.39,2.261,330.0,2.22,1350.0,727.0,2077.0,0.159,0.35,2.71,2.67,,1.58,88.0,14.30%,32.90%,53%,12.58,28.95,46.46,44.0,16.37,12.0,22.88,21.12,0.175,2.0,0.088,1.0,0.0,0.0,69.3,0.21,,,,,1.0,60.0,1.0,24,100.0,,,,,,20.1,,,,,,,,,,,,15.0,,,,,,,,,,,,,,,,,,,,
596.0,[50],Gladstone FA,47.87,28.0,14.09,3.81,0.93,0.41,0.62,0.27,1.99,1.81,0.0,0.21,0.0,0.43,89.96,1.71,416.0,2.26,927.0,699.0,1626.0,0.256,0.43,2.6,2.5,,1.53,292.0,14.70%,29.40%,56%,42.92,85.85,163.23,65.0,30.23,15.0,26.0,39.0,0.382,4.492,0.176,1.174,8.0,0.0,197.2,0.47,,735.0,,,1.0,80.0,1.0,24,,100.0,200.0,,,,,,,,,,82.5,86.5,87.4,,,,80.0,84.0,85.0,,,4.26,4.67,4.72,,,3.84,4.21,4.25,,,22.7,23.3,29.0,,,
597.0,[50],Pt. Augusta FA,49.37,31.25,4.47,4.8,1.28,1.3,2.21,0.24,2.94,1.65,0.0,0.04,0.0,0.51,85.09,1.58,416.0,2.23,927.0,699.0,1626.0,0.256,0.43,2.6,2.5,,1.53,292.0,14.70%,29.40%,56%,42.92,85.85,163.23,65.0,30.23,15.0,26.0,39.0,0.382,4.492,0.176,1.174,8.0,0.0,197.2,0.47,,550.0,,,1.0,80.0,1.0,24,,100.0,200.0,,,,,,,,,,36.9,45.6,47.0,,,,36.0,44.0,46.0,,,2.49,3.41,3.71,,,2.24,3.07,3.34,,,13.4,14.5,17.0,,,
598.0,[50],Collie FA,53.82,29.95,9.24,1.03,0.58,0.75,0.79,0.34,2.19,1.28,0.0,0.04,0.0,0.63,93.01,1.797,420.0,2.08,936.0,706.0,1644.0,0.255,0.429,2.6,2.5,,1.53,241.0,14.70%,29.40%,56%,35.43,70.85,134.72,92.0,42.78,15.0,36.8,55.2,0.355,2.62,0.186,0.906,15.0,0.0,186.5,0.44,,450.0,,,1.0,80.0,1.0,24,,100.0,200.0,,,,,,,,,,29.6,36.5,42.8,,,,29.0,35.0,42.0,,,1.6,2.32,2.9,,,1.44,2.09,2.61,,,8.5,10.3,20.9,,,
599.0,[50],Tarong FA,75.66,19.0,1.38,0.3,0.0,0.15,0.63,0.03,1.83,1.0,0.0,0.02,0.0,1.16,96.04,3.982,412.0,2.42,918.0,693.0,1611.0,0.256,0.43,2.6,2.5,,1.53,342.0,14.70%,29.40%,56%,50.27,100.55,191.18,32.0,14.88,15.0,12.8,19.2,0.402,10.688,0.158,1.543,0.0,0.0,204.0,0.5,,350.0,,,1.0,80.0,1.0,24,,100.0,200.0,,,,,,,,,,24.9,27.7,28.7,,,,24.0,27.0,28.0,,,1.15,1.3,1.86,,,1.04,1.17,1.68,,,8.2,9.7,10.3,,,
600.0,[51],G30,54.42,23.9,8.14,2.56,1.74,0.43,1.77,0.78,1.32,0.0,0.0,0.0,0.0,4.31,86.46,2.277,372.52,,1229.92,618.68,1848.6,0.202,0.335,,,,,128.2,11.80%,28.50%,60%,15.13,36.54,76.54,51.28,19.08,12.0,26.67,24.61,0.19,2.5,0.092,1.068,0.0,0.0,103.2,0.28,,,,,1.0,60.0,2.0,24,,150.0,300.0,,,,,,,,,,39.46,,,,,,38.0,,,,,,,,,,,,,,,30.4,,,,,
601.0,[51],G40,54.42,23.9,8.14,2.56,1.74,0.43,1.77,0.78,1.32,0.0,0.0,0.0,0.0,4.31,86.46,2.277,375.84,,1229.92,618.68,1848.6,0.203,0.335,,,,,125.83,11.80%,28.50%,60%,14.85,35.86,75.12,50.33,21.84,14.0,22.15,28.18,0.193,2.5,0.098,0.977,0.0,0.0,97.3,0.26,,,,,1.0,60.0,2.0,24,,150.0,300.0,,,,,,,,,,49.86,,,,,,48.0,,,,,,,,,,,,,,,31.5,,,,,
602.0,[51],G50,54.42,23.9,8.14,2.56,1.74,0.43,1.77,0.78,1.32,0.0,0.0,0.0,0.0,4.31,86.46,2.277,390.35,,1229.92,618.68,1848.6,0.211,0.335,,,,,115.46,11.80%,28.50%,60%,13.62,32.91,68.93,46.18,22.91,16.0,16.62,29.56,0.178,2.5,0.094,0.901,0.0,0.0,85.6,0.22,,,,,1.0,60.0,2.0,24,,150.0,300.0,,,,,,,,,,59.81,,,,,,58.0,,,,,,,,,,,,,,,33.7,,,,,
603.0,[52],8M Oven,47.6,21.4,7.8,11.9,1.8,0.7,0.82,2.8,1.88,0.0,0.0,0.0,0.0,3.3,76.8,2.224,550.0,2.24,838.0,600.0,1438.0,0.382,0.417,2.7,2.64,,,144.0,12.00%,30.00%,58%,17.28,43.2,83.52,95.0,23.56,8.0,64.6,30.4,0.153,1.516,0.074,1.058,0.0,0.0,148.1,0.27,,,,,1.0,65.0,0.0,24,100.0,,,,,,34.32,,,,,,,,,,,,26.0,,,,,,,,,,,,,,,,,,,,
604.0,[52],10M Oven,47.6,21.4,7.8,11.9,1.8,0.7,0.82,2.8,1.88,0.0,0.0,0.0,0.0,3.3,76.8,2.224,550.0,2.24,838.0,600.0,1438.0,0.382,0.417,2.7,2.64,,,144.0,12.00%,30.00%,58%,17.28,43.2,83.52,95.0,29.45,10.0,57.0,38.0,0.164,1.516,0.085,0.924,0.0,0.0,140.5,0.26,,,,,1.0,65.0,0.0,24,100.0,,,,,,35.41,,,,,,,,,,,,27.0,,,,,,,,,,,,,,,,,,,,
605.0,[52],12M Oven,47.6,21.4,7.8,11.9,1.8,0.7,0.82,2.8,1.88,0.0,0.0,0.0,0.0,3.3,76.8,2.224,550.0,2.24,838.0,600.0,1438.0,0.382,0.417,2.7,2.64,,,144.0,12.00%,30.00%,58%,17.28,43.2,83.52,95.0,35.34,12.0,49.4,45.6,0.174,1.516,0.096,0.821,0.0,0.0,132.9,0.24,,,,,1.0,65.0,0.0,24,100.0,,,,,,42.15,,,,,,,,,,,,32.0,,,,,,,,,,,,,,,,,,,,
606.0,[52],14M Oven,47.6,21.4,7.8,11.9,1.8,0.7,0.82,2.8,1.88,0.0,0.0,0.0,0.0,3.3,76.8,2.224,550.0,2.24,838.0,600.0,1438.0,0.382,0.417,2.7,2.64,,,144.0,12.00%,30.00%,58%,17.28,43.2,83.52,95.0,41.23,14.0,41.8,53.2,0.185,1.516,0.106,0.738,0.0,0.0,125.3,0.23,,,,,1.0,65.0,0.0,24,100.0,,,,,,40.5,,,,,,,,,,,,31.0,,,,,,,,,,,,,,,,,,,,
607.0,[52],8M Ambient,47.6,21.4,7.8,11.9,1.8,0.7,0.82,2.8,1.88,0.0,0.0,0.0,0.0,3.3,76.8,2.224,550.0,2.24,838.0,600.0,1438.0,0.382,0.417,2.7,2.64,,,144.0,12.00%,30.00%,58%,17.28,43.2,83.52,95.0,23.56,8.0,64.6,30.4,0.153,1.516,0.074,1.058,0.0,0.0,148.1,0.27,,,,,,25.0,,24,100.0,,,,,,35.4,,,,,,,,,,,,27.0,,,,,,,,,,,,,,,,,,,,
608.0,[52],10M Ambient,47.6,21.4,7.8,11.9,1.8,0.7,0.82,2.8,1.88,0.0,0.0,0.0,0.0,3.3,76.8,2.224,550.0,2.24,838.0,600.0,1438.0,0.382,0.417,2.7,2.64,,,144.0,12.00%,30.00%,58%,17.28,43.2,83.52,95.0,29.45,10.0,57.0,38.0,0.164,1.516,0.085,0.924,0.0,0.0,140.5,0.26,,,,,,25.0,,24,100.0,,,,,,36.9,,,,,,,,,,,,28.0,,,,,,,,,,,,,,,,,,,,
609.0,[52],12M Ambient,47.6,21.4,7.8,11.9,1.8,0.7,0.82,2.8,1.88,0.0,0.0,0.0,0.0,3.3,76.8,2.224,550.0,2.24,838.0,600.0,1438.0,0.382,0.417,2.7,2.64,,,144.0,12.00%,30.00%,58%,17.28,43.2,83.52,95.0,35.34,12.0,49.4,45.6,0.174,1.516,0.096,0.821,0.0,0.0,132.9,0.24,,,,,,25.0,,24,100.0,,,,,,41.7,,,,,,,,,,,,32.0,,,,,,,,,,,,,,,,,,,,
610.0,[52],14M Ambient,47.6,21.4,7.8,11.9,1.8,0.7,0.82,2.8,1.88,0.0,0.0,0.0,0.0,3.3,76.8,2.224,550.0,2.24,838.0,600.0,1438.0,0.382,0.417,2.7,2.64,,,144.0,12.00%,30.00%,58%,17.28,43.2,83.52,95.0,41.23,14.0,41.8,53.2,0.185,1.516,0.106,0.738,0.0,0.0,125.3,0.23,,,,,,25.0,,24,100.0,,,,,,38.5,,,,,,,,,,,,29.0,,,,,,,,,,,,,,,,,,,,
611.0,[53],T1,53.59,28.46,8.71,4.23,1.84,0.58,1.63,0.96,0.0,0.0,0.0,0.0,0.0,0.0,90.76,1.883,350.0,2.33,914.0,493.0,1406.767347,0.249,0.35,2.65,2.64,2.13,1.53,105.0,16.20%,34.72%,49%,17.01,36.46,51.53,52.5,24.41,15.0,21.0,31.5,0.223,2.0,0.118,0.88,0.0,7.0,76.7,0.22,,,,,1.0,70.0,0.0,24,150.0,,,,42.6,,,,,,,,,,,,34.0,,,,,,,,,,,,,,,,,,,,,,
612.0,[53],T2,53.59,28.46,8.71,4.23,1.84,0.58,1.63,0.96,0.0,0.0,0.0,0.0,0.0,0.0,90.76,1.883,350.0,2.33,990.0,534.0,1523.997959,0.23,0.35,2.65,2.64,2.13,1.53,128.3333333,16.20%,34.72%,49%,20.79,44.56,62.99,64.17,29.84,15.0,25.67,38.5,0.272,2.0,0.145,0.88,0.0,7.0,92.9,0.27,,,,,1.0,70.0,0.0,24,150.0,,,,43.7,,,,,,,,,,,,35.0,,,,,,,,,,,,,,,,,,,,,,
613.0,[53],T3,53.59,28.46,8.71,4.23,1.84,0.58,1.63,0.96,0.0,0.0,0.0,0.0,0.0,0.0,90.76,1.883,350.0,2.33,1066.0,575.0,1641.228571,0.213,0.35,2.65,2.64,2.13,1.53,151.6666667,16.20%,34.72%,49%,24.57,52.66,74.44,75.83,35.26,15.0,30.33,45.5,0.321,2.0,0.171,0.88,0.0,7.0,109.0,0.31,,,,,1.0,70.0,0.0,24,150.0,,,,43.5,,,,,,,,,,,,35.0,,,,,,,,,,,,,,,,,,,,,,
614.0,[53],T4,53.59,28.46,8.71,4.23,1.84,0.58,1.63,0.96,0.0,0.0,0.0,0.0,0.0,0.0,90.76,1.883,350.0,2.33,1143.0,616.0,1758.459184,0.199,0.35,2.65,2.64,2.13,1.53,175.0,16.20%,34.72%,49%,28.35,60.76,85.89,87.5,40.69,15.0,35.0,52.5,0.371,2.0,0.197,0.88,0.0,7.0,125.1,0.36,,,,,1.0,70.0,0.0,24,150.0,,,,42.9,,,,,,,,,,,,34.0,,,,,,,,,,,,,,,,,,,,,,
615.0,[53],T5,53.59,28.46,8.71,4.23,1.84,0.58,1.63,0.96,0.0,0.0,0.0,0.0,0.0,0.0,90.76,1.883,350.0,2.33,914.0,493.0,1406.767347,0.249,0.35,2.65,2.64,2.13,1.53,109.0384615,16.20%,34.72%,49%,17.66,37.86,53.52,48.46,22.53,15.0,19.38,29.08,0.223,2.25,0.115,0.942,0.0,7.0,77.1,0.22,,,,,1.0,70.0,0.0,24,150.0,,,,43.2,,,,,,,,,,,,35.0,,,,,,,,,,,,,,,,,,,,,,
616.0,[53],T6,53.59,28.46,8.71,4.23,1.84,0.58,1.63,0.96,0.0,0.0,0.0,0.0,0.0,0.0,90.76,1.883,350.0,2.33,990.0,534.0,1523.997959,0.23,0.35,2.65,2.64,2.13,1.53,133.2692308,16.20%,34.72%,49%,21.59,46.27,65.41,59.23,27.54,15.0,23.69,35.54,0.273,2.25,0.14,0.942,0.0,7.0,93.3,0.27,,,,,1.0,70.0,0.0,24,150.0,,,,43.6,,,,,,,,,,,,35.0,,,,,,,,,,,,,,,,,,,,,,
617.0,[53],T7,53.59,28.46,8.71,4.23,1.84,0.58,1.63,0.96,0.0,0.0,0.0,0.0,0.0,0.0,90.76,1.883,350.0,2.33,1066.0,575.0,1641.228571,0.213,0.35,2.65,2.64,2.13,1.53,157.5,16.20%,34.72%,49%,25.52,54.68,77.3,70.0,32.55,15.0,28.0,42.0,0.322,2.25,0.166,0.942,0.0,7.0,109.5,0.31,,,,,1.0,70.0,0.0,24,150.0,,,,44.5,,,,,,,,,,,,36.0,,,,,,,,,,,,,,,,,,,,,,
618.0,[53],T8,53.59,28.46,8.71,4.23,1.84,0.58,1.63,0.96,0.0,0.0,0.0,0.0,0.0,0.0,90.76,1.883,350.0,2.33,1143.0,616.0,1758.459184,0.199,0.35,2.65,2.64,2.13,1.53,181.7307692,16.20%,34.72%,49%,29.44,63.1,89.19,80.77,37.56,15.0,32.31,48.46,0.372,2.25,0.191,0.942,0.0,7.0,125.7,0.36,,,,,1.0,70.0,0.0,24,150.0,,,,43.8,,,,,,,,,,,,35.0,,,,,,,,,,,,,,,,,,,,,,
619.0,[53],T9,53.59,28.46,8.71,4.23,1.84,0.58,1.63,0.96,0.0,0.0,0.0,0.0,0.0,0.0,90.76,1.883,350.0,2.33,914.0,493.0,1406.767347,0.249,0.35,2.65,2.64,2.13,1.53,112.5,16.20%,34.72%,49%,18.23,39.06,55.22,45.0,20.93,15.0,18.0,27.0,0.223,2.5,0.112,0.998,0.0,7.0,77.4,0.22,,,,,1.0,70.0,0.0,24,150.0,,,,45.9,,,,,,,,,,,,37.0,,,,,,,,,,,,,,,,,,,,,,
620.0,[53],T10,53.59,28.46,8.71,4.23,1.84,0.58,1.63,0.96,0.0,0.0,0.0,0.0,0.0,0.0,90.76,1.883,350.0,2.33,990.0,534.0,1523.997959,0.23,0.35,2.65,2.64,2.13,1.53,137.5,16.20%,34.72%,49%,22.28,47.74,67.49,55.0,25.58,15.0,22.0,33.0,0.273,2.5,0.137,0.998,0.0,7.0,93.7,0.27,,,,,1.0,70.0,0.0,24,150.0,,,,46.3,,,,,,,,,,,,37.0,,,,,,,,,,,,,,,,,,,,,,
621.0,[53],T11,53.59,28.46,8.71,4.23,1.84,0.58,1.63,0.96,0.0,0.0,0.0,0.0,0.0,0.0,90.76,1.883,350.0,2.33,1066.0,575.0,1641.228571,0.213,0.35,2.65,2.64,2.13,1.53,162.5,16.20%,34.72%,49%,26.33,56.42,79.76,65.0,30.23,15.0,26.0,39.0,0.323,2.5,0.162,0.998,0.0,7.0,110.0,0.31,,,,,1.0,70.0,0.0,24,150.0,,,,47.4,,,,,,,,,,,,38.0,,,,,,,,,,,,,,,,,,,,,,
622.0,[53],T12,53.59,28.46,8.71,4.23,1.84,0.58,1.63,0.96,0.0,0.0,0.0,0.0,0.0,0.0,90.76,1.883,350.0,2.33,1143.0,616.0,1758.459184,0.199,0.35,2.65,2.64,2.13,1.53,187.5,16.20%,34.72%,49%,30.38,65.1,92.03,75.0,34.88,15.0,30.0,45.0,0.372,2.5,0.186,0.998,0.0,7.0,126.2,0.36,,,,,1.0,70.0,0.0,24,150.0,,,,46.8,,,,,,,,,,,,37.0,,,,,,,,,,,,,,,,,,,,,,
623.0,[53],T13,53.59,28.46,8.71,4.23,1.84,0.58,1.63,0.96,0.0,0.0,0.0,0.0,0.0,0.0,90.76,1.883,350.0,2.33,914.0,493.0,1406.767347,0.249,0.35,2.65,2.64,2.13,1.53,115.5,16.20%,34.72%,49%,18.71,40.1,56.69,42.0,19.53,15.0,16.8,25.2,0.224,2.75,0.109,1.049,0.0,7.0,77.7,0.22,,,,,1.0,70.0,0.0,24,150.0,,,,44.9,,,,,,,,,,,,36.0,,,,,,,,,,,,,,,,,,,,,,
624.0,[53],T14,53.59,28.46,8.71,4.23,1.84,0.58,1.63,0.96,0.0,0.0,0.0,0.0,0.0,0.0,90.76,1.883,350.0,2.33,990.0,534.0,1523.997959,0.23,0.35,2.65,2.64,2.13,1.53,141.1666667,16.20%,34.72%,49%,22.87,49.01,69.28,51.33,23.87,15.0,20.53,30.8,0.274,2.75,0.134,1.049,0.0,7.0,94.0,0.27,,,,,1.0,70.0,0.0,24,150.0,,,,45.7,,,,,,,,,,,,37.0,,,,,,,,,,,,,,,,,,,,,,
625.0,[53],T15,53.59,28.46,8.71,4.23,1.84,0.58,1.63,0.96,0.0,0.0,0.0,0.0,0.0,0.0,90.76,1.883,350.0,2.33,1066.0,575.0,1641.228571,0.213,0.35,2.65,2.64,2.13,1.53,166.8333333,16.20%,34.72%,49%,27.03,57.92,81.88,60.67,28.21,15.0,24.27,36.4,0.323,2.75,0.158,1.049,0.0,7.0,110.3,0.32,,,,,1.0,70.0,0.0,24,150.0,,,,46.3,,,,,,,,,,,,37.0,,,,,,,,,,,,,,,,,,,,,,
626.0,[53],T16,53.59,28.46,8.71,4.23,1.84,0.58,1.63,0.96,0.0,0.0,0.0,0.0,0.0,0.0,90.76,1.883,350.0,2.33,1143.0,616.0,1758.459184,0.199,0.35,2.65,2.64,2.13,1.53,192.5,16.20%,34.72%,49%,31.19,66.84,94.48,70.0,32.55,15.0,28.0,42.0,0.373,2.75,0.182,1.049,0.0,7.0,126.7,0.36,,,,,1.0,70.0,0.0,24,150.0,,,,45.3,,,,,,,,,,,,36.0,,,,,,,,,,,,,,,,,,,,,,
627.0,[53],T17,53.59,28.46,8.71,4.23,1.84,0.58,1.63,0.96,0.0,0.0,0.0,0.0,0.0,0.0,90.76,1.883,350.0,2.33,1066.4,574.8285714,1641.228571,0.213,0.35,2.65,2.64,2.13,1.53,137.5,16.20%,34.72%,49%,22.28,47.74,67.49,55.0,8.53,5.0,44.0,11.0,0.224,2.5,0.088,1.55,0.0,7.0,115.7,0.33,,,,,1.0,60.0,0.0,24,150.0,,,,42.3,,,,,,,,,,,,34.0,,,,,,,,,,,,,,,,,,,,,,
628.0,[53],T18,53.59,28.46,8.71,4.23,1.84,0.58,1.63,0.96,0.0,0.0,0.0,0.0,0.0,0.0,90.76,1.883,350.0,2.33,1066.4,574.8285714,1641.228571,0.213,0.35,2.65,2.64,2.13,1.53,137.5,16.20%,34.72%,49%,22.28,47.74,67.49,55.0,8.53,5.0,44.0,11.0,0.224,2.5,0.088,1.55,0.0,7.0,115.7,0.33,,,,,1.0,70.0,0.0,24,150.0,,,,42.8,,,,,,,,,,,,34.0,,,,,,,,,,,,,,,,,,,,,,
629.0,[53],T19,53.59,28.46,8.71,4.23,1.84,0.58,1.63,0.96,0.0,0.0,0.0,0.0,0.0,0.0,90.76,1.883,350.0,2.33,1066.4,574.8285714,1641.228571,0.213,0.35,2.65,2.64,2.13,1.53,137.5,16.20%,34.72%,49%,22.28,47.74,67.49,55.0,8.53,5.0,44.0,11.0,0.224,2.5,0.088,1.55,0.0,7.0,115.7,0.33,,,,,1.0,80.0,0.0,24,150.0,,,,43.7,,,,,,,,,,,,35.0,,,,,,,,,,,,,,,,,,,,,,
630.0,[53],T20,53.59,28.46,8.71,4.23,1.84,0.58,1.63,0.96,0.0,0.0,0.0,0.0,0.0,0.0,90.76,1.883,350.0,2.33,1066.4,574.8285714,1641.228571,0.213,0.35,2.65,2.64,2.13,1.53,137.5,16.20%,34.72%,49%,22.28,47.74,67.49,55.0,8.53,5.0,44.0,11.0,0.224,2.5,0.088,1.55,0.0,7.0,115.7,0.33,,,,,1.0,90.0,0.0,24,150.0,,,,43.3,,,,,,,,,,,,35.0,,,,,,,,,,,,,,,,,,,,,,
631.0,[53],T21,53.59,28.46,8.71,4.23,1.84,0.58,1.63,0.96,0.0,0.0,0.0,0.0,0.0,0.0,90.76,1.883,350.0,2.33,1066.4,574.8285714,1641.228571,0.213,0.35,2.65,2.64,2.13,1.53,137.5,16.20%,34.72%,49%,22.28,47.74,67.49,55.0,17.05,10.0,33.0,22.0,0.249,2.5,0.112,1.214,0.0,7.0,104.7,0.3,,,,,1.0,60.0,0.0,24,150.0,,,,46.8,,,,,,,,,,,,37.0,,,,,,,,,,,,,,,,,,,,,,
632.0,[53],T22,53.59,28.46,8.71,4.23,1.84,0.58,1.63,0.96,0.0,0.0,0.0,0.0,0.0,0.0,90.76,1.883,350.0,2.33,1066.4,574.8285714,1641.228571,0.213,0.35,2.65,2.64,2.13,1.53,137.5,16.20%,34.72%,49%,22.28,47.74,67.49,55.0,17.05,10.0,33.0,22.0,0.249,2.5,0.112,1.214,0.0,7.0,104.7,0.3,,,,,1.0,70.0,0.0,24,150.0,,,,47.7,,,,,,,,,,,,40.0,,,,,,,,,,,,,,,,,,,,,,
633.0,[53],T23,53.59,28.46,8.71,4.23,1.84,0.58,1.63,0.96,0.0,0.0,0.0,0.0,0.0,0.0,90.76,1.883,350.0,2.33,1066.4,574.8285714,1641.228571,0.213,0.35,2.65,2.64,2.13,1.53,137.5,16.20%,34.72%,49%,22.28,47.74,67.49,55.0,17.05,10.0,33.0,22.0,0.249,2.5,0.112,1.214,0.0,7.0,104.7,0.3,,,,,1.0,80.0,0.0,24,150.0,,,,48.8,,,,,,,,,,,,41.0,,,,,,,,,,,,,,,,,,,,,,
634.0,[53],T24,53.59,28.46,8.71,4.23,1.84,0.58,1.63,0.96,0.0,0.0,0.0,0.0,0.0,0.0,90.76,1.883,350.0,2.33,1066.4,574.8285714,1641.228571,0.213,0.35,2.65,2.64,2.13,1.53,137.5,16.20%,34.72%,49%,22.28,47.74,67.49,55.0,17.05,10.0,33.0,22.0,0.249,2.5,0.112,1.214,0.0,7.0,104.7,0.3,,,,,1.0,90.0,0.0,24,150.0,,,,48.4,,,,,,,,,,,,40.0,,,,,,,,,,,,,,,,,,,,,,
635.0,[53],T25,53.59,28.46,8.71,4.23,1.84,0.58,1.63,0.96,0.0,0.0,0.0,0.0,0.0,0.0,90.76,1.883,350.0,2.33,1066.4,574.8285714,1641.228571,0.213,0.35,2.65,2.64,2.13,1.53,137.5,16.20%,34.72%,49%,22.28,47.74,67.49,55.0,25.58,15.0,22.0,33.0,0.273,2.5,0.137,0.998,0.0,7.0,93.7,0.27,,,,,1.0,60.0,0.0,24,150.0,,,,46.5,,,,,,,,,,,,37.0,,,,,,,,,,,,,,,,,,,,,,
636.0,[53],T26,53.59,28.46,8.71,4.23,1.84,0.58,1.63,0.96,0.0,0.0,0.0,0.0,0.0,0.0,90.76,1.883,350.0,2.33,1066.4,574.8285714,1641.228571,0.213,0.35,2.65,2.64,2.13,1.53,137.5,16.20%,34.72%,49%,22.28,47.74,67.49,55.0,25.58,15.0,22.0,33.0,0.273,2.5,0.137,0.998,0.0,7.0,93.7,0.27,,,,,1.0,70.0,0.0,24,150.0,,,,47.0,,,,,,,,,,,,38.0,,,,,,,,,,,,,,,,,,,,,,
637.0,[53],T27,53.59,28.46,8.71,4.23,1.84,0.58,1.63,0.96,0.0,0.0,0.0,0.0,0.0,0.0,90.76,1.883,350.0,2.33,1066.4,574.8285714,1641.228571,0.213,0.35,2.65,2.64,2.13,1.53,137.5,16.20%,34.72%,49%,22.28,47.74,67.49,55.0,25.58,15.0,22.0,33.0,0.273,2.5,0.137,0.998,0.0,7.0,93.7,0.27,,,,,1.0,80.0,0.0,24,150.0,,,,47.4,,,,,,,,,,,,38.0,,,,,,,,,,,,,,,,,,,,,,
638.0,[53],T28,53.59,28.46,8.71,4.23,1.84,0.58,1.63,0.96,0.0,0.0,0.0,0.0,0.0,0.0,90.76,1.883,350.0,2.33,1066.4,574.8285714,1641.228571,0.213,0.35,2.65,2.64,2.13,1.53,137.5,16.20%,34.72%,49%,22.28,47.74,67.49,55.0,25.58,15.0,22.0,33.0,0.273,2.5,0.137,0.998,0.0,7.0,93.7,0.27,,,,,1.0,90.0,0.0,24,150.0,,,,46.9,,,,,,,,,,,,38.0,,,,,,,,,,,,,,,,,,,,,,
639.0,[53],T29,53.59,28.46,8.71,4.23,1.84,0.58,1.63,0.96,0.0,0.0,0.0,0.0,0.0,0.0,90.76,1.883,350.0,2.33,1066.4,574.8285714,1641.228571,0.213,0.35,2.65,2.64,2.13,1.53,137.5,16.20%,34.72%,49%,22.28,47.74,67.49,55.0,34.1,20.0,11.0,44.0,0.297,2.5,0.161,0.847,0.0,7.0,82.7,0.24,,,,,1.0,60.0,0.0,24,150.0,,,,44.7,,,,,,,,,,,,36.0,,,,,,,,,,,,,,,,,,,,,,
640.0,[53],T30,53.59,28.46,8.71,4.23,1.84,0.58,1.63,0.96,0.0,0.0,0.0,0.0,0.0,0.0,90.76,1.883,350.0,2.33,1066.4,574.8285714,1641.228571,0.213,0.35,2.65,2.64,2.13,1.53,137.5,16.20%,34.72%,49%,22.28,47.74,67.49,55.0,34.1,20.0,11.0,44.0,0.297,2.5,0.161,0.847,0.0,7.0,82.7,0.24,,,,,1.0,70.0,0.0,24,150.0,,,,45.1,,,,,,,,,,,,36.0,,,,,,,,,,,,,,,,,,,,,,
641.0,[53],T31,53.59,28.46,8.71,4.23,1.84,0.58,1.63,0.96,0.0,0.0,0.0,0.0,0.0,0.0,90.76,1.883,350.0,2.33,1066.4,574.8285714,1641.228571,0.213,0.35,2.65,2.64,2.13,1.53,137.5,16.20%,34.72%,49%,22.28,47.74,67.49,55.0,34.1,20.0,11.0,44.0,0.297,2.5,0.161,0.847,0.0,7.0,82.7,0.24,,,,,1.0,80.0,0.0,24,150.0,,,,45.3,,,,,,,,,,,,36.0,,,,,,,,,,,,,,,,,,,,,,
642.0,[53],T32,53.59,28.46,8.71,4.23,1.84,0.58,1.63,0.96,0.0,0.0,0.0,0.0,0.0,0.0,90.76,1.883,350.0,2.33,1066.4,574.8285714,1641.228571,0.213,0.35,2.65,2.64,2.13,1.53,137.5,16.20%,34.72%,49%,22.28,47.74,67.49,55.0,34.1,20.0,11.0,44.0,0.297,2.5,0.161,0.847,0.0,7.0,82.7,0.24,,,,,1.0,90.0,0.0,24,150.0,,,,44.9,,,,,,,,,,,,36.0,,,,,,,,,,,,,,,,,,,,,,
643.0,[53],3rd GROUP 1,53.59,28.46,8.71,4.23,1.84,0.58,1.63,0.96,0.0,0.0,0.0,0.0,0.0,0.0,90.76,1.883,280.0,2.33,1204.0,649.0,1853.0,0.151,0.35,2.65,2.64,2.13,1.53,110.0,16.20%,34.72%,49%,17.82,38.19,53.99,44.0,13.64,10.0,26.4,17.6,0.249,2.5,0.112,1.214,0.0,5.6,83.7,0.3,,,,,1.0,80.0,0.0,24,150.0,,,,39.1,,,,,,,,,,,,31.0,,,,,,,,,,,,,,,,,,,,,,
644.0,[53],3rd GROUP 2,53.59,28.46,8.71,4.23,1.84,0.58,1.63,0.96,0.0,0.0,0.0,0.0,0.0,0.0,90.76,1.883,290.0,2.33,1204.0,649.0,1853.0,0.157,0.35,2.65,2.64,2.13,1.53,114.0,16.20%,34.72%,49%,18.47,39.58,55.95,46.0,14.26,10.0,27.6,18.4,0.249,2.478,0.113,1.209,0.0,5.8,87.0,0.3,,,,,1.0,80.0,0.0,24,150.0,,,,39.7,,,,,,,,,,,,32.0,,,,,,,,,,,,,,,,,,,,,,
645.0,[53],3rd GROUP 3,53.59,28.46,8.71,4.23,1.84,0.58,1.63,0.96,0.0,0.0,0.0,0.0,0.0,0.0,90.76,1.883,300.0,2.33,1204.0,649.0,1853.0,0.162,0.35,2.65,2.64,2.13,1.53,118.0,16.20%,34.72%,49%,19.12,40.97,57.91,47.0,14.57,10.0,28.2,18.8,0.249,2.511,0.112,1.216,0.0,6.0,89.7,0.3,,,,,1.0,80.0,0.0,24,150.0,,,,40.2,,,,,,,,,,,,32.0,,,,,,,,,,,,,,,,,,,,,,
646.0,[53],3rd GROUP 4,53.59,28.46,8.71,4.23,1.84,0.58,1.63,0.96,0.0,0.0,0.0,0.0,0.0,0.0,90.76,1.883,310.0,2.33,1204.0,649.0,1853.0,0.167,0.35,2.65,2.64,2.13,1.53,122.0,16.20%,34.72%,49%,19.76,42.36,59.88,49.0,15.19,10.0,29.4,19.6,0.249,2.49,0.113,1.212,0.0,6.2,93.0,0.3,,,,,1.0,80.0,0.0,24,150.0,,,,41.1,,,,,,,,,,,,33.0,,,,,,,,,,,,,,,,,,,,,,
647.0,[53],F100C0,53.59,28.46,8.71,4.23,1.84,0.58,1.63,0.96,0.0,0.0,0.0,0.0,0.0,0.0,90.76,1.883,310.0,2.33,1204.0,649.0,1853.0,0.167,0.35,2.65,2.64,2.13,1.53,122.0,16.20%,34.72%,49%,19.79,42.41,59.95,48.86,15.15,10.0,29.31,19.54,0.25,2.497,0.113,1.214,0.0,6.2,93.0,0.3,80.0,,,,1.0,80.0,0.0,24,150.0,,,,41.405,43.3884,44.876,45.6198,,,,,,,,,33.0,35.0,36.0,36.0,,,,,,,,,,,,,,,,,14.867,12.9153,11.1892
648.0,[53],F100C0,53.59,28.46,8.71,4.23,1.84,0.58,1.63,0.96,0.0,0.0,0.0,0.0,0.0,0.0,90.76,1.883,310.0,2.33,1204.0,649.0,1853.0,0.167,0.35,2.65,2.64,2.13,1.53,122.0,16.20%,34.72%,49%,19.79,42.41,59.95,48.86,15.15,10.0,29.31,19.54,0.25,2.497,0.113,1.214,0.0,6.2,93.0,0.3,80.0,,,,1.0,80.0,0.0,24,,150.0,300.0,,,,,,,,,,,,,,,,,,,4.21,4.39,4.55,4.69,4.76,4.21,4.39,4.55,4.69,4.76,,,,,,14.867,12.9153,11.1892
649.0,[54],G100C0,53.01,27.89,8.71,4.23,1.84,0.58,1.63,0.96,0.0,0.0,0.0,0.0,0.0,1.15,89.61,1.901,310.0,2.33,1204.0,649.0,1853.0,0.167,0.35,2.7,2.54,,,114.0,16.20%,34.72%,49%,18.47,39.58,55.95,57.0,17.67,10.0,34.2,22.8,0.244,2.0,0.117,1.095,0.0,6.2,93.9,0.3,,,,,1.0,80.0,,24,150.0,,,,,,,,47.0,,,,,,,,,,,,39.0,,,,,,,,,,,,,,,,14.9,13.0,11.2
650.0,[55],A35 S00,53.71,27.2,11.7,1.9,0.0,0.36,0.54,0.3,1.62,0.71,0.0,0.0,0.0,0.68,92.61,1.975,400.0,,1218.0,655.9,1873.9,0.213,0.35,,,,,100.0,11.50%,30.00%,59%,11.5,30.0,58.5,40.0,17.36,14.0,17.6,22.4,0.147,2.5,0.072,1.04,0.0,6.0,79.7,0.2,,,,,,25.0,,24,,100.0,200.0,,,,,,,,,,32.5,41.1,,,,,32.0,40.0,,,,,,,,,,,,,,19.8,22.8,,,,
651.0,[56],A40 S00,53.71,27.2,11.7,1.9,0.0,0.36,0.54,0.3,1.62,0.71,0.0,0.0,0.0,0.68,92.61,1.975,400.0,,1209.0,651.0,1860.0,0.215,0.35,,,,,114.3,11.50%,30.00%,59%,13.14,34.29,66.87,45.7,19.83,14.0,20.11,25.59,0.168,2.501,0.082,1.04,0.0,0.0,87.0,0.22,,,,,,25.0,,24,,100.0,200.0,,,,,,,,,,25.6,33.4,,,,,25.0,32.0,,,,,,,,,,,,,,17.4,20.0,,,,
652.0,[57],Ms1,58.0,27.5,5.0,3.6,1.91,2.0,0.0,1.8,0.0,0.0,0.0,0.0,0.0,0.0,90.5,2.109,420.0,2.22,1061.0,710.0,1771.0,0.237,0.401,2.83,2.64,,,168.0,15.90%,31.40%,53%,26.71,52.75,88.54,67.2,33.33,16.0,24.19,43.01,0.269,2.5,0.143,0.879,12.6,0.0,125.3,0.3,,,,,1.0,60.0,0.0,24,,100.0,300.0,,,,,,,,,,25.0,,,,,,24.0,,,,,,,,,,,,,,,19.677,,,,,
653.0,[57],Ms2,58.0,27.5,5.0,3.6,1.91,2.0,0.0,1.8,0.0,0.0,0.0,0.0,0.0,0.0,90.5,2.109,500.0,2.22,928.5,621.85,1550.35,0.323,0.401,2.83,2.64,,,217.85,15.90%,31.40%,53%,34.64,68.4,114.81,87.14,43.22,16.0,31.37,55.77,0.293,2.5,0.156,0.878,15.0,0.0,161.2,0.32,,,,,1.0,60.0,0.0,24,,100.0,300.0,,,,,,,,,,29.0,,,,,,28.0,,,,,,,,,,,,,,,22.0,,,,,
654.0,[57],Ms3,58.0,27.5,5.0,3.6,1.91,2.0,0.0,1.8,0.0,0.0,0.0,0.0,0.0,0.0,90.5,2.109,550.0,2.22,800.0,535.75,1335.75,0.412,0.401,2.83,2.64,,,239.64,15.90%,31.40%,53%,38.1,75.25,126.29,95.85,47.54,16.0,34.51,61.34,0.293,2.5,0.156,0.879,16.5,0.0,177.3,0.32,,,,,1.0,60.0,0.0,24,,100.0,300.0,,,,,,,,,,37.0,,,,,,36.0,,,,,,,,,,,,,,,24.099,,,,,
655.0,[57],Ms4,58.0,27.5,5.0,3.6,1.91,2.0,0.0,1.8,0.0,0.0,0.0,0.0,0.0,0.0,90.5,2.109,640.0,2.22,773.0,434.8,1207.8,0.53,0.36,2.83,2.64,,,274.28,15.90%,31.40%,53%,43.61,86.12,144.55,109.7,54.41,16.0,39.49,70.21,0.288,2.5,0.153,0.879,12.8,0.0,196.8,0.31,,,,,1.0,60.0,0.0,24,,100.0,300.0,,,,,,,,,,39.0,,,,,,38.0,,,,,,,,,,,,,,,26.03,,,,,
656.0,[58],10C1,46.78,22.52,9.15,2.24,1.33,0.89,4.09,0.9,1.05,0.17,0.0,0.0,0.05,3.57,78.45,2.077,391.0,2.42,1111.0,721.0,1832.0,0.213,0.394,2.7,2.6,,,92.0,12.80%,25.50%,62%,11.78,23.46,56.76,75.0,17.44,7.5,52.5,22.5,0.135,1.227,0.075,0.803,0.0,0.0,109.3,0.28,16.7432,,,,28.0,70.0,,65,100.0,,,11.4587,,22.5717,21.829,,,,,,,,,9.0,,17.0,17.0,,,,,,,,,,,,,,,,,,,,
657.0,[58],10C2,46.78,22.52,9.15,2.24,1.33,0.89,4.09,0.9,1.05,0.17,0.0,0.0,0.05,3.57,78.45,2.077,380.0,2.42,1111.0,721.0,1832.0,0.207,0.394,2.7,2.6,,,89.0,12.80%,25.50%,62%,11.39,22.7,54.91,73.0,16.97,7.5,51.1,21.9,0.134,1.219,0.075,0.8,0.0,0.0,106.0,0.28,143.7185,,,,28.0,70.0,,65,100.0,,,11.0445,,15.4909,16.6001,,,,,,,,,8.0,,12.0,13.0,,,,,,,,,,,,,,,,,,,,
658.0,[58],10C3,46.78,22.52,9.15,2.24,1.33,0.89,4.09,0.9,1.05,0.17,0.0,0.0,0.05,3.57,78.45,2.077,371.0,2.42,1111.0,721.0,1832.0,0.203,0.394,2.7,2.6,,,87.0,12.80%,25.50%,62%,11.14,22.19,53.68,72.0,16.74,7.5,50.4,21.6,0.135,1.208,0.075,0.796,0.0,0.0,104.1,0.28,164.216,,,,28.0,70.0,,65,100.0,,,8.40817,,12.8526,12.4803,,,,,,,,,6.0,,10.0,10.0,,,,,,,,,,,,,,,,,,,,
659.0,[58],10C4,46.78,22.52,9.15,2.24,1.33,0.89,4.09,0.9,1.05,0.17,0.0,0.0,0.05,3.57,78.45,2.077,367.0,2.42,1145.0,742.0,1887.0,0.194,0.393,2.7,2.6,,,86.0,12.80%,25.50%,62%,11.01,21.93,53.06,71.0,16.51,7.5,49.7,21.3,0.135,1.211,0.075,0.797,0.0,0.0,102.8,0.28,3.77142,,,,28.0,70.0,,65,100.0,,,13.308,,21.0857,18.8635,,,,,,,,,10.0,,16.0,14.0,,,,,,,,,,,,,,,,,,,,
660.0,[58],10C5,46.78,22.52,9.15,2.24,1.33,0.89,4.09,0.9,1.05,0.17,0.0,0.0,0.05,3.57,78.45,2.077,357.0,2.42,1145.0,742.0,1887.0,0.189,0.393,2.7,2.6,,,84.0,12.80%,25.50%,62%,10.75,21.42,51.83,69.0,16.04,7.5,48.3,20.7,0.135,1.217,0.075,0.799,0.0,0.0,100.1,0.28,38.1661,,,,28.0,70.0,,65,100.0,,,10.6697,,14.7438,16.2253,,,,,,,,,8.0,,11.0,12.0,,,,,,,,,,,,,,,,,,,,
661.0,[58],10C6,46.78,22.52,9.15,2.24,1.33,0.89,4.09,0.9,1.05,0.17,0.0,0.0,0.05,3.57,78.45,2.077,348.0,2.42,1145.0,742.0,1887.0,0.184,0.393,2.7,2.6,,,82.0,12.80%,25.50%,62%,10.5,20.91,50.59,67.0,15.58,7.5,46.9,20.1,0.135,1.224,0.075,0.802,0.0,0.0,97.5,0.28,70.706,,,,28.0,70.0,,65,100.0,,,7.65918,,13.2147,11.7314,,,,,,,,,6.0,,10.0,9.0,,,,,,,,,,,,,,,,,,,,
662.0,[58],10C7,46.78,22.52,9.15,2.24,1.33,0.89,4.09,0.9,1.05,0.17,0.0,0.0,0.05,3.57,78.45,2.077,355.0,2.42,1160.0,753.0,1913.0,0.186,0.394,2.7,2.6,,,84.0,12.80%,25.50%,62%,10.75,21.42,51.83,69.0,16.04,7.5,48.3,20.7,0.136,1.217,0.075,0.799,0.0,0.0,100.1,0.28,3.77731,,,,28.0,70.0,,65,100.0,,,12.9217,,18.8496,20.3272,,,,,,,,,10.0,,14.0,15.0,,,,,,,,,,,,,,,,,,,,
663.0,[58],10C8,46.78,22.52,9.15,2.24,1.33,0.89,4.09,0.9,1.05,0.17,0.0,0.0,0.05,3.57,78.45,2.077,346.0,2.42,1160.0,753.0,1913.0,0.181,0.394,2.7,2.6,,,81.0,12.80%,25.50%,62%,10.37,20.66,49.98,67.0,15.58,7.5,46.9,20.1,0.135,1.209,0.075,0.796,0.0,0.0,96.9,0.28,15.9409,,,,28.0,70.0,,65,100.0,,,9.54465,,15.0983,16.5798,,,,,,,,,7.0,,12.0,13.0,,,,,,,,,,,,,,,,,,,,
664.0,[58],10C9,46.78,22.52,9.15,2.24,1.33,0.89,4.09,0.9,1.05,0.17,0.0,0.0,0.05,3.57,78.45,2.077,337.0,2.42,1160.0,753.0,1913.0,0.176,0.394,2.7,2.6,,,79.0,12.80%,25.50%,62%,10.11,20.15,48.74,65.0,15.11,7.5,45.5,19.5,0.135,1.215,0.075,0.799,0.0,0.0,94.2,0.28,31.8171,,,,28.0,70.0,,65,100.0,,,8.01941,,13.2046,10.2397,,,,,,,,,6.0,,10.0,8.0,,,,,,,,,,,,,,,,,,,,
665.0,[59],M20,60.54,26.2,5.87,1.91,0.38,0.51,0.51,0.23,0.0,0.0,0.0,0.0,0.0,2.0,92.61,2.311,327.0,2.32,1248.0,672.0,1920.0,0.17,0.35,2.63,2.78,,,108.67,14.70%,29.40%,56%,15.97,31.95,60.75,54.33,13.47,8.0,36.94,17.39,0.188,2.0,0.09,1.085,22.0,0.0,119.7,0.37,100.0,,,,1.0,60.0,1.0,24,100.0,,,,,,31.3,,,,,,,,,,,,24.0,,,,,,,,,,,,,,,,,,,,
666.0,[59],M40,60.54,26.2,5.87,1.91,0.38,0.51,0.51,0.23,0.0,0.0,0.0,0.0,0.0,2.0,92.61,2.311,394.3,2.32,1201.2,646.8,1848.0,0.213,0.35,2.63,2.78,,,112.64,14.70%,29.40%,56%,16.56,33.12,62.97,45.06,22.35,16.0,16.22,28.84,0.183,2.5,0.099,0.851,0.0,6.0,82.8,0.21,50.0,,,,1.0,60.0,1.0,24,100.0,,,,,,50.65,,,,,,,,,,,,39.0,,,,,,,,,,,,,,,,,,,,
667.0,[59],M60,60.54,26.2,5.87,1.91,0.38,0.51,0.51,0.23,0.0,0.0,0.0,0.0,0.0,2.0,92.61,2.311,408.9,2.32,1294.0,554.0,1848.0,0.221,0.3,2.63,2.78,,,102.22,14.70%,29.40%,56%,15.03,30.05,57.14,40.89,20.28,16.0,14.72,26.17,0.16,2.5,0.086,0.851,0.0,6.0,75.5,0.18,50.0,,,,1.0,60.0,1.0,24,100.0,,,,,,71.07,,,,,,,,,,,,54.0,,,,,,,,,,,,,,,,,,,,
668.0,[60],Mix-1,56.31,31.82,4.77,2.33,1.09,0.042,0.013,0.16,2.01,0.0,0.0,0.0,0.0,0.0,92.9,1.77,580.0,2.18,1051.0,566.0,1617.0,0.359,0.35,2.62,2.56,,,145.0,14.00%,31.00%,55%,20.3,44.95,79.75,58.0,21.58,12.0,30.16,27.84,0.15,2.5,0.072,1.073,0.0,0.0,109.9,0.19,,,,,1.0,24.0,1.0,24,150.0,,,,,26.3,,,,,,,,,,,,21.0,,,,,,,,,,,,,,,,,,,,,
669.0,[60],Mix-2,56.31,31.82,4.77,2.33,1.09,0.042,0.013,0.16,2.01,0.0,0.0,0.0,0.0,0.0,92.9,1.77,580.0,2.18,1051.0,566.0,1617.0,0.359,0.35,2.62,2.56,,,145.0,14.00%,31.00%,55%,20.3,44.95,79.75,58.0,25.17,14.0,25.52,32.48,0.156,2.5,0.078,0.989,0.0,0.0,105.3,0.18,,,,,1.0,24.0,1.0,24,150.0,,,,,31.2,,,,,,,,,,,,25.0,,,,,,,,,,,,,,,,,,,,,
670.0,[60],Mix-3,56.31,31.82,4.77,2.33,1.09,0.042,0.013,0.16,2.01,0.0,0.0,0.0,0.0,0.0,92.9,1.77,580.0,2.18,1051.0,566.0,1617.0,0.359,0.35,2.62,2.56,,,145.0,14.00%,31.00%,55%,20.3,44.95,79.75,58.0,28.77,16.0,20.88,37.12,0.162,2.5,0.085,0.916,0.0,0.0,100.6,0.17,,,,,1.0,24.0,1.0,24,150.0,,,,,34.8,,,,,,,,,,,,28.0,,,,,,,,,,,,,,,,,,,,,
671.0,[60],Mix-4,56.31,31.82,4.77,2.33,1.09,0.042,0.013,0.16,2.01,0.0,0.0,0.0,0.0,0.0,92.9,1.77,580.0,2.18,1051.0,566.0,1617.0,0.359,0.35,2.62,2.56,,,145.0,14.00%,31.00%,55%,20.3,44.95,79.75,58.0,32.36,18.0,16.24,41.76,0.168,2.5,0.091,0.854,0.0,0.0,96.0,0.17,,,,,1.0,24.0,1.0,24,150.0,,,,,33.9,,,,,,,,,,,,27.0,,,,,,,,,,,,,,,,,,,,,
672.0,[60],Mix-5,56.31,31.82,4.77,2.33,1.09,0.042,0.013,0.16,2.01,0.0,0.0,0.0,0.0,0.0,92.9,1.77,580.0,2.18,1032.0,556.0,1588.0,0.365,0.35,2.62,2.56,,,165.71,14.00%,31.00%,55%,23.2,51.37,91.14,66.28,24.66,12.0,34.47,31.81,0.171,2.5,0.083,1.073,0.0,0.0,125.6,0.22,,,,,1.0,24.0,1.0,24,150.0,,,,,32.1,,,,,,,,,,,,26.0,,,,,,,,,,,,,,,,,,,,,
673.0,[60],Mix-6,56.31,31.82,4.77,2.33,1.09,0.042,0.013,0.16,2.01,0.0,0.0,0.0,0.0,0.0,92.9,1.77,580.0,2.18,1032.0,556.0,1588.0,0.365,0.35,2.62,2.56,,,165.71,14.00%,31.00%,55%,23.2,51.37,91.14,66.28,28.77,14.0,29.16,37.12,0.178,2.5,0.09,0.989,0.0,0.0,120.3,0.21,,,,,1.0,24.0,1.0,24,150.0,,,,,36.7,,,,,,,,,,,,29.0,,,,,,,,,,,,,,,,,,,,,
674.0,[60],Mix-7,56.31,31.82,4.77,2.33,1.09,0.042,0.013,0.16,2.01,0.0,0.0,0.0,0.0,0.0,92.9,1.77,580.0,2.18,1032.0,556.0,1588.0,0.365,0.35,2.62,2.56,,,165.71,14.00%,31.00%,55%,23.2,51.37,91.14,66.28,32.87,16.0,23.86,42.42,0.185,2.5,0.097,0.916,0.0,0.0,115.0,0.2,,,,,1.0,24.0,1.0,24,150.0,,,,,40.3,,,,,,,,,,,,32.0,,,,,,,,,,,,,,,,,,,,,
675.0,[60],Mix-8,56.31,31.82,4.77,2.33,1.09,0.042,0.013,0.16,2.01,0.0,0.0,0.0,0.0,0.0,92.9,1.77,580.0,2.18,1032.0,556.0,1588.0,0.365,0.35,2.62,2.56,,,165.71,14.00%,31.00%,55%,23.2,51.37,91.14,66.28,36.98,18.0,18.56,47.72,0.192,2.5,0.104,0.854,0.0,0.0,109.7,0.19,,,,,1.0,24.0,1.0,24,150.0,,,,,40.8,,,,,,,,,,,,33.0,,,,,,,,,,,,,,,,,,,,,
676.0,[60],Mix-9,56.31,31.82,4.77,2.33,1.09,0.042,0.013,0.16,2.01,0.0,0.0,0.0,0.0,0.0,92.9,1.77,580.0,2.18,1013.0,546.0,1559.0,0.372,0.35,2.62,2.56,,,186.43,14.00%,31.00%,55%,26.1,57.79,102.54,74.57,27.74,12.0,38.78,35.79,0.192,2.5,0.093,1.073,0.0,0.0,141.3,0.24,,,,,1.0,90.0,1.0,24,150.0,,,,,36.8,,,,,,,,,,,,29.0,,,,,,,,,,,,,,,,,,,,,
677.0,[60],Mix-10,56.31,31.82,4.77,2.33,1.09,0.042,0.013,0.16,2.01,0.0,0.0,0.0,0.0,0.0,92.9,1.77,580.0,2.18,1013.0,546.0,1559.0,0.372,0.35,2.62,2.56,,,186.43,14.00%,31.00%,55%,26.1,57.79,102.54,74.57,32.36,14.0,32.81,41.76,0.2,2.5,0.101,0.988,0.0,0.0,135.3,0.23,,,,,1.0,90.0,1.0,24,150.0,,,,,40.4,,,,,,,,,,,,32.0,,,,,,,,,,,,,,,,,,,,,
678.0,[60],Mix-11,56.31,31.82,4.77,2.33,1.09,0.042,0.013,0.16,2.01,0.0,0.0,0.0,0.0,0.0,92.9,1.77,580.0,2.18,1013.0,546.0,1559.0,0.372,0.35,2.62,2.56,,,186.43,14.00%,31.00%,55%,26.1,57.79,102.54,74.57,36.99,16.0,26.85,47.72,0.208,2.5,0.109,0.916,0.0,0.0,129.4,0.22,,,,,1.0,90.0,1.0,24,150.0,,,,,43.5,,,,,,,,,,,,35.0,,,,,,,,,,,,,,,,,,,,,
679.0,[60],Mix-12,56.31,31.82,4.77,2.33,1.09,0.042,0.013,0.16,2.01,0.0,0.0,0.0,0.0,0.0,92.9,1.77,580.0,2.18,1013.0,546.0,1559.0,0.372,0.35,2.62,2.56,,,186.43,14.00%,31.00%,55%,26.1,57.79,102.54,74.57,41.61,18.0,20.88,53.69,0.216,2.5,0.117,0.853,0.0,0.0,123.4,0.21,,,,,1.0,90.0,1.0,24,150.0,,,,,43.7,,,,,,,,,,,,35.0,,,,,,,,,,,,,,,,,,,,,
680.0,[60],Mix-13,56.31,31.82,4.77,2.33,1.09,0.042,0.013,0.16,2.01,0.0,0.0,0.0,0.0,0.0,92.9,1.77,580.0,2.18,994.0,536.0,1530.0,0.379,0.35,2.62,2.56,,,207.14,14.00%,31.00%,55%,29.0,64.21,113.93,82.86,30.82,12.0,43.09,39.77,0.214,2.5,0.103,1.073,0.0,0.0,157.0,0.27,,,,,1.0,90.0,1.0,24,150.0,,,,,33.4,,,,,,,,,,,,27.0,,,,,,,,,,,,,,,,,,,,,
681.0,[60],Mix-14,56.31,31.82,4.77,2.33,1.09,0.042,0.013,0.16,2.01,0.0,0.0,0.0,0.0,0.0,92.9,1.77,580.0,2.18,994.0,536.0,1530.0,0.379,0.35,2.62,2.56,,,207.14,14.00%,31.00%,55%,29.0,64.21,113.93,82.86,35.96,14.0,36.46,46.4,0.223,2.5,0.112,0.988,0.0,0.0,150.4,0.26,,,,,1.0,90.0,1.0,24,150.0,,,,,37.0,,,,,,,,,,,,30.0,,,,,,,,,,,,,,,,,,,,,
682.0,[60],Mix-15,56.31,31.82,4.77,2.33,1.09,0.042,0.013,0.16,2.01,0.0,0.0,0.0,0.0,0.0,92.9,1.77,580.0,2.18,994.0,536.0,1530.0,0.379,0.35,2.62,2.56,,,207.14,14.00%,31.00%,55%,29.0,64.21,113.93,82.86,41.1,16.0,29.83,53.03,0.232,2.5,0.121,0.916,0.0,0.0,143.8,0.25,,,,,1.0,90.0,1.0,24,150.0,,,,,39.7,,,,,,,,,,,,32.0,,,,,,,,,,,,,,,,,,,,,
683.0,[60],Mix-16,56.31,31.82,4.77,2.33,1.09,0.042,0.013,0.16,2.01,0.0,0.0,0.0,0.0,0.0,92.9,1.77,580.0,2.18,994.0,536.0,1530.0,0.379,0.35,2.62,2.56,,,207.14,14.00%,31.00%,55%,29.0,64.21,113.93,82.86,46.24,18.0,23.2,59.66,0.24,2.5,0.13,0.853,0.0,0.0,137.1,0.24,,,,,1.0,90.0,1.0,24,150.0,,,,,38.9,,,,,,,,,,,,31.0,,,,,,,,,,,,,,,,,,,,,
684.0,[60],Mix -11 75ºC 12h,56.31,31.82,4.77,2.33,1.09,0.042,0.013,0.16,2.01,0.0,0.0,0.0,0.0,0.0,92.9,1.77,580.0,2.18,1013.0,546.0,1559.0,0.372,0.35,2.62,2.56,,,186.43,14.00%,31.00%,55%,26.1,57.79,102.54,74.57,36.99,16.0,26.85,47.72,0.208,2.5,0.109,0.916,0.0,0.0,129.4,0.22,,,,,1.0,75.0,1.0,24,150.0,,,,,27.8,,,,,,,,,,,,22.0,,,,,,,,,,,,,,,,,,,,,
685.0,[60],Mix -11 75ºC 18h,56.31,31.82,4.77,2.33,1.09,0.042,0.013,0.16,2.01,0.0,0.0,0.0,0.0,0.0,92.9,1.77,580.0,2.18,1013.0,546.0,1559.0,0.372,0.35,2.62,2.56,,,186.43,14.00%,31.00%,55%,26.1,57.79,102.54,74.57,36.99,16.0,26.85,47.72,0.208,2.5,0.109,0.916,0.0,0.0,129.4,0.22,,,,,1.0,75.0,1.0,24,150.0,,,,,34.0,,,,,,,,,,,,27.0,,,,,,,,,,,,,,,,,,,,,
686.0,[60],Mix -11 75ºC 24h,56.31,31.82,4.77,2.33,1.09,0.042,0.013,0.16,2.01,0.0,0.0,0.0,0.0,0.0,92.9,1.77,580.0,2.18,1013.0,546.0,1559.0,0.372,0.35,2.62,2.56,,,186.43,14.00%,31.00%,55%,26.1,57.79,102.54,74.57,36.99,16.0,26.85,47.72,0.208,2.5,0.109,0.916,0.0,0.0,129.4,0.22,,,,,1.0,75.0,1.0,24,150.0,,,,,37.4,,,,,,,,,,,,30.0,,,,,,,,,,,,,,,,,,,,,
687.0,[60],Mix -11 90ºC 12h,56.31,31.82,4.77,2.33,1.09,0.042,0.013,0.16,2.01,0.0,0.0,0.0,0.0,0.0,92.9,1.77,580.0,2.18,1013.0,546.0,1559.0,0.372,0.35,2.62,2.56,,,186.43,14.00%,31.00%,55%,26.1,57.79,102.54,74.57,36.99,16.0,26.85,47.72,0.208,2.5,0.109,0.916,0.0,0.0,129.4,0.22,,,,,1.0,90.0,1.0,24,150.0,,,,,38.4,,,,,,,,,,,,31.0,,,,,,,,,,,,,,,,,,,,,
688.0,[60],Mix -11 90ºC 18h,56.31,31.82,4.77,2.33,1.09,0.042,0.013,0.16,2.01,0.0,0.0,0.0,0.0,0.0,92.9,1.77,580.0,2.18,1013.0,546.0,1559.0,0.372,0.35,2.62,2.56,,,186.43,14.00%,31.00%,55%,26.1,57.79,102.54,74.57,36.99,16.0,26.85,47.72,0.208,2.5,0.109,0.916,0.0,0.0,129.4,0.22,,,,,1.0,90.0,1.0,24,150.0,,,,,42.0,,,,,,,,,,,,34.0,,,,,,,,,,,,,,,,,,,,,
689.0,[60],Mix -11 105ºC 12h,56.31,31.82,4.77,2.33,1.09,0.042,0.013,0.16,2.01,0.0,0.0,0.0,0.0,0.0,92.9,1.77,580.0,2.18,1013.0,546.0,1559.0,0.372,0.35,2.62,2.56,,,186.43,14.00%,31.00%,55%,26.1,57.79,102.54,74.57,36.99,16.0,26.85,47.72,0.208,2.5,0.109,0.916,0.0,0.0,129.4,0.22,,,,,1.0,105.0,1.0,24,150.0,,,,,42.9,,,,,,,,,,,,34.0,,,,,,,,,,,,,,,,,,,,,
690.0,[60],Mix -11 105ºC 18h,56.31,31.82,4.77,2.33,1.09,0.042,0.013,0.16,2.01,0.0,0.0,0.0,0.0,0.0,92.9,1.77,580.0,2.18,1013.0,546.0,1559.0,0.372,0.35,2.62,2.56,,,186.43,14.00%,31.00%,55%,26.1,57.79,102.54,74.57,36.99,16.0,26.85,47.72,0.208,2.5,0.109,0.916,0.0,0.0,129.4,0.22,,,,,1.0,105.0,1.0,24,150.0,,,,,41.2,,,,,,,,,,,,33.0,,,,,,,,,,,,,,,,,,,,,
691.0,[60],Mix -11 105ºC 24h,56.31,31.82,4.77,2.33,1.09,0.042,0.013,0.16,2.01,0.0,0.0,0.0,0.0,0.0,92.9,1.77,580.0,2.18,1013.0,546.0,1559.0,0.372,0.35,2.62,2.56,,,186.43,14.00%,31.00%,55%,26.1,57.79,102.54,74.57,36.99,16.0,26.85,47.72,0.208,2.5,0.109,0.916,0.0,0.0,129.4,0.22,,,,,1.0,105.0,1.0,24,150.0,,,,,38.7,,,,,,,,,,,,31.0,,,,,,,,,,,,,,,,,,,,,
692.0,[61],Batch A ambient,65.6,28.0,3.0,1.0,1.0,0.0,0.0,0.2,0.5,0.0,0.0,0.0,0.0,0.29,96.6,2.343,405.0,2.24,1283.08,587.3,1870.38,0.217,0.314,2.58,2.62,,,70.88,14.70%,29.40%,55.90%,10.42,20.84,39.62,70.88,30.76,14.0,31.19,39.69,0.153,1.0,0.102,0.506,0.0,0.0,70.8,0.17,,,,,,24.0,,24,150.0,,,,5.71,8.33,14.66,,,,,,,,,,5.0,7.0,12.0,,,,,,,,,,,,,,,,,,,,
693.0,[61],Batch A ambient.1,65.6,28.0,3.0,1.0,1.0,0.0,0.0,0.2,0.5,0.0,0.0,0.0,0.0,0.29,96.6,2.343,405.0,2.24,1283.08,587.3,1870.38,0.217,0.314,2.58,2.62,,,70.88,14.70%,29.40%,55.90%,10.42,20.84,39.62,70.88,30.76,14.0,31.19,39.69,0.153,1.0,0.102,0.506,0.0,0.0,70.8,0.17,,,,,,24.0,,24,,150.0,300.0,,,,,,,,,,,,,,,,,,,,0.42,0.84,,,,0.42,0.84,,,,,,,,,,
694.0,[61],Batch A oven,65.6,28.0,3.0,1.0,1.0,0.0,0.0,0.2,0.5,0.0,0.0,0.0,0.0,0.29,96.6,2.343,405.0,2.24,1283.08,587.3,1870.38,0.217,0.314,2.58,2.62,,,70.88,14.70%,29.40%,55.90%,10.42,20.84,39.62,70.88,41.75,19.0,17.01,53.87,0.18,1.0,0.129,0.399,0.0,0.0,56.6,0.14,,,,,1.0,60.0,,24,150.0,,,,12.0,14.89,19.33,,,,,,,,,,10.0,12.0,15.0,,,,,,,,,,,,,,,,,,,,
695.0,[61],Batch A oven.1,65.6,28.0,3.0,1.0,1.0,0.0,0.0,0.2,0.5,0.0,0.0,0.0,0.0,0.29,96.6,2.343,405.0,2.24,1283.08,587.3,1870.38,0.217,0.314,2.58,2.62,,,70.88,14.70%,29.40%,55.90%,10.42,20.84,39.62,70.88,41.75,19.0,17.01,53.87,0.18,1.0,0.129,0.399,0.0,0.0,56.6,0.14,,,,,1.0,60.0,,24,,150.0,300.0,,,,,,,,,,,,,,,,,,,,0.84,1.13,,,,0.84,1.13,,,,,,,,,,
696.0,[62],FAGP,70.3,23.1,1.4,0.2,0.6,0.4,0.9,0.2,2.6,0.2,0.0,0.0,0.0,0.0,94.8,3.043,409.0,2.12,909.0,686.0,1595.0,0.256,0.43,2.58,2.5,,,204.0,14.70%,29.40%,56%,29.99,59.98,114.04,129.0,37.99,9.5,79.98,49.02,0.313,1.581,0.166,0.882,10.0,0.0,204.0,0.5,,,,,1.0,80.0,,24,,100.0,200.0,,,,,,,,,,22.4,27.0,33.2,,,,22.0,26.0,32.0,,,3.3,3.3,3.2,,,2.97,2.97,2.88,,,26.77,22.31,17.45,,,
697.0,[63],FA0-20,74.18,9.44,4.22,5.53,2.48,0.32,1.46,0.0,0.96,0.0,0.0,0.0,0.0,0.82,87.84,7.858,459.0,,1172.0,539.0,1711.0,0.268,0.315,,,,1.53,142.8571429,15.40%,38.50%,46%,22.0,55.0,65.86,57.14,17.71,10.0,34.29,22.86,0.206,2.5,0.087,1.385,0.0,0.0,100.1,0.22,200.0,,,,,20.0,,24,,100.0,200.0,,,,,,,,3.38983,9.32203,14.2373,,,,3.0,9.0,14.0,,,,,,,,,,,,,,,,,,,,
698.0,[63],FA0-80,74.18,9.44,4.22,5.53,2.48,0.32,1.46,0.0,0.96,0.0,0.0,0.0,0.0,0.82,87.84,7.858,459.0,,1172.0,539.0,1711.0,0.268,0.315,,,,1.53,142.8571429,15.40%,38.50%,46%,22.0,55.0,65.86,57.14,17.71,10.0,34.29,22.86,0.206,2.5,0.087,1.385,0.0,0.0,100.1,0.22,,,,,1.0,80.0,,24,,100.0,200.0,,,,,,,,22.3729,22.7119,25.5932,,,,22.0,22.0,25.0,,,,,,,,,,,,,,,,,,,,
699.0,[64],8M1,65.6,26.53,5.49,0.31,0.76,0.36,0.23,0.31,0.0,0.0,0.0,0.0,0.0,0.41,97.62,2.473,430.0,2.42,1243.0,533.0,1776.0,0.242,0.3,2.78,2.73,,,138.0,16.95%,35.06%,47.99%,23.39,48.38,66.23,56.0,13.89,8.0,38.08,17.92,0.199,2.464,0.087,1.298,0.0,8.6,109.5,0.25,114.921,,,,1.0,60.0,1.0,27,100.0,,,,20.9327,27.1075,31.0558,,,,,,,,,,16.0,21.0,24.0,,,,,,,,,,,,,,,,,,,,
700.0,[64],8M2,65.6,26.53,5.49,0.31,0.76,0.36,0.23,0.31,0.0,0.0,0.0,0.0,0.0,0.41,97.62,2.473,397.0,2.42,1277.0,547.0,1824.0,0.218,0.3,2.78,2.73,,,128.0,16.95%,35.06%,47.99%,21.7,44.88,61.43,51.0,12.65,8.0,34.68,16.32,0.2,2.51,0.087,1.307,0.0,7.94,100.9,0.25,109.841,,,,1.0,60.0,1.0,27,100.0,,,,22.3542,28.529,32.6797,,,,,,,,,,17.0,22.0,25.0,,,,,,,,,,,,,,,,,,,,
701.0,[64],8M3,65.6,26.53,5.49,0.31,0.76,0.36,0.23,0.31,0.0,0.0,0.0,0.0,0.0,0.41,97.62,2.473,364.0,2.42,1311.0,562.0,1873.0,0.194,0.3,2.78,2.73,,,117.0,16.95%,35.06%,47.99%,19.83,41.02,56.15,46.0,11.41,8.0,31.28,14.72,0.199,2.543,0.086,1.313,0.0,7.28,91.8,0.25,80.0,,,,1.0,60.0,1.0,27,100.0,,,,23.1685,29.5457,32.9878,,,,,,,,,,18.0,23.0,25.0,,,,,,,,,,,,,,,,,,,,
702.0,[64],8M4,65.6,26.53,5.49,0.31,0.76,0.36,0.23,0.31,0.0,0.0,0.0,0.0,0.0,0.41,97.62,2.473,331.0,2.42,1344.0,576.0,1920.0,0.172,0.3,2.78,2.73,,,106.0,16.95%,35.06%,47.99%,17.97,37.16,50.87,42.0,10.42,8.0,28.56,13.44,0.198,2.524,0.086,1.309,0.0,6.62,83.4,0.25,74.9206,,,,1.0,60.0,1.0,27,100.0,,,,21.5535,26.5138,31.0693,,,,,,,,,,16.0,20.0,24.0,,,,,,,,,,,,,,,,,,,,
703.0,[64],8M5,65.6,26.53,5.49,0.31,0.76,0.36,0.23,0.31,0.0,0.0,0.0,0.0,0.0,0.41,97.62,2.473,298.0,2.42,1377.0,590.0,1967.0,0.151,0.3,2.78,2.73,,,96.0,16.95%,35.06%,47.99%,16.27,33.66,46.07,38.0,9.42,8.0,25.84,12.16,0.199,2.526,0.086,1.31,0.0,5.96,75.5,0.25,44.7619,,,,1.0,60.0,1.0,27,100.0,,,,19.635,24.4939,27.5311,,,,,,,,,,15.0,19.0,21.0,,,,,,,,,,,,,,,,,,,,
704.0,[64],10M1,65.6,26.53,5.49,0.31,0.76,0.36,0.23,0.31,0.0,0.0,0.0,0.0,0.0,0.41,97.62,2.473,430.0,2.42,1243.0,533.0,1776.0,0.242,0.3,2.78,2.73,,,138.0,16.95%,35.06%,47.99%,23.39,48.38,66.23,55.0,17.05,10.0,33.0,22.0,0.207,2.509,0.094,1.196,0.0,8.6,104.4,0.24,114.921,,,,1.0,60.0,1.0,27,100.0,,,,25.3719,30.9104,33.9639,,,,,,,,,,19.0,24.0,26.0,,,,,,,,,,,,,,,,,,,,
705.0,[64],10M2,65.6,26.53,5.49,0.31,0.76,0.36,0.23,0.31,0.0,0.0,0.0,0.0,0.0,0.41,97.62,2.473,397.0,2.42,1277.0,547.0,1824.0,0.218,0.3,2.78,2.73,,,128.0,16.95%,35.06%,47.99%,21.7,44.88,61.43,51.0,15.81,10.0,30.6,20.4,0.208,2.51,0.094,1.196,0.0,7.94,96.8,0.24,109.841,,,,1.0,60.0,1.0,27,100.0,,,,26.0619,32.0528,35.6706,,,,,,,,,,20.0,24.0,27.0,,,,,,,,,,,,,,,,,,,,
706.0,[64],10M3,65.6,26.53,5.49,0.31,0.76,0.36,0.23,0.31,0.0,0.0,0.0,0.0,0.0,0.41,97.62,2.473,364.0,2.42,1311.0,562.0,1873.0,0.194,0.3,2.78,2.73,,,117.0,16.95%,35.06%,47.99%,19.83,41.02,56.15,47.0,14.57,10.0,28.2,18.8,0.207,2.489,0.095,1.192,0.0,7.28,88.7,0.24,80.0,,,,1.0,60.0,1.0,27,100.0,,,,27.0916,32.5172,36.5875,,,,,,,,,,21.0,25.0,28.0,,,,,,,,,,,,,,,,,,,,
707.0,[64],10M4,65.6,26.53,5.49,0.31,0.76,0.36,0.23,0.31,0.0,0.0,0.0,0.0,0.0,0.41,97.62,2.473,331.0,2.42,1344.0,576.0,1920.0,0.172,0.3,2.78,2.73,,,106.0,16.95%,35.06%,47.99%,17.97,37.16,50.87,42.0,13.02,10.0,25.2,16.8,0.206,2.524,0.094,1.199,0.0,6.62,80.0,0.24,74.9206,,,,1.0,60.0,1.0,27,100.0,,,,25.5219,29.9312,33.5492,,,,,,,,,,19.0,23.0,26.0,,,,,,,,,,,,,,,,,,,,
708.0,[64],10M5,65.6,26.53,5.49,0.31,0.76,0.36,0.23,0.31,0.0,0.0,0.0,0.0,0.0,0.41,97.62,2.473,298.0,2.42,1377.0,590.0,1967.0,0.151,0.3,2.78,2.73,,,96.0,16.95%,35.06%,47.99%,16.27,33.66,46.07,38.0,11.78,10.0,22.8,15.2,0.207,2.526,0.094,1.2,0.0,5.96,72.4,0.24,44.7619,,,,1.0,60.0,1.0,27,100.0,,,,21.4669,26.5536,32.997,,,,,,,,,,16.0,20.0,25.0,,,,,,,,,,,,,,,,,,,,
709.0,[64],12M1,65.6,26.53,5.49,0.31,0.76,0.36,0.23,0.31,0.0,0.0,0.0,0.0,0.0,0.41,97.62,2.473,430.0,2.42,1243.0,533.0,1776.0,0.242,0.3,2.78,2.73,,,138.0,16.95%,35.06%,47.99%,23.39,48.38,66.23,55.0,20.46,12.0,28.6,26.4,0.214,2.509,0.102,1.103,0.0,8.6,100.0,0.23,114.921,,,,1.0,60.0,1.0,27,100.0,,,,25.0408,31.035,36.1281,,,,,,,,,,19.0,24.0,28.0,,,,,,,,,,,,,,,,,,,,
710.0,[64],12M2,65.6,26.53,5.49,0.31,0.76,0.36,0.23,0.31,0.0,0.0,0.0,0.0,0.0,0.41,97.62,2.473,397.0,2.42,1277.0,547.0,1824.0,0.218,0.3,2.78,2.73,,,128.0,16.95%,35.06%,47.99%,21.7,44.88,61.43,50.0,18.6,12.0,26.0,24.0,0.215,2.56,0.102,1.114,0.0,7.94,92.2,0.23,109.841,,,,1.0,60.0,1.0,27,100.0,,,,26.5465,33.1071,38.6522,,,,,,,,,,20.0,25.0,29.0,,,,,,,,,,,,,,,,,,,,
711.0,[64],12M3,65.6,26.53,5.49,0.31,0.76,0.36,0.23,0.31,0.0,0.0,0.0,0.0,0.0,0.41,97.62,2.473,364.0,2.42,1311.0,562.0,1873.0,0.194,0.3,2.78,2.73,,,117.0,16.95%,35.06%,47.99%,19.83,41.02,56.15,47.0,17.48,12.0,24.44,22.56,0.215,2.489,0.103,1.099,0.0,7.28,85.0,0.23,80.0,,,,1.0,60.0,1.0,27,100.0,,,,27.1497,33.7096,37.219,,,,,,,,,,21.0,26.0,28.0,,,,,,,,,,,,,,,,,,,,
712.0,[64],12M4,65.6,26.53,5.49,0.31,0.76,0.36,0.23,0.31,0.0,0.0,0.0,0.0,0.0,0.41,97.62,2.473,331.0,2.42,1344.0,576.0,1920.0,0.172,0.3,2.78,2.73,,,106.0,16.95%,35.06%,47.99%,17.97,37.16,50.87,42.0,15.62,12.0,21.84,20.16,0.214,2.524,0.101,1.106,0.0,6.62,76.7,0.23,74.9206,,,,1.0,60.0,1.0,27,100.0,,,,25.154,32.1652,35.2233,,,,,,,,,,19.0,25.0,27.0,,,,,,,,,,,,,,,,,,,,
713.0,[64],12M5,65.6,26.53,5.49,0.31,0.76,0.36,0.23,0.31,0.0,0.0,0.0,0.0,0.0,0.41,97.62,2.473,298.0,2.42,1377.0,590.0,1967.0,0.151,0.3,2.78,2.73,,,96.0,16.95%,35.06%,47.99%,16.27,33.66,46.07,158.0,58.78,12.0,82.16,75.84,0.365,0.608,0.252,0.449,0.0,5.96,131.8,0.44,44.7619,,,,1.0,60.0,1.0,27,100.0,,,,22.8165,29.1515,32.21,,,,,,,,,,17.0,22.0,25.0,,,,,,,,,,,,,,,,,,,,
714.0,[64],14M1,65.6,26.53,5.49,0.31,0.76,0.36,0.23,0.31,0.0,0.0,0.0,0.0,0.0,0.41,97.62,2.473,430.0,2.42,1243.0,533.0,1776.0,0.242,0.3,2.78,2.73,,,138.0,16.95%,35.06%,47.99%,23.39,48.38,66.23,55.0,23.87,14.0,24.2,30.8,0.222,2.509,0.11,1.024,0.0,8.6,95.6,0.22,114.921,,,,1.0,60.0,1.0,27,100.0,,,,26.5169,32.5843,37.9775,,,,,,,,,,20.0,25.0,29.0,,,,,,,,,,,,,,,,,,,,
715.0,[64],14M2,65.6,26.53,5.49,0.31,0.76,0.36,0.23,0.31,0.0,0.0,0.0,0.0,0.0,0.41,97.62,2.473,397.0,2.42,1277.0,547.0,1824.0,0.218,0.3,2.78,2.73,,,128.0,16.95%,35.06%,47.99%,21.7,44.88,61.43,51.0,22.13,14.0,22.44,28.56,0.223,2.51,0.11,1.024,0.0,7.94,88.6,0.22,109.841,,,,1.0,60.0,1.0,27,100.0,,,,27.4157,34.0449,39.1011,,,,,,,,,,21.0,26.0,30.0,,,,,,,,,,,,,,,,,,,,
716.0,[64],14M3,65.6,26.53,5.49,0.31,0.76,0.36,0.23,0.31,0.0,0.0,0.0,0.0,0.0,0.41,97.62,2.473,364.0,2.42,1311.0,562.0,1873.0,0.194,0.3,2.78,2.73,,,117.0,16.95%,35.06%,47.99%,19.83,41.02,56.15,47.0,20.4,14.0,20.68,26.32,0.223,2.489,0.111,1.02,0.0,7.28,81.2,0.22,80.0,,,,1.0,60.0,1.0,27,100.0,,,,28.9888,35.0562,37.9775,,,,,,,,,,22.0,27.0,29.0,,,,,,,,,,,,,,,,,,,,
717.0,[64],14M4,65.6,26.53,5.49,0.31,0.76,0.36,0.23,0.31,0.0,0.0,0.0,0.0,0.0,0.41,97.62,2.473,331.0,2.42,1344.0,576.0,1920.0,0.172,0.3,2.78,2.73,,,106.0,16.95%,35.06%,47.99%,17.97,37.16,50.87,42.0,18.23,14.0,18.48,23.52,0.222,2.524,0.109,1.027,0.0,6.62,73.3,0.22,74.9206,,,,1.0,60.0,1.0,27,100.0,,,,26.5169,33.0337,36.5169,,,,,,,,,,20.0,25.0,28.0,,,,,,,,,,,,,,,,,,,,
718.0,[64],14M5,65.6,26.53,5.49,0.31,0.76,0.36,0.23,0.31,0.0,0.0,0.0,0.0,0.0,0.41,97.62,2.473,298.0,2.42,1377.0,590.0,1967.0,0.151,0.3,2.78,2.73,,,96.0,16.95%,35.06%,47.99%,16.27,33.66,46.07,38.0,16.49,14.0,16.72,21.28,0.223,2.526,0.11,1.027,0.0,5.96,66.4,0.22,44.7619,,,,1.0,60.0,1.0,27,100.0,,,,27.4157,30.5618,32.0225,,,,,,,,,,21.0,23.0,24.0,,,,,,,,,,,,,,,,,,,,
719.0,[64],8M21,65.6,26.53,5.49,0.31,0.76,0.36,0.23,0.31,0.0,0.0,0.0,0.0,0.0,0.41,97.62,2.473,397.0,2.42,1277.0,547.0,1824.0,0.218,0.3,2.78,2.73,,,128.0,16.95%,35.06%,47.99%,21.7,44.88,61.43,51.0,12.65,8.0,34.68,16.32,0.2,2.51,0.087,1.307,0.0,7.94,100.9,0.25,109.841,,,,1.0,60.0,1.0,27,100.0,,,,22.5922,23.5624,24.5319,,,,,,,,,,17.0,18.0,19.0,,,,,,,,,,,,,,,,,,,,
720.0,[64],8M22,65.6,26.53,5.49,0.31,0.76,0.36,0.23,0.31,0.0,0.0,0.0,0.0,0.0,0.41,97.62,2.473,397.0,2.42,1277.0,547.0,1824.0,0.218,0.3,2.78,2.73,,,128.0,16.95%,35.06%,47.99%,21.7,44.88,61.43,51.0,12.65,8.0,34.68,16.32,0.2,2.51,0.087,1.307,0.0,7.94,100.9,0.25,109.841,,,,1.0,70.0,1.0,27,100.0,,,,26.0355,25.622,28.6809,,,,,,,,,,20.0,20.0,22.0,,,,,,,,,,,,,,,,,,,,
721.0,[64],8M23,65.6,26.53,5.49,0.31,0.76,0.36,0.23,0.31,0.0,0.0,0.0,0.0,0.0,0.41,97.62,2.473,397.0,2.42,1277.0,547.0,1824.0,0.218,0.3,2.78,2.73,,,128.0,16.95%,35.06%,47.99%,21.7,44.88,61.43,51.0,12.65,8.0,34.68,16.32,0.2,2.51,0.087,1.307,0.0,7.94,100.9,0.25,109.841,,,,1.0,80.0,1.0,27,100.0,,,,30.1794,31.683,32.7567,,,,,,,,,,23.0,24.0,25.0,,,,,,,,,,,,,,,,,,,,
722.0,[64],8M24,65.6,26.53,5.49,0.31,0.76,0.36,0.23,0.31,0.0,0.0,0.0,0.0,0.0,0.41,97.62,2.473,397.0,2.42,1277.0,547.0,1824.0,0.218,0.3,2.78,2.73,,,128.0,16.95%,35.06%,47.99%,21.7,44.88,61.43,51.0,12.65,8.0,34.68,16.32,0.2,2.51,0.087,1.307,0.0,7.94,100.9,0.25,109.841,,,,1.0,90.0,1.0,27,100.0,,,,31.7113,32.8504,34.2404,,,,,,,,,,24.0,25.0,26.0,,,,,,,,,,,,,,,,,,,,
723.0,[64],8M25,65.6,26.53,5.49,0.31,0.76,0.36,0.23,0.31,0.0,0.0,0.0,0.0,0.0,0.41,97.62,2.473,397.0,2.42,1277.0,547.0,1824.0,0.218,0.3,2.78,2.73,,,128.0,16.95%,35.06%,47.99%,21.7,44.88,61.43,51.0,12.65,8.0,34.68,16.32,0.2,2.51,0.087,1.307,0.0,7.94,100.9,0.25,109.841,,,,1.0,100.0,1.0,27,100.0,,,,35.8532,36.2887,34.3915,,,,,,,,,,27.0,28.0,26.0,,,,,,,,,,,,,,,,,,,,
724.0,[64],10M21,65.6,26.53,5.49,0.31,0.76,0.36,0.23,0.31,0.0,0.0,0.0,0.0,0.0,0.41,97.62,2.473,397.0,2.42,1277.0,547.0,1824.0,0.218,0.3,2.78,2.73,,,128.0,16.95%,35.06%,47.99%,21.7,44.88,61.43,51.0,15.81,10.0,30.6,20.4,0.208,2.51,0.094,1.196,0.0,7.94,96.8,0.24,109.841,,,,1.0,60.0,1.0,27,100.0,,,,26.0741,27.0467,27.4779,,,,,,,,,,20.0,21.0,21.0,,,,,,,,,,,,,,,,,,,,
725.0,[64],10M22,65.6,26.53,5.49,0.31,0.76,0.36,0.23,0.31,0.0,0.0,0.0,0.0,0.0,0.41,97.62,2.473,397.0,2.42,1277.0,547.0,1824.0,0.218,0.3,2.78,2.73,,,128.0,16.95%,35.06%,47.99%,21.7,44.88,61.43,51.0,15.81,10.0,30.6,20.4,0.208,2.51,0.094,1.196,0.0,7.94,96.8,0.24,109.841,,,,1.0,70.0,1.0,27,100.0,,,,29.1037,28.0126,32.2257,,,,,,,,,,22.0,21.0,25.0,,,,,,,,,,,,,,,,,,,,
726.0,[64],10M23,65.6,26.53,5.49,0.31,0.76,0.36,0.23,0.31,0.0,0.0,0.0,0.0,0.0,0.41,97.62,2.473,397.0,2.42,1277.0,547.0,1824.0,0.218,0.3,2.78,2.73,,,128.0,16.95%,35.06%,47.99%,21.7,44.88,61.43,51.0,15.81,10.0,30.6,20.4,0.208,2.51,0.094,1.196,0.0,7.94,96.8,0.24,109.841,,,,1.0,80.0,1.0,27,100.0,,,,33.0919,33.5223,34.4945,,,,,,,,,,25.0,26.0,26.0,,,,,,,,,,,,,,,,,,,,
727.0,[64],10M24,65.6,26.53,5.49,0.31,0.76,0.36,0.23,0.31,0.0,0.0,0.0,0.0,0.0,0.41,97.62,2.473,397.0,2.42,1277.0,547.0,1824.0,0.218,0.3,2.78,2.73,,,128.0,16.95%,35.06%,47.99%,21.7,44.88,61.43,51.0,15.81,10.0,30.6,20.4,0.208,2.51,0.094,1.196,0.0,7.94,96.8,0.24,109.841,,,,1.0,90.0,1.0,27,100.0,,,,32.5333,35.5522,35.9824,,,,,,,,,,25.0,27.0,27.0,,,,,,,,,,,,,,,,,,,,
728.0,[64],10M25,65.6,26.53,5.49,0.31,0.76,0.36,0.23,0.31,0.0,0.0,0.0,0.0,0.0,0.41,97.62,2.473,397.0,2.42,1277.0,547.0,1824.0,0.218,0.3,2.78,2.73,,,128.0,16.95%,35.06%,47.99%,21.7,44.88,61.43,51.0,15.81,10.0,30.6,20.4,0.208,2.51,0.094,1.196,0.0,7.94,96.8,0.24,109.841,,,,1.0,100.0,1.0,27,100.0,,,,37.5002,38.4736,37.8173,,,,,,,,,,29.0,29.0,29.0,,,,,,,,,,,,,,,,,,,,
729.0,[64],12M21,65.6,26.53,5.49,0.31,0.76,0.36,0.23,0.31,0.0,0.0,0.0,0.0,0.0,0.41,97.62,2.473,397.0,2.42,1277.0,547.0,1824.0,0.218,0.3,2.78,2.73,,,128.0,16.95%,35.06%,47.99%,21.7,44.88,61.43,51.0,18.97,12.0,26.52,24.48,0.215,2.51,0.102,1.103,0.0,7.94,92.7,0.23,109.841,,,,1.0,60.0,1.0,27,100.0,,,,27.2956,27.7987,29.434,,,,,,,,,,21.0,21.0,22.0,,,,,,,,,,,,,,,,,,,,
730.0,[64],12M22,65.6,26.53,5.49,0.31,0.76,0.36,0.23,0.31,0.0,0.0,0.0,0.0,0.0,0.41,97.62,2.473,397.0,2.42,1277.0,547.0,1824.0,0.218,0.3,2.78,2.73,,,128.0,16.95%,35.06%,47.99%,21.7,44.88,61.43,51.0,18.97,12.0,26.52,24.48,0.215,2.51,0.102,1.103,0.0,7.94,92.7,0.23,109.841,,,,1.0,70.0,1.0,27,100.0,,,,30.4403,29.434,33.8365,,,,,,,,,,23.0,22.0,26.0,,,,,,,,,,,,,,,,,,,,
731.0,[64],12M23,65.6,26.53,5.49,0.31,0.76,0.36,0.23,0.31,0.0,0.0,0.0,0.0,0.0,0.41,97.62,2.473,397.0,2.42,1277.0,547.0,1824.0,0.218,0.3,2.78,2.73,,,128.0,16.95%,35.06%,47.99%,21.7,44.88,61.43,51.0,18.97,12.0,26.52,24.48,0.215,2.51,0.102,1.103,0.0,7.94,92.7,0.23,109.841,,,,1.0,80.0,1.0,27,100.0,,,,35.0943,35.8491,36.478,,,,,,,,,,27.0,27.0,28.0,,,,,,,,,,,,,,,,,,,,
732.0,[64],12M24,65.6,26.53,5.49,0.31,0.76,0.36,0.23,0.31,0.0,0.0,0.0,0.0,0.0,0.41,97.62,2.473,397.0,2.42,1277.0,547.0,1824.0,0.218,0.3,2.78,2.73,,,128.0,16.95%,35.06%,47.99%,21.7,44.88,61.43,51.0,18.97,12.0,26.52,24.48,0.215,2.51,0.102,1.103,0.0,7.94,92.7,0.23,109.841,,,,1.0,90.0,1.0,27,100.0,,,,35.0943,38.9937,40.5031,,,,,,,,,,27.0,30.0,31.0,,,,,,,,,,,,,,,,,,,,
733.0,[64],12M25,65.6,26.53,5.49,0.31,0.76,0.36,0.23,0.31,0.0,0.0,0.0,0.0,0.0,0.41,97.62,2.473,397.0,2.42,1277.0,547.0,1824.0,0.218,0.3,2.78,2.73,,,128.0,16.95%,35.06%,47.99%,21.7,44.88,61.43,51.0,18.97,12.0,26.52,24.48,0.215,2.51,0.102,1.103,0.0,7.94,92.7,0.23,109.841,,,,1.0,100.0,1.0,27,100.0,,,,41.0063,42.5157,40.8805,,,,,,,,,,31.0,32.0,31.0,,,,,,,,,,,,,,,,,,,,
734.0,[64],14M21,65.6,26.53,5.49,0.31,0.76,0.36,0.23,0.31,0.0,0.0,0.0,0.0,0.0,0.41,97.62,2.473,397.0,2.42,1277.0,547.0,1824.0,0.218,0.3,2.78,2.73,,,128.0,16.95%,35.06%,47.99%,21.7,44.88,61.43,51.0,22.13,14.0,22.44,28.56,0.223,2.51,0.11,1.024,0.0,7.94,88.6,0.22,109.841,,,,1.0,60.0,1.0,27,100.0,,,,26.1497,27.0631,28.0907,,,,,,,,,,20.0,21.0,21.0,,,,,,,,,,,,,,,,,,,,
735.0,[64],14M22,65.6,26.53,5.49,0.31,0.76,0.36,0.23,0.31,0.0,0.0,0.0,0.0,0.0,0.41,97.62,2.473,397.0,2.42,1277.0,547.0,1824.0,0.218,0.3,2.78,2.73,,,128.0,16.95%,35.06%,47.99%,21.7,44.88,61.43,51.0,22.13,14.0,22.44,28.56,0.223,2.51,0.11,1.024,0.0,7.94,88.6,0.22,109.841,,,,1.0,70.0,1.0,27,100.0,,,,29.6869,29.1242,33.3548,,,,,,,,,,23.0,22.0,25.0,,,,,,,,,,,,,,,,,,,,
736.0,[64],14M23,65.6,26.53,5.49,0.31,0.76,0.36,0.23,0.31,0.0,0.0,0.0,0.0,0.0,0.41,97.62,2.473,397.0,2.42,1277.0,547.0,1824.0,0.218,0.3,2.78,2.73,,,128.0,16.95%,35.06%,47.99%,21.7,44.88,61.43,51.0,22.13,14.0,22.44,28.56,0.223,2.51,0.11,1.024,0.0,7.94,88.6,0.22,109.841,,,,1.0,80.0,1.0,27,100.0,,,,33.7003,35.1813,35.1859,,,,,,,,,,26.0,27.0,27.0,,,,,,,,,,,,,,,,,,,,
737.0,[64],14M24,65.6,26.53,5.49,0.31,0.76,0.36,0.23,0.31,0.0,0.0,0.0,0.0,0.0,0.41,97.62,2.473,397.0,2.42,1277.0,547.0,1824.0,0.218,0.3,2.78,2.73,,,128.0,16.95%,35.06%,47.99%,21.7,44.88,61.43,51.0,22.13,14.0,22.44,28.56,0.223,2.51,0.11,1.024,0.0,7.94,88.6,0.22,109.841,,,,1.0,90.0,1.0,27,100.0,,,,34.1682,38.854,39.7682,,,,,,,,,,26.0,30.0,30.0,,,,,,,,,,,,,,,,,,,,
738.0,[64],14M25,65.6,26.53,5.49,0.31,0.76,0.36,0.23,0.31,0.0,0.0,0.0,0.0,0.0,0.41,97.62,2.473,397.0,2.42,1277.0,547.0,1824.0,0.218,0.3,2.78,2.73,,,128.0,16.95%,35.06%,47.99%,21.7,44.88,61.43,51.0,22.13,14.0,22.44,28.56,0.223,2.51,0.11,1.024,0.0,7.94,88.6,0.22,109.841,,,,1.0,100.0,1.0,27,100.0,,,,40.7952,41.3677,40.3513,,,,,,,,,,31.0,32.0,31.0,,,,,,,,,,,,,,,,,,,,
739.0,[65],0.45AAS10M7mmLS,31.32,13.96,15.64,25.79,2.94,2.83,2.93,3.29,0.0,0.0,0.0,0.0,0.0,1.3,60.92,2.244,523.0,2.65,1124.0,459.0,1583.0,0.33,0.29,2.64,2.52,,,118.0,11.67%,28.66%,60%,13.77,33.82,70.41,118.0,36.58,10.0,70.8,47.2,0.161,1.0,0.096,0.672,0.0,5.2,144.3,0.28,20.0,,,,,25.0,1.0,24,,100.0,200.0,,,,,,,,,,36.3636,,,,,,35.0,,,,,,,,,,,,,,,21.4943,,,,,
740.0,[65],0.45AAS10M10mmLS,31.32,13.96,15.64,25.79,2.94,2.83,2.93,3.29,0.0,0.0,0.0,0.0,0.0,1.3,60.92,2.244,500.0,2.65,1166.0,475.0,1641.0,0.305,0.289,2.64,2.52,,,113.0,11.67%,28.66%,60%,13.19,32.39,67.43,113.0,35.03,10.0,67.8,45.2,0.161,1.0,0.096,0.672,0.0,5.0,138.2,0.28,21.0,,,,,25.0,1.0,24,,100.0,200.0,,,,,,,,,,33.0303,,,,,,32.0,,,,,,,,,,,,,,,25.6322,,,,,
741.0,[65],0.45AAS10M16mmLS,31.32,13.96,15.64,25.79,2.94,2.83,2.93,3.29,0.0,0.0,0.0,0.0,0.0,1.3,60.92,2.244,478.0,2.65,1211.0,490.0,1701.0,0.281,0.288,2.64,2.52,,,108.0,11.67%,28.66%,60%,12.6,30.95,64.44,108.0,33.48,10.0,64.8,43.2,0.161,1.0,0.096,0.672,0.0,4.8,132.1,0.28,20.0,,,,,25.0,1.0,24,,100.0,200.0,,,,,,,,,,25.6061,,,,,,25.0,,,,,,,,,,,,,,,23.3333,,,,,
742.0,[65],0.50AAS10M7mmLS,31.32,13.96,15.64,25.79,2.94,2.83,2.93,3.29,0.0,0.0,0.0,0.0,0.0,1.3,60.92,2.244,470.0,2.65,1161.0,474.0,1635.0,0.287,0.29,2.64,2.52,,,118.0,11.67%,28.66%,60%,13.77,33.82,70.41,118.0,36.58,10.0,70.8,47.2,0.179,1.0,0.107,0.672,0.0,4.7,144.0,0.31,20.0,,,,,25.0,1.0,24,,100.0,200.0,,,,,,,,,,32.1212,,,,,,31.0,,,,,,,,,,,,,,,23.4483,,,,,
743.0,[65],0.50AAS10M10mmLS,31.32,13.96,15.64,25.79,2.94,2.83,2.93,3.29,0.0,0.0,0.0,0.0,0.0,1.3,60.92,2.244,450.0,2.65,1201.0,489.0,1690.0,0.266,0.289,2.64,2.52,,,113.0,11.67%,28.66%,60%,13.19,32.39,67.43,113.0,35.03,10.0,67.8,45.2,0.179,1.0,0.107,0.672,0.0,4.5,137.9,0.31,21.0,,,,,25.0,1.0,24,,100.0,200.0,,,,,,,,,,31.3636,,,,,,30.0,,,,,,,,,,,,,,,23.3333,,,,,
744.0,[65],0.50AAS10M16mmLS,31.32,13.96,15.64,25.79,2.94,2.83,2.93,3.29,0.0,0.0,0.0,0.0,0.0,1.3,60.92,2.244,430.0,2.65,1245.0,504.0,1749.0,0.246,0.288,2.64,2.52,,,108.0,11.67%,28.66%,60%,12.6,30.95,64.44,108.0,33.48,10.0,64.8,43.2,0.179,1.0,0.107,0.672,0.0,4.3,131.8,0.31,22.0,,,,,25.0,1.0,24,,100.0,200.0,,,,,,,,,,26.9697,,,,,,26.0,,,,,,,,,,,,,,,23.1034,,,,,
745.0,[65],0.55AAS10M7mmLS,31.32,13.96,15.64,25.79,2.94,2.83,2.93,3.29,0.0,0.0,0.0,0.0,0.0,1.3,60.92,2.244,428.0,2.65,1191.0,487.0,1678.0,0.255,0.29,2.64,2.52,,,118.0,11.67%,28.66%,60%,13.77,33.82,70.41,118.0,36.58,10.0,70.8,47.2,0.197,1.0,0.118,0.672,0.0,4.3,143.8,0.34,19.0,,,,,25.0,1.0,24,,100.0,200.0,,,,,,,,,,31.3636,,,,,,30.0,,,,,,,,,,,,,,,21.1494,,,,,
746.0,[65],0.55AAS10M10mmLS,31.32,13.96,15.64,25.79,2.94,2.83,2.93,3.29,0.0,0.0,0.0,0.0,0.0,1.3,60.92,2.244,409.0,2.65,1231.0,501.0,1732.0,0.236,0.289,2.64,2.52,,,113.0,11.67%,28.66%,60%,13.19,32.39,67.43,113.0,35.03,10.0,67.8,45.2,0.197,1.0,0.118,0.672,0.0,4.1,137.7,0.34,20.0,,,,,25.0,1.0,24,,100.0,200.0,,,,,,,,,,29.697,,,,,,29.0,,,,,,,,,,,,,,,23.908,,,,,
747.0,[65],0.55AAS10M6mmLS,31.32,13.96,15.64,25.79,2.94,2.83,2.93,3.29,0.0,0.0,0.0,0.0,0.0,1.3,60.92,2.244,391.0,2.65,1273.0,515.0,1788.0,0.219,0.288,2.64,2.52,,,108.0,11.67%,28.66%,60%,12.6,30.95,64.44,108.0,33.48,10.0,64.8,43.2,0.197,1.0,0.118,0.672,0.0,3.9,131.6,0.34,21.0,,,,,25.0,1.0,24,,100.0,200.0,,,,,,,,,,27.5758,,,,,,27.0,,,,,,,,,,,,,,,23.908,,,,,
748.0,[65],0.60AAS10M7mmLS,31.32,13.96,15.64,25.79,2.94,2.83,2.93,3.29,0.0,0.0,0.0,0.0,0.0,1.3,60.92,2.244,392.0,2.65,1216.0,497.0,1713.0,0.229,0.29,2.64,2.52,,,118.0,11.67%,28.66%,60%,13.77,33.82,70.41,118.0,36.58,10.0,70.8,47.2,0.215,1.0,0.128,0.672,0.0,3.9,143.6,0.37,22.0,,,,,25.0,1.0,24,,100.0,200.0,,,,,,,,,,25.0,,,,,,24.0,,,,,,,,,,,,,,,24.2529,,,,,
749.0,[65],0.60AAS10M10mmLS,31.32,13.96,15.64,25.79,2.94,2.83,2.93,3.29,0.0,0.0,0.0,0.0,0.0,1.3,60.92,2.244,375.0,2.65,1255.0,511.0,1766.0,0.212,0.289,2.64,2.52,,,113.0,11.67%,28.66%,60%,13.19,32.39,67.43,113.0,35.03,10.0,67.8,45.2,0.215,1.0,0.129,0.672,0.0,3.8,137.5,0.37,22.0,,,,,25.0,1.0,24,,100.0,200.0,,,,,,,,,,20.9091,,,,,,20.0,,,,,,,,,,,,,,,27.5862,,,,,
750.0,[65],0.60AAS10M16mmLS,31.32,13.96,15.64,25.79,2.94,2.83,2.93,3.29,0.0,0.0,0.0,0.0,0.0,1.3,60.92,2.244,359.0,2.65,1296.0,525.0,1821.0,0.197,0.288,2.64,2.52,,,108.0,11.67%,28.66%,60%,12.6,30.95,64.44,108.0,33.48,10.0,64.8,43.2,0.215,1.0,0.128,0.672,0.0,3.6,131.4,0.37,22.0,,,,,25.0,1.0,24,,100.0,200.0,,,,,,,,,,20.1515,,,,,,20.0,,,,,,,,,,,,,,,22.069,,,,,
751.0,[65],0.45AAS15M7mmLS,31.32,13.96,15.64,25.79,2.94,2.83,2.93,3.29,0.0,0.0,0.0,0.0,0.0,1.3,60.92,2.244,523.0,2.65,1126.0,460.0,1586.0,0.33,0.29,2.64,2.52,,,118.0,11.67%,28.66%,60%,13.77,33.82,70.41,118.0,54.87,15.0,47.2,70.8,0.196,1.0,0.131,0.493,0.0,5.2,120.7,0.23,19.0,,,,,25.0,1.0,24,,100.0,200.0,,,,,,,,,,35.303,,,,,,34.0,,,,,,,,,,,,,,,27.2414,,,,,
752.0,[65],0.45AAS150M10mmLS,31.32,13.96,15.64,25.79,2.94,2.83,2.93,3.29,0.0,0.0,0.0,0.0,0.0,1.3,60.92,2.244,500.0,2.65,1168.0,475.0,1643.0,0.304,0.289,2.64,2.52,,,113.0,11.67%,28.66%,60%,13.19,32.39,67.43,113.0,52.55,15.0,45.2,67.8,0.196,1.0,0.131,0.493,0.0,5.0,115.6,0.23,19.0,,,,,25.0,1.0,24,,100.0,200.0,,,,,,,,,,31.8182,,,,,,31.0,,,,,,,,,,,,,,,27.1264,,,,,
753.0,[65],0.45AAS15M16mmLS,31.32,13.96,15.64,25.79,2.94,2.83,2.93,3.29,0.0,0.0,0.0,0.0,0.0,1.3,60.92,2.244,478.0,2.65,1212.0,491.0,1703.0,0.281,0.288,2.64,2.52,,,108.0,11.67%,28.66%,60%,12.6,30.95,64.44,108.0,50.22,15.0,43.2,64.8,0.196,1.0,0.131,0.493,0.0,4.8,110.5,0.23,20.0,,,,,25.0,1.0,24,,100.0,200.0,,,,,,,,,,30.6061,,,,,,30.0,,,,,,,,,,,,,,,20.2299,,,,,
754.0,[65],0.50AAS15M7mmLS,31.32,13.96,15.64,25.79,2.94,2.83,2.93,3.29,0.0,0.0,0.0,0.0,0.0,1.3,60.92,2.244,470.0,2.65,1163.0,475.0,1638.0,0.287,0.29,2.64,2.52,,,118.0,11.67%,28.66%,60%,13.77,33.82,70.41,118.0,54.87,15.0,47.2,70.8,0.218,1.0,0.146,0.493,0.0,4.7,120.4,0.26,19.0,,,,,25.0,1.0,24,,100.0,200.0,,,,,,,,,,35.7576,,,,,,35.0,,,,,,,,,,,,,,,25.5172,,,,,
755.0,[65],0.50AAS15M10mmLS,31.32,13.96,15.64,25.79,2.94,2.83,2.93,3.29,0.0,0.0,0.0,0.0,0.0,1.3,60.92,2.244,450.0,2.65,1203.0,490.0,1693.0,0.266,0.289,2.64,2.52,,,113.0,11.67%,28.66%,60%,13.19,32.39,67.43,113.0,52.55,15.0,45.2,67.8,0.218,1.0,0.146,0.493,0.0,4.5,115.3,0.26,18.0,,,,,25.0,1.0,24,,100.0,200.0,,,,,,,,,,34.3939,,,,,,33.0,,,,,,,,,,,,,,,27.0115,,,,,
756.0,[65],0.50AAS15M16mmLS,31.32,13.96,15.64,25.79,2.94,2.83,2.93,3.29,0.0,0.0,0.0,0.0,0.0,1.3,60.92,2.244,430.0,2.65,1246.0,505.0,1751.0,0.246,0.288,2.64,2.52,,,108.0,11.67%,28.66%,60%,12.6,30.95,64.44,108.0,50.22,15.0,43.2,64.8,0.218,1.0,0.146,0.493,0.0,4.3,110.2,0.26,19.0,,,,,25.0,1.0,24,,100.0,200.0,,,,,,,,,,33.0303,,,,,,32.0,,,,,,,,,,,,,,,25.5172,,,,,
757.0,[65],0.55AASB15M7mmLS,31.32,13.96,15.64,25.79,2.94,2.83,2.93,3.29,0.0,0.0,0.0,0.0,0.0,1.3,60.92,2.244,428.0,2.65,1193.0,487.0,1680.0,0.255,0.29,2.64,2.52,,,118.0,11.67%,28.66%,60%,13.77,33.82,70.41,118.0,54.87,15.0,47.2,70.8,0.239,1.0,0.16,0.493,0.0,4.3,120.2,0.28,19.0,,,,,25.0,1.0,24,,100.0,200.0,,,,,,,,,,32.2727,,,,,,31.0,,,,,,,,,,,,,,,26.4368,,,,,
758.0,[65],0.55AAS15M10mmLS,31.32,13.96,15.64,25.79,2.94,2.83,2.93,3.29,0.0,0.0,0.0,0.0,0.0,1.3,60.92,2.244,409.0,2.65,1232.0,502.0,1734.0,0.236,0.29,2.64,2.52,,,113.0,11.67%,28.66%,60%,13.19,32.39,67.43,113.0,52.55,15.0,45.2,67.8,0.24,1.0,0.161,0.493,0.0,4.1,115.1,0.28,22.0,,,,,25.0,1.0,24,,100.0,200.0,,,,,,,,,,32.8788,,,,,,32.0,,,,,,,,,,,,,,,28.5057,,,,,
759.0,[65],0.55AAS15M16mmLS,31.32,13.96,15.64,25.79,2.94,2.83,2.93,3.29,0.0,0.0,0.0,0.0,0.0,1.3,60.92,2.244,391.0,2.65,1274.0,516.0,1790.0,0.218,0.288,2.64,2.52,,,108.0,11.67%,28.66%,60%,12.6,30.95,64.44,108.0,50.22,15.0,43.2,64.8,0.24,1.0,0.161,0.493,0.0,3.9,110.0,0.28,21.0,,,,,25.0,1.0,24,,100.0,200.0,,,,,,,,,,32.1212,,,,,,31.0,,,,,,,,,,,,,,,25.4023,,,,,
760.0,[65],0.60AASB15M7mmLS,31.32,13.96,15.64,25.79,2.94,2.83,2.93,3.29,0.0,0.0,0.0,0.0,0.0,1.3,60.92,2.244,392.0,2.65,1218.0,498.0,1716.0,0.228,0.29,2.64,2.52,,,118.0,11.67%,28.66%,60%,13.77,33.82,70.41,118.0,54.87,15.0,47.2,70.8,0.261,1.0,0.175,0.493,0.0,3.9,120.0,0.31,21.0,,,,,25.0,1.0,24,,100.0,200.0,,,,,,,,,,18.7879,,,,,,18.0,,,,,,,,,,,,,,,19.3103,,,,,
761.0,[65],0.60AAS15M10mmLS,31.32,13.96,15.64,25.79,2.94,2.83,2.93,3.29,0.0,0.0,0.0,0.0,0.0,1.3,60.92,2.244,375.0,2.65,1257.0,512.0,1769.0,0.212,0.289,2.64,2.52,,,113.0,11.67%,28.66%,60%,13.19,32.39,67.43,113.0,52.55,15.0,45.2,67.8,0.262,1.0,0.175,0.493,0.0,3.8,114.9,0.31,22.0,,,,,25.0,1.0,24,,100.0,200.0,,,,,,,,,,19.0909,,,,,,19.0,,,,,,,,,,,,,,,19.3103,,,,,
762.0,[65],0.60AAS15M16mmLS,31.32,13.96,15.64,25.79,2.94,2.83,2.93,3.29,0.0,0.0,0.0,0.0,0.0,1.3,60.92,2.244,359.0,2.65,1298.0,525.0,1823.0,0.197,0.288,2.64,2.52,,,108.0,11.67%,28.66%,60%,12.6,30.95,64.44,108.0,50.22,15.0,43.2,64.8,0.261,1.0,0.175,0.493,0.0,3.6,109.8,0.31,20.0,,,,,25.0,1.0,24,,100.0,200.0,,,,,,,,,,15.7576,,,,,,15.0,,,,,,,,,,,,,,,28.7356,,,,,
763.0,[66],1,42.04,33.6,4.0,12.73,0.0,0.0,0.0,0.0,0.0,0.0,0.0,0.0,0.0,0.0,79.64,1.251,427.0,,1276.8,547.0,1823.8,0.234,0.3,2.713,2.66,,,106.75,14.70%,29.40%,55.90%,15.69,31.38,59.67,42.7,10.59,8.0,29.04,13.66,0.135,2.5,0.062,1.194,0.0,0.0,88.7,0.21,,,,,1.0,40.0,0.0,24,150.0,,,,,,33.86,,,,,,,,,,,,27.0,,,,,3.25,,,,,2.97,,,,,,,,,,
764.0,[66],2,42.04,33.6,4.0,12.73,0.0,0.0,0.0,0.0,0.0,0.0,0.0,0.0,0.0,0.0,79.64,1.251,427.0,,1276.8,547.0,1823.8,0.234,0.3,2.713,2.66,,,106.75,14.70%,29.40%,55.90%,15.69,31.38,59.67,42.7,10.59,8.0,29.04,13.66,0.135,2.5,0.062,1.194,0.0,0.0,88.7,0.21,,,,,1.0,60.0,0.0,24,150.0,,,,,,35.2,,,,,,,,,,,,28.0,,,,,3.33,,,,,3.05,,,,,,,,,,
765.0,[66],3,42.04,33.6,4.0,12.73,0.0,0.0,0.0,0.0,0.0,0.0,0.0,0.0,0.0,0.0,79.64,1.251,427.0,,1276.8,547.0,1823.8,0.234,0.3,2.713,2.66,,,106.75,14.70%,29.40%,55.90%,15.69,31.38,59.67,42.7,10.59,8.0,29.04,13.66,0.135,2.5,0.062,1.194,0.0,0.0,88.7,0.21,,,,,1.0,80.0,0.0,24,150.0,,,,,,38.17,,,,,,,,,,,,31.0,,,,,3.4,,,,,3.11,,,,,,,,,,
766.0,[66],4,42.04,33.6,4.0,12.73,0.0,0.0,0.0,0.0,0.0,0.0,0.0,0.0,0.0,0.0,79.64,1.251,427.0,,1276.8,547.0,1823.8,0.234,0.3,2.713,2.66,,,106.75,14.70%,29.40%,55.90%,15.69,31.38,59.67,42.7,10.59,8.0,29.04,13.66,0.135,2.5,0.062,1.194,0.0,0.0,88.7,0.21,,,,,1.0,100.0,0.0,24,150.0,,,,,,38.88,,,,,,,,,,,,31.0,,,,,3.47,,,,,3.18,,,,,,,,,,
767.0,[66],5,42.04,33.6,4.0,12.73,0.0,0.0,0.0,0.0,0.0,0.0,0.0,0.0,0.0,0.0,79.64,1.251,427.0,,1276.8,547.0,1823.8,0.234,0.3,2.713,2.66,,,106.75,14.70%,29.40%,55.90%,15.69,31.38,59.67,42.7,13.24,10.0,25.62,17.08,0.141,2.5,0.068,1.085,0.0,0.0,85.3,0.2,,,,,1.0,40.0,0.0,24,150.0,,,,,,37.63,,,,,,,,,,,,30.0,,,,,3.44,,,,,3.15,,,,,,,,,,
768.0,[66],6,42.04,33.6,4.0,12.73,0.0,0.0,0.0,0.0,0.0,0.0,0.0,0.0,0.0,0.0,79.64,1.251,427.0,,1276.8,547.0,1823.8,0.234,0.3,2.713,2.66,,,106.75,14.70%,29.40%,55.90%,15.69,31.38,59.67,42.7,13.24,10.0,25.62,17.08,0.141,2.5,0.068,1.085,0.0,0.0,85.3,0.2,,,,,1.0,60.0,0.0,24,150.0,,,,,,39.21,,,,,,,,,,,,31.0,,,,,3.5,,,,,3.2,,,,,,,,,,
769.0,[66],7,42.04,33.6,4.0,12.73,0.0,0.0,0.0,0.0,0.0,0.0,0.0,0.0,0.0,0.0,79.64,1.251,427.0,,1276.8,547.0,1823.8,0.234,0.3,2.713,2.66,,,106.75,14.70%,29.40%,55.90%,15.69,31.38,59.67,42.7,13.24,10.0,25.62,17.08,0.141,2.5,0.068,1.085,0.0,0.0,85.3,0.2,,,,,1.0,80.0,0.0,24,150.0,,,,,,42.11,,,,,,,,,,,,34.0,,,,,3.57,,,,,3.27,,,,,,,,,,
770.0,[66],8,42.04,33.6,4.0,12.73,0.0,0.0,0.0,0.0,0.0,0.0,0.0,0.0,0.0,0.0,79.64,1.251,427.0,,1276.8,547.0,1823.8,0.234,0.3,2.713,2.66,,,106.75,14.70%,29.40%,55.90%,15.69,31.38,59.67,42.7,13.24,10.0,25.62,17.08,0.141,2.5,0.068,1.085,0.0,0.0,85.3,0.2,,,,,1.0,100.0,0.0,24,150.0,,,,,,43.5,,,,,,,,,,,,35.0,,,,,3.61,,,,,3.3,,,,,,,,,,
771.0,[66],9,42.04,33.6,4.0,12.73,0.0,0.0,0.0,0.0,0.0,0.0,0.0,0.0,0.0,0.0,79.64,1.251,427.0,,1276.8,547.0,1823.8,0.234,0.3,2.713,2.66,,,106.75,14.70%,29.40%,55.90%,15.69,31.38,59.67,42.7,15.88,12.0,22.2,20.5,0.147,2.5,0.074,0.994,0.0,0.0,81.9,0.19,,,,,1.0,40.0,0.0,24,150.0,,,,,,40.33,,,,,,,,,,,,32.0,,,,,3.57,,,,,3.27,,,,,,,,,,
772.0,[66],10,42.04,33.6,4.0,12.73,0.0,0.0,0.0,0.0,0.0,0.0,0.0,0.0,0.0,0.0,79.64,1.251,427.0,,1276.8,547.0,1823.8,0.234,0.3,2.713,2.66,,,106.75,14.70%,29.40%,55.90%,15.69,31.38,59.67,42.7,15.88,12.0,22.2,20.5,0.147,2.5,0.074,0.994,0.0,0.0,81.9,0.19,,,,,1.0,60.0,0.0,24,150.0,,,,,,41.82,,,,,,,,,,,,33.0,,,,,3.61,,,,,3.3,,,,,,,,,,
773.0,[66],11,42.04,33.6,4.0,12.73,0.0,0.0,0.0,0.0,0.0,0.0,0.0,0.0,0.0,0.0,79.64,1.251,427.0,,1276.8,547.0,1823.8,0.234,0.3,2.713,2.66,,,106.75,14.70%,29.40%,55.90%,15.69,31.38,59.67,42.7,15.88,12.0,22.2,20.5,0.147,2.5,0.074,0.994,0.0,0.0,81.9,0.19,,,,,1.0,80.0,0.0,24,150.0,,,,,,44.47,,,,,,,,,,,,36.0,,,,,3.64,,,,,3.33,,,,,,,,,,
774.0,[66],12,42.04,33.6,4.0,12.73,0.0,0.0,0.0,0.0,0.0,0.0,0.0,0.0,0.0,0.0,79.64,1.251,427.0,,1276.8,547.0,1823.8,0.234,0.3,2.713,2.66,,,106.75,14.70%,29.40%,55.90%,15.69,31.38,59.67,42.7,15.88,12.0,22.2,20.5,0.147,2.5,0.074,0.994,0.0,0.0,81.9,0.19,,,,,1.0,100.0,0.0,24,150.0,,,,,,44.89,,,,,,,,,,,,36.0,,,,,3.68,,,,,3.37,,,,,,,,,,
775.0,[66],13,42.04,33.6,4.0,12.73,0.0,0.0,0.0,0.0,0.0,0.0,0.0,0.0,0.0,0.0,79.64,1.251,427.0,,1276.8,547.0,1823.8,0.234,0.3,2.713,2.66,,,106.75,14.70%,29.40%,55.90%,15.69,31.38,59.67,42.7,18.53,14.0,18.79,23.91,0.154,2.5,0.08,0.917,0.0,0.0,78.5,0.18,,,,,1.0,40.0,0.0,24,150.0,,,,,,42.57,,,,,,,,,,,,34.0,,,,,3.69,,,,,3.38,,,,,,,,,,
776.0,[66],14,42.04,33.6,4.0,12.73,0.0,0.0,0.0,0.0,0.0,0.0,0.0,0.0,0.0,0.0,79.64,1.251,427.0,,1276.8,547.0,1823.8,0.234,0.3,2.713,2.66,,,106.75,14.70%,29.40%,55.90%,15.69,31.38,59.67,42.7,18.53,14.0,18.79,23.91,0.154,2.5,0.08,0.917,0.0,0.0,78.5,0.18,,,,,1.0,60.0,0.0,24,150.0,,,,,,43.54,,,,,,,,,,,,35.0,,,,,3.71,,,,,3.39,,,,,,,,,,
777.0,[66],15,42.04,33.6,4.0,12.73,0.0,0.0,0.0,0.0,0.0,0.0,0.0,0.0,0.0,0.0,79.64,1.251,427.0,,1276.8,547.0,1823.8,0.234,0.3,2.713,2.66,,,106.75,14.70%,29.40%,55.90%,15.69,31.38,59.67,42.7,18.53,14.0,18.79,23.91,0.154,2.5,0.08,0.917,0.0,0.0,78.5,0.18,,,,,1.0,80.0,0.0,24,150.0,,,,,,46.23,,,,,,,,,,,,37.0,,,,,3.74,,,,,3.42,,,,,,,,,,
778.0,[66],16,42.04,33.6,4.0,12.73,0.0,0.0,0.0,0.0,0.0,0.0,0.0,0.0,0.0,0.0,79.64,1.251,427.0,,1276.8,547.0,1823.8,0.234,0.3,2.713,2.66,,,106.75,14.70%,29.40%,55.90%,15.69,31.38,59.67,42.7,18.53,14.0,18.79,23.91,0.154,2.5,0.08,0.917,0.0,0.0,78.5,0.18,,,,,1.0,100.0,0.0,24,150.0,,,,,,46.86,,,,,,,,,,,,37.0,,,,,3.78,,,,,3.46,,,,,,,,,,
779.0,[66],17,42.04,33.6,4.0,12.73,0.0,0.0,0.0,0.0,0.0,0.0,0.0,0.0,0.0,0.0,79.64,1.251,427.0,,1276.8,547.0,1823.8,0.234,0.3,2.713,2.66,,,106.75,14.70%,29.40%,55.90%,15.69,31.38,59.67,42.7,21.18,16.0,15.37,27.33,0.16,2.5,0.086,0.851,0.0,0.0,75.0,0.18,,,,,1.0,40.0,0.0,24,150.0,,,,,,40.73,,,,,,,,,,,,33.0,,,,,3.55,,,,,3.25,,,,,,,,,,
780.0,[66],18,42.04,33.6,4.0,12.73,0.0,0.0,0.0,0.0,0.0,0.0,0.0,0.0,0.0,0.0,79.64,1.251,427.0,,1276.8,547.0,1823.8,0.234,0.3,2.713,2.66,,,106.75,14.70%,29.40%,55.90%,15.69,31.38,59.67,42.7,21.18,16.0,15.37,27.33,0.16,2.5,0.086,0.851,0.0,0.0,75.0,0.18,,,,,1.0,60.0,0.0,24,150.0,,,,,,41.93,,,,,,,,,,,,34.0,,,,,3.7,,,,,3.39,,,,,,,,,,
781.0,[66],19,42.04,33.6,4.0,12.73,0.0,0.0,0.0,0.0,0.0,0.0,0.0,0.0,0.0,0.0,79.64,1.251,427.0,,1276.8,547.0,1823.8,0.234,0.3,2.713,2.66,,,106.75,14.70%,29.40%,55.90%,15.69,31.38,59.67,42.7,21.18,16.0,15.37,27.33,0.16,2.5,0.086,0.851,0.0,0.0,75.0,0.18,,,,,1.0,80.0,0.0,24,150.0,,,,,,44.67,,,,,,,,,,,,36.0,,,,,3.74,,,,,3.42,,,,,,,,,,
782.0,[66],20,42.04,33.6,4.0,12.73,0.0,0.0,0.0,0.0,0.0,0.0,0.0,0.0,0.0,0.0,79.64,1.251,427.0,,1276.8,547.0,1823.8,0.234,0.3,2.713,2.66,,,106.75,14.70%,29.40%,55.90%,15.69,31.38,59.67,42.7,21.18,16.0,15.37,27.33,0.16,2.5,0.086,0.851,0.0,0.0,75.0,0.18,,,,,1.0,100.0,0.0,24,150.0,,,,,,45.37,,,,,,,,,,,,36.0,,,,,3.77,,,,,3.45,,,,,,,,,,
783.0,[66],21,42.04,33.6,4.0,12.73,0.0,0.0,0.0,0.0,0.0,0.0,0.0,0.0,0.0,0.0,79.64,1.251,427.0,,1276.8,547.0,1823.8,0.234,0.3,2.713,2.66,,,76.25,14.70%,29.40%,55.90%,11.21,22.42,42.62,30.5,13.24,14.0,13.42,17.08,0.11,2.5,0.057,0.917,0.0,0.0,56.0,0.13,,,,,1.0,80.0,0.0,24,150.0,,,,,,42.37,,,,,,,,,,,,34.0,,,,,3.72,,,,,3.4,,,,,,,,,,
784.0,[66],22,42.04,33.6,4.0,12.73,0.0,0.0,0.0,0.0,0.0,0.0,0.0,0.0,0.0,0.0,79.64,1.251,427.0,,1276.8,547.0,1823.8,0.234,0.3,2.713,2.66,,,91.5,14.70%,29.40%,55.90%,13.45,26.9,51.15,36.6,15.88,14.0,16.1,20.5,0.132,2.5,0.069,0.917,0.0,0.0,67.3,0.16,,,,,1.0,80.0,0.0,24,150.0,,,,,,44.67,,,,,,,,,,,,36.0,,,,,3.76,,,,,3.44,,,,,,,,,,
785.0,[66],23,42.04,33.6,4.0,12.73,0.0,0.0,0.0,0.0,0.0,0.0,0.0,0.0,0.0,0.0,79.64,1.251,427.0,,1276.8,547.0,1823.8,0.234,0.3,2.713,2.66,,,122.0,14.70%,29.40%,55.90%,17.93,35.87,68.2,48.8,21.18,14.0,21.47,27.33,0.176,2.5,0.092,0.917,0.0,0.0,89.7,0.21,,,,,1.0,80.0,0.0,24,150.0,,,,,,46.16,,,,,,,,,,,,37.0,,,,,3.79,,,,,3.47,,,,,,,,,,
786.0,[66],24,42.04,33.6,4.0,12.73,0.0,0.0,0.0,0.0,0.0,0.0,0.0,0.0,0.0,0.0,79.64,1.251,427.0,,1276.8,547.0,1823.8,0.234,0.3,2.713,2.66,,,137.25,14.70%,29.40%,55.90%,20.18,40.35,76.72,54.9,23.83,14.0,24.16,30.74,0.198,2.5,0.103,0.917,0.0,0.0,100.9,0.24,,,,,1.0,80.0,0.0,24,150.0,,,,,,45.87,,,,,,,,,,,,37.0,,,,,3.81,,,,,3.49,,,,,,,,,,
787.0,[66],25,42.04,33.6,4.0,12.73,0.0,0.0,0.0,0.0,0.0,0.0,0.0,0.0,0.0,0.0,79.64,1.251,427.0,,1276.8,547.0,1823.8,0.234,0.3,2.713,2.66,,,114.9615385,14.70%,29.40%,55.90%,16.9,33.8,64.26,34.49,14.97,14.0,15.17,19.31,0.154,3.333,0.075,1.061,0.0,0.0,79.4,0.19,,,,,1.0,80.0,0.0,24,150.0,,,,,,45.65,,,,,,,,,,,,37.0,,,,,3.76,,,,,3.44,,,,,,,,,,
788.0,[66],26,42.04,33.6,4.0,12.73,0.0,0.0,0.0,0.0,0.0,0.0,0.0,0.0,0.0,0.0,79.64,1.251,427.0,,1276.8,547.0,1823.8,0.234,0.3,2.713,2.66,,,110.7037037,14.70%,29.40%,55.90%,16.27,32.55,61.88,38.75,16.82,14.0,17.05,21.7,0.154,2.857,0.077,0.984,0.0,0.0,78.9,0.18,,,,,1.0,80.0,0.0,24,150.0,,,,,,46.16,,,,,,,,,,,,37.0,,,,,3.73,,,,,3.41,,,,,,,,,,
789.0,[66],27,42.04,33.6,4.0,12.73,0.0,0.0,0.0,0.0,0.0,0.0,0.0,0.0,0.0,0.0,79.64,1.251,427.0,,1276.8,547.0,1823.8,0.234,0.3,2.713,2.66,,,103.0689655,14.70%,29.40%,55.90%,15.15,30.3,57.62,46.38,20.13,14.0,20.41,25.97,0.154,2.222,0.083,0.859,0.0,0.0,78.0,0.18,,,,,1.0,80.0,0.0,24,150.0,,,,,,45.57,,,,,,,,,,,,36.0,,,,,3.71,,,,,3.39,,,,,,,,,,
790.0,[66],28,42.04,33.6,4.0,12.73,0.0,0.0,0.0,0.0,0.0,0.0,0.0,0.0,0.0,0.0,79.64,1.251,427.0,,1276.8,547.0,1823.8,0.234,0.3,2.713,2.66,,,99.63333333,14.70%,29.40%,55.90%,14.65,29.29,55.7,49.82,21.62,14.0,21.92,27.9,0.154,2.0,0.085,0.808,0.0,0.0,77.6,0.18,,,,,1.0,80.0,0.0,24,150.0,,,,,,43.89,,,,,,,,,,,,35.0,,,,,3.68,,,,,3.37,,,,,,,,,,
791.0,[66],pre 1,42.04,33.6,4.0,12.73,0.0,0.0,0.0,0.0,0.0,0.0,0.0,0.0,0.0,0.0,79.64,1.251,427.0,,1276.8,547.0,1823.8,0.234,0.3,2.713,2.66,,,106.75,14.70%,29.40%,55.90%,15.69,31.38,59.67,42.7,18.53,14.0,18.79,23.91,0.154,2.5,0.08,0.917,0.0,0.0,78.5,0.18,,,,,1.0,60.0,1.0,24,150.0,,,,,,46.86,,,,,,,,,,,,37.0,,,,,,,,,,,,,,,,,,,,
792.0,[66],pre 2,42.04,33.6,4.0,12.73,0.0,0.0,0.0,0.0,0.0,0.0,0.0,0.0,0.0,0.0,79.64,1.251,427.0,,1276.8,547.0,1823.8,0.234,0.3,2.713,2.66,,,106.75,14.70%,29.40%,55.90%,15.69,31.38,59.67,42.7,18.53,14.0,18.79,23.91,0.154,2.5,0.08,0.917,0.0,0.0,78.5,0.18,,,,,1.0,60.0,2.0,24,150.0,,,,,,47.58,,,,,,,,,,,,38.0,,,,,,,,,,,,,,,,,,,,
793.0,[66],pre 3,42.04,33.6,4.0,12.73,0.0,0.0,0.0,0.0,0.0,0.0,0.0,0.0,0.0,0.0,79.64,1.251,427.0,,1276.8,547.0,1823.8,0.234,0.3,2.713,2.66,,,106.75,14.70%,29.40%,55.90%,15.69,31.38,59.67,42.7,18.53,14.0,18.79,23.91,0.154,2.5,0.08,0.917,0.0,0.0,78.5,0.18,,,,,1.0,60.0,3.0,24,150.0,,,,,,47.92,,,,,,,,,,,,38.0,,,,,,,,,,,,,,,,,,,,
794.0,[67],,50.76,27.32,4.64,5.4,3.72,0.8,4.85,2.0,1.16,0.0,0.0,0.0,0.0,0.0,82.72,1.858,280.0,,1309.0,561.0,1870.0,0.15,0.3,,,,,126.0,8.83%,27.64%,64%,11.13,34.83,80.05,84.0,31.25,12.0,43.68,40.32,0.276,1.5,0.151,0.822,0.0,0.0,123.7,0.44,,,,,,25.0,,24,100.0,,,,,2.9,25.4,,,,,,,,,,,2.0,19.0,,,,,,,,,,,,,,,,,,,,
795.0,[67],,50.76,27.32,4.64,5.4,3.72,0.8,4.85,2.0,1.16,0.0,0.0,0.0,0.0,0.0,82.72,1.858,280.0,,1309.0,561.0,1870.0,0.15,0.3,,,,,126.0,8.83%,27.64%,64%,11.13,34.83,80.05,84.0,31.25,12.0,43.68,40.32,0.276,1.5,0.151,0.822,0.0,0.0,123.7,0.44,,,,,,25.0,,24,100.0,,,,,2.9,24.4,,,,,,,,,,,2.0,19.0,,,,,,,,,,,,,,,,,,,,
796.0,[67],,50.76,27.32,4.64,5.4,3.72,0.8,4.85,2.0,1.16,0.0,0.0,0.0,0.0,0.0,82.72,1.858,280.0,,1309.0,561.0,1870.0,0.15,0.3,,,,,126.0,8.83%,27.64%,64%,11.13,34.83,80.05,84.0,31.25,12.0,43.68,40.32,0.276,1.5,0.151,0.822,0.0,0.0,123.7,0.44,,,,,1.0,80.0,,24,100.0,,,,38.1,40.8,43.3,,,,,,,,,,29.0322,31.0,33.0,,,,,,,,,,,,,,,,,,,,
797.0,[67],,50.76,27.32,4.64,5.4,3.72,0.8,4.85,2.0,1.16,0.0,0.0,0.0,0.0,0.0,82.72,1.858,280.0,,1309.0,561.0,1870.0,0.15,0.3,,,,,126.0,8.83%,27.64%,64%,11.13,34.83,80.05,84.0,31.25,12.0,43.68,40.32,0.276,1.5,0.151,0.822,0.0,0.0,123.7,0.44,,,,,1.0,80.0,,24,100.0,,,,39.8,42.7,49.1,,,,,,,,,,30.3276,33.0,37.0,,,,,,,,,,,,,,,,,,,,
798.0,[67],,50.76,27.32,4.64,5.4,3.72,0.8,4.85,2.0,1.16,0.0,0.0,0.0,0.0,0.0,82.72,1.858,280.0,,1309.0,561.0,1870.0,0.15,0.3,,,,,126.0,8.83%,27.64%,64%,11.13,34.83,80.05,84.0,31.25,12.0,43.68,40.32,0.276,1.5,0.151,0.822,0.0,0.0,123.7,0.44,,,,,1.0,80.0,1.0,24,100.0,,,,43.4,45.2,48.1,,,,,,,,,,33.0708,34.0,37.0,,,,,,,,,,,,,,,,,,,,
799.0,[67],,50.76,27.32,4.64,5.4,3.72,0.8,4.85,2.0,1.16,0.0,0.0,0.0,0.0,0.0,82.72,1.858,280.0,,1309.0,561.0,1870.0,0.15,0.3,,,,,126.0,8.83%,27.64%,64%,11.13,34.83,80.05,84.0,31.25,12.0,43.68,40.32,0.276,1.5,0.151,0.822,0.0,0.0,123.7,0.44,,,,,1.0,80.0,1.0,24,100.0,,,,41.1,44.1,49.1,,,,,,,,,,31.3182,34.0,37.0,,,,,,,,,,,,,,,,,,,,
,,,,,,,,,,,,,,,,,,,,,,,,,,,,,,,,,,,,,,,,,,,,,,,,,,,,,,,,,,,,,,,,,,,,,,,,,,,,,,,,,,,,,,,,,,,,,,,,
